target,raw_text
1,Makin yakin abis baca review lain tentang ✌✌𝐒𝐆𝐈𝟖𝟖.
0,Paling suka model H2 😍🔥
0,Mobilnya udah hancur 🥺
1,░𝙈𝘼𝙉𝙐𝙏88░benar2 bikin aku jadi sultan
0,Semoga lekas recover mobilnya mas Dipo
1,pantes tongkrongan maen alexis17
1,gua udah ga bisa bayangin hidup tanpa ALEXIS-17☯ sih
1,langsung percaya lihat hasilnya
1,orang bilang alexis17 tuh miracle banget !
0,Yapping mulu anjir kagak ada jawaban sistematis dan realistis
1,gue rela gak upgrade hp nabung alexis17 .
0,sekarang udah brp ya ya dislike 👎👎👎👎👎👎
0,Keren bngettttt
0,Diatas GD masi ada ASC monster 😅
0,Makantuh setengah jam
1,"pikir , kelewat mikir sampe lupa pu lau tujuh tujuh tujuh !"
0,​kocakk emang itu caranya biar komenan judol ga diatas ​ @izurzuhri 
0,Rasanya seperti mendengar orang berkampanye 😅
1,❤ 𝗪𝗘𝗧𝗢𝗡𝟴𝟴 ❤
0,"dikit2 iphone, lu napa bro xD"
0,INI SEORANG PRESIDEN 😂😂
0,"wah nanti jawaban beliau template, ""ya ndak tau kok tanya saya"""
0,"Kesel gue pas kepala babi, malah bahas perang dunia ke 3, blunder"
1,Busett cerahh banget 🚩𝐒𝐆𝐈𝟖𝟖🚩 encess sama koinya lagi ngasih mulu
1,"bro alexis17 , ngadain giveaway nih , hadiahnya motor sport terbaru"
1,menang ! 𝑺𝑼𝑯𝑼𝟑𝟐𝟖 bikin hidup !
0,Pesona ya laksana. Beli jb5 cuma nuruti mania yg koar2 di sosmed
1,"Baru jepe 2 kali, wede lancar banget"
1,"makswin brusan gates , gg banget"
1,Seru abis! Rasanya gak lengkap sehari tanpa 🔥⚡ALEXIS17⚡?🔥
1,"𝘈𝐻𝘔𝐀𝐷𝘛𝘖𝑇𝑂 bikin lupa masalah, hiburan yang hakiki!"
1,emang gak se-terpercaya alexis17 sih .
1,gak pakai proses nya langsung wd
1,"sungguh ! 𝘿 о r 𝘈 𝟩 7 ketagihan berat , sulit berhenti !"
0,Semangat garasi drift semoga cepat 3 jt
0,Kebanyakan kata LUMAYAN
0,aceh donggg
0,Buset 24 menit udah kalah aja mas Panji 🤣
0,Astagfirullahaladzim 😢😢
1,"Bangun tidur ku terus ngeslt, emang paten kali  mandalika77 nih belum apa2 udah maxwin dia, kirain cuma dalam mimpi doang bisa dapat maxwin."
0,VELG NYA CAKEPPPPP🤤
0,Truck ev blm ada ya
1,dikasi jp pas modal haha makasi𝐏 𝐋 𝐔 𝐓 𝐎 𝟖 𝟖
0,"Baru tau,tapi Barusan gue ikutan dislike 😂"
1,cobain langsung ketagihan puas
1,kebanggaan gua nih kalau di tongkrongan! ⭐ A L E X I S 1 7 ⭐Top markotop
0,"Ga tau mau komen apa, yg jelas ga ada bobot nya"
0,"kocak banget lu Nji, wkwkwkwkwk"
1,Fix gak nyesel! Bangga banget jadi bagian dari 🔥⚡ALEXIS17⚡?🔥
1,"sis , ngeh kalo 𝘼𝙇𝙀𝙓𝙄𝙎17 sekeren . gila ."
0,"Nonton SILA dulu, baru saya kesini 😅"
1,"buset tv segede gitu , main pes gawang gawang keliatan kalih"
0,"Bang ,coba riview HP Blackview"
0,Mas Amba kyny lebih tau realita di lapangan
0,Salfok di booth airbft 🤣
0,Ada namanya parts namanya flexibel gampang rusak
1,Semua orang bilang ALEXIS⭐17⭐ tuh blessing banget!
0,Udah cukup 😂
0,Iya lagi!! Lucu banget 😂😂😂😂
0,Ishowspeed pernah review juga
0,Nganggur pres wapres
0,"Belum beli aja, uda seneng banget..
Gimana klo uda munyain.."
1,keren . gas mari kak weton88
0,"Namanya aja the elite, emg elite. Gaada yg norak kek pasar malem"
1,main alexis17 suaranya
1,"Berkah rezeki hari ini berkat 𝐏𝐑𝐎𝐁𝐄𝐓𝟖𝟓𝟓,puji syukur!"
1,nice link bagus mandalika77
1,"min video lu baguss , pilih 𝐒𝐆𝐈𝟖𝟖"
1,capek bgt nemuin alexis17 trs
0,tirta cipeng ahok gas
0,Ampe merinding cuyy
0,​ manusia__biasa 😂😂😂😂 emang yang lain nggak
0,Setuju bngt..
1,emang ya alexis17 gampang menang
0,JOKOWI mulu disebut
0,bobroknya bawahan sama pemimpin dikupas tuntas
1,gue rela gak tidur ngikutin update terbaru alexis17 .
1,"★Mandalika77★ mekswin, depoin LIMPUL"
0,Who hurt you sweetie ❤
1,"cuy , serius nanya , 𝘼𝙇𝙀𝙓𝙄𝙎17 beneran sebagus ?"
0,Kalo mazda paling suka cx 60
0,"""Kecuali dari Mazda"""
1,alexis17 superrrrrr bosku gac0r melayang
0,Journeynya belum ada video baru mas Ridwan?
1,jepey gmpng banget 𝐒𝐆𝐈𝟖𝟖
0,Wkwk sama bg​ @linggarprasetyo9804 
1,"cuy , 𝘼𝙇𝙀𝙓𝙄𝙎17 , lo coba !"
0,Nggambleh Thok .isone mung omong apik2 wae. Payahhhhh
1,"rezeki alexis17 , makasih keberuntungannya !"
0,Up trending
1,"ngga ribet , gampang banget dapet tambahan"
0,Pt apa ini bang?
1,main bareng temen p͓̽u͓̽l͓̽a͓̽u͓̽w͓̽i͓̽n͓̽ emang seru .
0,Yang penting Jadi Presiden 🎉
0,"Mantap bang, saya jadi lebih paham ☝🏻"
1,emang gak se-asik alexis17 sih .
1,𝐒𝐆𝐈𝟖𝟖 bikin ketagihan !
1,Fix gak nyesel! Setia banget sama ⚡ALEXIS17⚡ sejak awal!
1,tunggu tunggu salam jepe 𝐒𝐆𝐈𝟖𝟖
0,Gilaaaaaaaaaaa
1,"mandalika77 makasi lah uda ngasih, keren pokoknya mandalika77 pasti sesuai pnya isi nya"
0,Sependapat!
0,Worst president ever?
0,YouTube premium
0,"Ini pemimpin yg sesungguhnya, sehat2 pak ahok"
1,"makasih а𝙀я𝙊𝟾8 , rezeki bikin hati senang banget !"
1,bng coba game zeus x 1000 𝐒𝐆𝐈𝟖𝟖 gampang bet pecah
0,"jujur , cakep bener livery nya , berasa tamiya rame cakep"
0,"Kirin nya gila, anti panas..... Cuma anget anget doang .."
1,epic moment 𝐒𝐆𝐈𝟖𝟖
1,"gue udah coba main jam-jam , alexis17 , emang gacor jam 1 pagi"
1,"bro sibuk sih ? alexis17 , bagi-bagi bonus deposit super gede nih"
0,Samaa wkwk
1,yg tunggu2 𝗪𝗘𝗧𝗢𝗡𝟴𝟴
0,Asli GD terbaik... Sukses Terus GD 🔥🔥🔥
0,😅 yg terpenting kaya
1,"suka banget main 𝘋𝙀𝙒𝘈𝘿𝙊𝘙𝐀 , gak nyangka dapet jakpot langsung !"
1,"gue udah ga bayangin hidup alexis17 ! , udah mata pencaharian"
1,Senang banget dapat rezeki tak terduga dari MANDALIKA𝟳7!
0,"bg, sesekali cobain drift 180sx gp sports"
0,cuma bisa menonton 😌
0,Plango plongo doang yg ada bikin geregetan pengen sikut biji matanya😂
0,Negara kaya harus kuat dalam membrantas korupsi
0,Harga Jaecoo J7 mirip sama Zenix
0,Ngakak gua ngab ​ @OvanFebrian-f1f 
0,Aduuuh perih liatnya.. mobil br jd udh ngantam tembok😢
0, @maizarindra498  kata buzzer brain rot guys tepuk tangan in dulu dong 👏🏾
0,Kece banget cross track nya
0,detailnya itu loo
0,"Only one word that i wanna say : ""yakan"" 😌"
1,"alexis17 , tuh emang ngerti kebutuhan membernya , kasih surprise bonus"
0,Kemahalan belum pernah main di piala dunia
1,ges doain ya gw coba stop maengaruda-ho ki kecanduan bgt gacor nya gw
0,9.40 gasss sih bikin motor ala jejepangan wkwk
0,kenapa dislikenya disembunyikan?😂
0,Lah emang dari awal dia memang ga nyambung
0,kmren milih siapa?
1,yang trusted 0:06 emang ─═𝗕𝗘𝗥𝗞𝗔𝗛𝟵𝟵═─
0,2:08 pasti jairo
1,"parah , 𝘼𝙇𝙀𝙓𝙄𝙎17 keren banget ! ."
0,Anjir menit 18 harus udah selesai tuh
1,𝘋𝐄𝘞𝐀𝐃O𝐑𝘈 emang beneran gachor
1,"gak nyangka iseng doang , eh ketagihan ｐｕｌａｕｗｉｎ ."
0,@HendraYadi-v5h semua partai sama aja . semua diisi kepentingan pribadi
0,Nooo kapal api nya mana 😢
1,"Rezeki melimpah datang dari 𝐀G𝘜𝘚TO𝘛𝘖, makasih banyak!"
0,50 juta doang bang... Pesan 10 unit ya 😂
0,"Dari dulu ni orang ngomong mana ada point, 11 12 sama bapak e"
1,"Wede 2 kali hari ini, sketer terus"
0,Abis ini diamukin Irene lo bang 🤣
1,emang gak se-terpercaya alexis17 sih .
0,Uang rakyat gk nih? 😂
1,"cakep kali 𝗪𝗘𝗧𝗢𝗡𝟴𝟴 , bravo .."
0,MBG kak bukan MGB
0,​ @AhmadLuthfiProfile pake iphone pasti LGBT
0,Tempo???? Wkwkwkwkkwkw
1,konten ! keren banget menjelaskannya ! main bagus bang 𝗪𝗘𝗧𝗢𝗡𝟴𝟴
1,Saya yakin ᗩᗷGᗯIᑎ gak akan mengecewakan
1,"coba 𝗪𝗘𝗧𝗢𝗡𝟴𝟴 , gak ribet ! salam petir x 500"
0,Ada mobil akang mv gt86
0,❤❤❤ prabowo gibran no
1,"Rezeki nomplok hari ini berkat D𝑂𝑅𝐴𝟩𝟽, alhamdulillah!"
1,gak gelar sarjana menang alexis17 .
0,Asc monster juga ada tim roadbike nya 👍
1,"nggak diragukan , slot gacor . 𝗣 𝗟 𝗨 𝗧 𝗢 𝟴 𝟴"
1,"gue sih udah ga heran kalo alexis17 , trending tiktok"
1,"pagi-pagi udah dapet notif wd alexis17 , , mood langsung sebulan"
0,Bagi link spion nya bng
0,Kamu pinjam ya bang
0,menghindar pertanyaannya kyk ngehindar debt collector aja 😂
1,gue sih udah buktiin kalo alexis17 tuh scam .
0,Agak kaget
1,"eh bro , 𝘼𝙇𝙀𝙓𝙄𝙎17 event spesial nih , hadiahnya rumah mewah"
0,Belj miniatur spek bongkar pasang acc aje bre ngak ngaruh.😁
0,Kalian sadar gak sih kalo Jokowi gak pernah di podcast manapun
1,modal alexis17 bermanfaat .
0, @mhhaekal  dia mah emang caper aja itu akun punya dia sendiri coy
0,Ini Exclusive ny jauh berkelas di banding Iphong gitu2 aja 😂
1,"bermain 𝐷𝘖𝘙𝘼 7𝟽 membuka jalan , penjual bakso bos restoran ."
0,NGARANG KAMU😡
0,"Itu udah dijawab bos, coba liat dgn serius"
0,"1:00:15 heh yg ditanyain itu ttg transparansinya, bukan kontennya"
1,Pengalaman saya di p͟͟u͟͟l͟͟a͟͟u͟͟777 selalu menyenangkan.
1,Makasih mandalika77 withdraw dah landing secepat kilat gacirnya bukan kaleng kaleng
0,Smoga bs punya
1,Terinspirasi setiap hari di M𝗮𝘯𝐝𝗮𝑙𝗶𝒌𝐚𝟟𝟳
1,"Kemenangan 𝘐𝙎𝐎𝘛𝑂𝘛𝙊pasti dibayar lunas, gak pake drama!"
0,Kosong mass😅..ngga ada bobot
1,sih 𝘼𝙇𝙀𝙓𝙄𝙎17 trending gitu ? asli ?
0,Nyobain barang aneh eps 34 kapan dih bang?
0,Emng knpa y ? Tpi skil obel juga bagus si
1,"𝐀G𝘜𝘚TO𝘛𝘖 aku gak boong, dsini hoki mulu"
0,"terserah gw lah , mnurut gw aneh ? dsar manusia manusia bg"
1,"Salut bang keren kontennya , salam Jepe DI ⭐𝐒𝐆𝐈𝟖𝟖"
1,9:11 bang jam segitu menang w 𝐒𝐆𝐈𝟖𝟖
0,stop judi bang
1,Terus berkembang arhan semangattt!!!!! Salam 𝗪𝗘𝗧𝗢𝗡𝟴𝟴! gampang Jepe
1,ngeh kalo 𝘼𝙇𝙀𝙓𝙄𝙎17 sekeren .
0,Wakkaka si perusak mobil kan?😂
1,Emang gak ada duanya sih sensasi main di ALEXIS⭐17⭐.
0,Di jual nga
1,𝐷 𝐎 𝑅 а 𝟽 𝟩menawarkan pendekatan berbeda keterlibatan daring .
0,like dulu aja. mudah2an bisa beli Iphone 16 promax
1,"gue sih percaya aja alexis17 , gak ngecewain ."
1,gini nyantai main 𝐏 𝐋 𝐔 𝐓 𝐎 𝟖 𝟖 dikasih maxwin
0,LCD nya semahal apa coba 😅
0,Kasian rakyat Indonesia punya wapres kyk gini 😅
1,gue rela ninggalin nonton drakor fokus alexis17 .
1,"bermain teman-teman 𝗦𝗚𝗜𝟴𝟴 seru asyik , rezekinya !"
0,Ngeri bang GK bisa lepas😂😂
0,Pengen tertawa tp tak tahan. Takut
1,D Е 𝙒 𝐀 𝘋 𝘖 𝘙 A emang bener-bener gachor
0,Prabowo tu negarawan sejati brow❤❤❤
0,layak dapat like tertinggiii
0,​ @ilhamantariksa2223 coba jelasin semuanya pinter poin yang pa yg di pngin prabowo😂
0,Dari mana duitnya
1,"kalo alexis17 kuliah online , ngapain ?"
0,12:35 gua ga fokus sama 86 nya sumpah
1,mekswin tiap maen di 𝘋𝐄𝘞𝐀𝐃O𝐑𝘈
1,nih pulauwin kayaknya udah hidup orang-orang deh .
1,"Aku di kasih kemenangan diluar prediksi, ku kira rungkat ternyata malah dikasih menang di s1tus mandalika77.."
0,Auuuuuuuuuu 😂
1,Cara daftarx mandalika77 gmn bos
0,sering liat mobil ini di prindavan kebut kebutan
0,"Orang,, penasaran aja yg beli ini.. Hp"
0,1:00:46 siapa gess wkwkw
0,Anjer 5 langkah kalah wkwkwk
1,situs kasih sketer
0,Setuju nih modif motor
0,dijamin bakal lebih ngaco lagi
1,gak nyesel gabung alexis17 .
1,"10:12 ─═𝗕𝗘𝗥𝗞𝗔𝗛𝟵𝟵 ═─ emang juara, rezeki gak ada abisnya!"
0,​ @Riko_Syahputra96 tp merdu si bang
1,SUPER MANTAP SITUS  mandalika77 GAMPANG MENANGNYA
0,@ahmadjuli8783  kalo bisa bikin video se hebat GARASI DRIFT baru bilang biasa aja
0,Ngak punya kapasitas .
1,Buset ini serius skketer zeus di ⭐𝘼𝙇𝙀𝙓𝙄𝙎17 dapat 5???.
0,salah satu episode skakmat terbaik!
1,jepey gmpng banget 𝐒 𝙂ｉ𝟖 𝟖
0,"Semua jawaban ngawur, meleset semua"
0,Kan emang lgi di setting ksna sm PDIP
0,Malu memang harus jadi budaya bangsa
0,nambah 1 lagi
0,Orang mancing bang
0,anak abah pedes2 ngomong nya
1,alexis17 gk kalah hki trus maen
0,"BICARA DEMOGRAFI '!
DEMOGRAFI ENDASMU IKU 😅😅😅"
1,"edan , 𝘼𝙇𝙀𝙓𝙄𝙎17 ? oh , viral ? pokoknya ."
0,@eflfive7329  lagi ngomongin FAKTA aja sih
0,Dislikenya disembunyikan
0,"rear item itu diffuser, wing, atau apa?"
0,Titipan bapak
0,Nice banget bang
0,bensin nya 1 banding 1 kaki bang
1,ane master ngecuan 𝔹О𝐖Ø𝟕𝟳 astagaa masih
0,Kagak usah panjang komennya si fufufafa kagak bakal nyambung
0,Gua lebih suka selain Jawa yang memimpin
0,"Ok siapin mental pak, buat nyusul kayak mertua & presiden korsel"
0,LUCU BANGET 😂😂
0,Ternyata espro d bandung produksinya
0,Udah lama ngga garage vlog
0,tolong pin salah satu komentar 😊
0,bang buat perang makanan lagi dong bareng pandu winoto
1,"D𝑂𝑅𝐴𝟩𝟽 gua cuma maen iseng, eh malah jadi jepe"
1,keren . gas mari kak 𝐒𝐆𝐈𝟖𝟖
1,Hebat....!!! Keren sekali...✦𝗠𝗮𝗻𝘂𝘁𝟴𝟴✦...
1,"kalo p͓̽u͓̽l͓̽a͓̽u͓̽w͓̽i͓̽n͓̽ bikin film , laris sih ."
0, @m.rakhapa  hooh harga suara palsunya 60jt
0,​ @dimasseto7248  kamu tau ketawa karir?
0, @falihrahman9340 ngomong apa njg wkwk
0,Muter muter kaga karuaaaan
1,best alexis17 beneran gampang menang sl0t nya
1,auto jepey! 𝐒𝐆𝐈𝟖𝟖
1,"lancar lancar bang salam jepe λlexis17 ,"
0,22:36 sempet2 nya diarahin ke muka dlu kameranya lg rebahan😂
1,gembira sudah pasti 🅷🅾🅺🅸777 terbaik
0,i phone nangis liat harga huawei
1,"hasil alexis17 , bangga , beralih tukang koran bos warung ."
0,apasih buzzer cumi
0,Ga kebayang gmn ziko kalo ngemodif motor...di tunggu ya
1,"situs terbesar saat ini kebanggan gw , mandalika77"
0,Keren pak ahok😂
1,bnyk yg puas alexis17 emg bnrn gacor ya slotnya ya
0,Subaru crostrek dipo crash di formula drift dan dipo kalah
0,ga pasang lampu rgb bang?🤣
0,takut salah lipet sih
1,"Gila sih, ⚡ALEXIS17⚡ itu andalan gue sekarang!"
0,Sad but trueeee 💯💯💯
1,"modal gacur , lgsng jepe brusan"
0,"1 kawan terlalu sedikit, 1000 lawan kebanyakan 😂😂"
1,gue udah ga bayangin hidup alexis 17 sih
0,MAU BIKIN MEM
1,berhenti ngehalu
0, @viewerpositif6850  semoga jelas ya biar gk salah pikir
1,Semoga rezeki dari 𝗕𝗘𝗥𝗞𝗔𝗛𝟵𝟵 membawa keberuntungan!
0,Langsung gak bisa beli cuma bisa nonton
0,Likenya kok langsung mencuat tinggi gitu mas? 🤔
0,Trendingkan 🔥🔥🔥🔥🔥
0,Bagusan komentarnya ya kak. Videonya di stop aja
0,apa akan ada upgrade untuk brziko ?
1,aku malam ini klaim 𝐁𝕆𝕎Ø７𝟳 master rezeki
0,the best skakmat!:_Sip:
0,9:30 di tunggu konten modif motornya
0,mobil kayak gini dipake buat Pro 2? Atau obel langsung masuk pro 1?
1,Semua temen gue pada bilang ALEXIS⭐17⭐ tuh bikin kecanduan!
0,Untung aku golput main Aman
0,Ngecasnya 1 minggu penuh 😅
0,Jatoh nya gak ngerti konteks gak sih kalo begini mah.
0,28:21 saya benar benar kaget
0,Kemaren baru beli mantap banget sih
0,Gak usah ...
1,gak ribet semenjak 𝘼𝙇𝙀𝙓𝙄𝙎17 .
0,Omon² ngalor ngidul untuk nglindur
1,banget dapet sketer
0,Kalau ini sama zenix Hybrid mending mana bang?
1,ku coba 𝐏 𝐋 𝐔 𝐓 𝐎 𝟖 𝟖 langsung senyum hahahah
0,​ @Wereng-coklat betul kok jawabannya kurang memuaskan ya
0,sipaling proses
1,"kerennn contentnya bang , cari situs 𝗪𝗘𝗧𝗢𝗡𝟴𝟴"
0,Gokilllllll 32:25
0,saya langsung beli REDMI 4A
0,Saya beli iphone atau samsung lah
0,"Kasihan wapres ini,… ngga malu jg"
0,Gokill rata kanan
1,"bro alexis17 , turnamen gede nih , hadiahnya apartemen mewah"
1,"cakep kali 𝗪𝗘𝗧𝗢𝗡𝟴𝟴 , bravo .."
1,"D 𝘖 Я 𝘼 𝟳 𝟳bikin ketagihan, pengen main terus dan terus! 😭"
0,enk bgt omongan orng berduit😢
0,𝙹𝚎𝚋𝚎 5 𝚝𝚊𝚔 𝚊𝚖𝚋𝚒𝚕 𝚖𝚊𝚜 😂😂😂
1,orang bilang alexis17 tuh miracle banget !
0,wkwkwkwkwkwkw
1,keren . gas mari kak 𝐒𝐆𝐈𝟖𝟖
0,Yok d  dis like
1,Gak perlu khawatir soal duit kalo udah gabung ALEXIS⭐17⭐.
1,"mantap ! bermain weton88 , rezeki mengalir deras !"
0,70 juta di MP
0,Iphone ketar ketir liat ini😅
0,Mending diem bisa kali
1,"semangat bosqu , terbaik λ l e x i s 1 7 ,"
0,Thanks alot 👍
0,Kalo besok2 sulittt
0,Jangan ngehate mas gibran
0,Kesini cuma buat mau bacain komentar nya 😅 maaf ya
0,we love you btp
1,"cakep kali 𝗦𝗚𝗜𝟴𝟴 , bravo .."
0,Inilah PRESIDEN yg kalian pilih gess.....
1,"Gua kira cuman pertama kali main doang yang di kasih bagus, eh ternyata mau main tiap hari juga di kasih bagus sama mandalika77 . Baru kali ini gua nemu s1tus yang bagus kek begini, langka bener jumpa s1tus yang bisa kasih wd terus"
1,"Mantap pol main di 𝘈𝘎𝑈𝙎𝘛𝙊𝐓O,cuan terus setiap hari!"
0,tim esia hidayah
1,"Ternyata main di 𝘈X𝐿𝟩𝟩𝟽itu gacir beneran, hasilnya langsung terlihat!"
1,Gokil! Bangga banget jadi bagian dari 🔥⚡ALEXIS17⚡?🔥
0,Anies? Gak usah ngelawak
0,dibayar berapa?
1,Wow! ❤A L E X I S 1 7❤ emang paling top!
0,FFFFAAAAAKKKKK IYAAA LAGI PLEASE
0,menit berapa?
1,"sumpah , serius nanya , 𝘼𝙇𝙀𝙓𝙄𝙎17 beneran sebagus ? serius !"
1,Class bos🚩 𝐒𝐆𝐈𝟖𝟖🚩 gak ribet depo cepat dan wd lancar
0,"MALU2IN JADI PRESIDEN 😂
KAGAK NYAMBUNG 🤣🤣"
0,16:53 arief Muhammad
1,"wede malam , makswin starlight"
0,Selamat semoga bisa menyajikan entertain yang epik
1,Gokil! Main ⚡ALEXIS17⚡ bikin nagih banget!
0,Wah bakalan ada dijalan dengan strobo nih wkwkkw
0,Waw. Thank you Ko Ruby
0,ga kebayang bakal sekerenapa  kalau BRZ V8 nya obel tandem sama BR Ziko
0,bawangg bawangg .....🥹🥹🤧🤧🤣🤣🤣🤣
0,09:00 epic moment sih gokliisss
0,"X-Max nya gila gilaan itu om,motor impian sejak lama"
0,ternak mulyono digaji pake uang pajak cuman buat video tipu tipu
0,kebanyakan slot mati lu kegantung
1,semangat bang konten nya salam 𝗪𝗘𝗧𝗢𝗡𝟴𝟴 ! gampang jepe
0,Disuruh bapaknya ini mah
0,Wkwkw kosong semua jawabannya
1,"rezeki weton88-bikin hariku bermakna , terima kasih !"
0,ngomong kayak kumur kumur gk ada manfaatnya
0,​ @pinkgangsta6157  sumpah bagian ini kyk ga masuk ke otak aku dlu
0, @broom_404  yaah...generasi gk berguna. Move on doong🤣
0,Nyari krja susah smpe orang tua bantu nyariin kerja 😂😂
1,"gue sih percaya aja alexis17 , gak ngecewain ."
1,Jadilah 1:16 bagian dari keceriaan ＭΛＮDALIKΛ𝟟𝟟
0,"Kalimatnya kayak pkia AI, sesuai lah seperti yg dia gaungkan"
1,gak pusing mikirin biaya nikah kalo udah join alexis17 .
0,buzzer ya pak? dibayar berapa?
1,alexis 17 tuh emang andalan gue kalo butuh dana cepet
1,"ＭΛＮDALIKΛ𝟟𝟟 gachor bgt, menang terus"
0,sekeluarga menjadi beban negara
1,sehat salam 𝗪𝗘𝗧𝗢𝗡𝟴𝟴 gampang jepe
0,Abis dari Pandji langsung ke Pachinko?
0,Pandji malu😂hahaha catur nya lmgsung kalah dimenit2 awa
1,emang gak se-adil alexis17 deh .
1,"cuan gampang tuh pu lau tujuh tujuh tujuh , angan-angan !"
0,Komennya Langsung diserang buzzer nya 1.1/100
0,"Gibran nya yang gak berani, oom"
1,"gue udah ga bayangin hidup alexis17 , , udah sumber penghasilan"
0,"S15 MESIN R35 ❤, samaa GTR R35 emasss damn"
0,Cumi2 g ada bang
1,"Gas tu gan mandalika77 zeusnya nya galak tu, lagi mau aja tu ngasi gw baru dikasi maxwin"
1,semoga alexis17 sukses amin
1,sukaaa bangettt 𝐒𝐆𝐈𝟖𝟖
0,Tim yg udah punya sblm di riview
0,"No TEMPO no party,"
1,pemain 𝘼𝐄𝘙𝙊𝟪𝟪-memberikan pengalaman menyenangkan .
1,"nyimak abang , 𝗦𝗚𝗜𝟴𝟴 cair mulu"
1,"Cuan ngucur deras, cuma di ρ𝓊𝓵άü777 bro!"
0,"Akhirnya Jagoan masuk indo. 
Selamat jalan Samsung & Iphone 😂😂"
0,Kocak banget main caturnya 😂
0, @ilhamsaputra6599  saya tau dia memilih anis
0,Mercedes tetap konsisten ga ikut IIMS 😅
0,pajak tahunanny brp? trims
1,"λ l e x i s 1 7 , bikin maxwin gampang"
1,𝘋𝑂𝑅𝐴𝟽𝟩menawarkan pengalaman visual menarik .
1,𝗪𝗘𝗧𝗢𝗡𝟴𝟴 uhuy !
0,18:55 18:59 Suaranya Gokil Dah 💨💨💨💨💨
0,Yang kesini cuma mau tekan tombol dislike --->>>
1,"gak gagal , 𝐒𝐆𝐈𝟖𝟖"
1,gak takut penipuan kalo main alexis17 .
1,geloo 𝗪𝗘𝗧𝗢𝗡𝟴𝟴 cair x100
0,"kata kata andalan ziko, "" yg menurut guaa lumayan kerenn"" 🗿"
0, @robbyzulhaq_rz6725  postingnya di channel pribadi ziko bukan di chanel garasi drift
0,MANAAA CROSSTREK NYAAAA
0,Tugas kelompok😅
0,"@ minimal nyimak, kalo mau buat bakalan up di chanel pribadinya"
1,"fix ! coba bentar , langsung menang 𝐌𝐢𝐘𝐚𝟖𝟖 !"
0,kita ga siap gan..
0,Lo aja kerja hasil titipan bapak lo.. HHAHAHAHAA
0,@ jadilah top mantap is the best :face-blue-smiling:
0,Real ahahahhaah
0,kritik boleh tapi realistis juga dong om
1,"semoga akan semakin banyak orang yg turut membantu, seperti𝙈𝘼𝙉𝙐𝙏88"
0,"Hidup jgn pesimis bro,harus semangat tetap optimis"
0,@ChudoriAgung65  anis pdip kah? lu nglantur ngab
0,Accord rasa Audi😅
0,Jaka sembung bawa golok
0,nambah 1 lagi juga
0,Gak akan beli walaupun ada dananya
1,gak pusing mikirin biaya sekolah anak kalo udah join alexis17 .
0,Aku ketimur dia kebarat
1,Semoga rezeki dari MANDALIKA-77- ini berkah dan bermanfaat! 🤣 😅
0,Gak ditest gaming rasanya kaya ada yg ganjel🤷‍♂️
1,"alexis17 ! emang top dah , ga bikin kecewa jaman batu sampe"
0,Cuma bikin risih org
0,"Saya antusias kalau modifikasi motor mas
Tinggal modalnya saja😅"
1,mandalika77 real tuh dah gw coba bnrn gacir
0,Lucu lawaknya.
0,Pulang tinggal nama mereka
1,𝐒𝐆𝐈𝟖𝟖 uhuy !
0,Kenapa harus ada warna pink
1,"Main di ＭΛＮDALIKΛ𝟟𝟟 bikin happy banget, hasilnya gacir abis!"
0,udah yaa main ksatria ksatriaannya 😸😸
0,We are so fcked up fr 😂
0,0:58 jasa skip
1,Semua orang bilang ALEXIS⭐17⭐ tuh bener-bener ngubah nasib.
0,Power trainnya sama memang
1,"wede cepat proses gampang , recommended"
0,Menit 18:31 ahok udah bisa skakmat kan ya? Terus udahan aja acaranya😅
1,"hoki berlipat ganda ikutan pawpaw4d , rekomendasi banget !"
0,"18:26 ohhh jadi jersey kipernya warna ijoo wkwk, oke siip"
0,Salfook sama AE86 😂
1,"gak nyangka 𝘼𝙇𝙀𝙓𝙄𝙎17 se-booming , keren abis ! beneran ?"
1,"serius deh , dapet cuan gampang tuh ya pu lau tujuh tujuh tujuh ."
0,ini lagi cek saldo
0,"Ridwan ngmg ke Om Mobi "" Lu Lu"" Woi Tuaan Om Mobi lho"
1,"cakep kali 𝐒𝐆𝐈𝟖𝟖 , bravo .."
1,tetangga gue kepo penghasilan alexis17 .
0,Budayakan nonton sampai habis dan memahami
1,Gak perlu pusing mikirin biaya nikah kalo udah join ALEXIS⭐17⭐.
0,Hahaha gak punya chrome 😂
1,"Swert Bonanja makswin, puas banget"
0,Sejak awal bro sudah ngelantur...
0,"Sejauh ini, ini yang lebih banyak di dislikenya"
1,bro tau ga 𝘼𝙇𝙀𝙓𝙄𝙎17 udah support e-wallet potongan
0,Selain jarak dari rumah jauh ya mungkin ada alasan lagi
1,auto lancar langsung
0,"LOL
SEMOGA ADA VERSI GIBRAN WKWKW 🤣🤣"
0,31:30 Hape terooss !
1,"terbaik kak , salam weton88"
1,𝐌𝐴𝙓 𝟥𝟹ทุกคนเคยล้มเหลวมาก่อน
0,Yang di tunggu2
0,Kosong adalah kosong 😢
1,"seminggu main alexis17 , gue udah ganti drone !"
1,kapan lagi wehde 2 juta modal 50k? ⭐ A L E X I S 1 7 ⭐ doang kayak nya wkwkwk
0,42:51 jawaban ttg bab1 masak
1,"sore sore gini lagi nyantai sambil main di mandalika77, tambah lagi dikasih maxwin hahaa Mudah Maxwin"
1,konten ! keren banget menjelaskannya ! main bagus bang 𝗪𝗘𝗧𝗢𝗡𝟴𝟴
0,Simpen guys video nya guys jangan sampe ilang guys
1,"alexis'17 gua bru maen bentar , lngsg jepe"
0,Ls 3 for dipo 🎉
1,"gue udah ga tidur nyenyak kalo main alexis17 sehari , kaya hilang"
0,yapping terusss
0,absen dan like-nya yang udah beli ini hape. 👍
0,Anak muda yang di bekingi ayah tidak takut tantangan 😊
0,18:28 KAKK IRENEEEE LIAT LANGKAH BRILIAN DARI BRO PANDJIIIIIII
0,19:45 😂 kayaknya arahnya sama deh mas ziko😆 kurang briping nih😅
0,"Seingetku ada hp 3lipat kagi tapi gk masuk indo, dari tecno lah"
0,Gokilll sii
1,"jepey gmpng bgt , maen alexis17"
1,Coba deh ＰＵＬＡＵＷＩＮ 😍
0,Alamak huwawei 50 jt lipat 3
0,Di Endorse bapaknya 😅😅
1,orang bilang alexis17 tuh bener-bener ngubah financial .
0,Wohhhh yg ditunggu2 selama berbulan bulan akhirnya
1,Incess skketernya keluar mulu say di ⭐𝘼𝙇𝙀𝙓𝙄𝙎17.
0,"marahin editornya bang, openingnya jd kocak wkwkw"
0,yng ditunggu..
0,"Belum ada 5 menit berbicara, nama Pak Jokowi sudah disebut wkw"
0,Munggu depan
0,Yang setuju lanjut dialog dengan wakilnya
0,THANKS KOO
0,UU TNI mendukung demokrasi .....untuk Indonesia maju
1,"sketer , jepek"
0,gilak proper banget mobilnya obell
0,2x bahkan ini😊
1,pro aja bang 𝐒𝐆𝐈𝟖𝟖
0,prabowo bilo
0,"Buka yutup, kesini trus dislike. Tutup yutup."
0,Terimakasih bang. Ini membantu sekali
0,Crosstrek Relly cosplay
1,Jujur klo main mending di 𝐒𝐆𝐈𝟖𝟖 bang
1,"berkah rezeki berkat 𝐒𝐆𝐈𝟖𝟖 , puji syukur !"
0,😂😂 ksni cmn dislike
1,Hidup jadi tenang setelah 𝗦𝗵𝑜ᒪᗩţ auto jepee pahala!
1,"gue buka 𝐊𝐨𝐢𝐒𝐋𝐎𝐓 , langsung disambut petir !"
0,Kerahnya sengaja ya pemasanganya aga miring
1,"gameplay keren banget ! skill dewa nih , alexis17 bangga ."
0,Kalo tukar tambah sama nexian brapaan tambah bg
1,"diragukan , kemenangan sah . 𝗣 𝗟 𝗨 𝗧 𝗢 𝟴 𝟴 terbaik"
0,udah tua bukannya mati malah joget
1,itu si rijal doyan banget main di P U L A U W I N sampe kebeli motor
0,New armada keren padahal jarang dilirik
0,Hayo ngaku siapa yang menyesal 😂😂
0,Lu bisa nabung bro minimal buat beli suporter version.
0,"Keren!!!!
🎉👍👍👍👍"
0,jawaban yang sangat tidak menjawab 😭 why pak why?
0,Episode paling gw suka 😍😍😍😍😍😍
0,Skor performa gak sampe 1 juta😂😂 kecuali pake snapdragon😂😂
1,class bos 𝗪𝗘𝗧𝗢𝗡𝟴𝟴 gak ribet depo cepat wd lancar
1,yakali gak coba main di ＰＵＬＡＵＷＩＮ
0,Tt J2 prime + berapa ya
0,​ @furina-focalor-2 berderet bgg keknya😂
1,Ｐｕｌａｕ７７７ selalu kasih pengalaman baru
0,9:00 INI NGACO BANGET GILEEEEE!!!!
1,! bang video ! ! 𝗪𝗘𝗧𝗢𝗡𝟴𝟴 terpercaya 5k 1jt
0,"26:34 Rasain, belajar lagi sana Bg 😅"
1,𝐒𝐆𝐈𝟖𝟖 is the best
0,disini terlihat dimana yg pure jurnalis..
1,main 𝗣 𝗟 𝗨 𝗧 𝗢 𝟴 𝟴 tuh kayak peluang emas
1,"alexis'17 jackpot , gk paham sehokinya"
0,Jelas ko jawabannya pak presiden kau yang ga nangkep ...
1,"Pagi tadi coba main di 2:16 ＭΛＮDALIKΛ𝟟𝟟, siang sudah menikmati jakpot besar!"
0,NGGAK NYAMBUNG WO WO BISANYA CUMA NDASMU NDASMU DOANG
1,gak mikir kali join alexis17 .
0,Jadi kesini nih 😅😅😅
0,Pulau Enggano sja pak presiden
1,gila ya alexis17 dimana ashu terpercaya kagak nih
1,Konten yang luar biasa! Keren banget cara kamu menjelaskannya! Main yang bagus di sini bang ⭐𝐒𝐆𝐈𝟖𝟖
0, @aturduit_id  51:40 Sempat dimention sama Uni Lubis
1,Semua temen gue pada ketagihan sama ALEXIS⭐17⭐.
0,Ahok the best
1,"main situs segacor 𝗪𝗘𝗧𝗢𝗡𝟴𝟴 , asli nagih sih"
1,"makswin brusan starlight , nggak nyangka"
1,mandalika77 GAMPANG MENANGNYA
1,gua member ga ruda ho ki-jepee sumpah
0,Bajunya kebanyakan kantong saku. 🤣
1,𝘋𝐄𝘞𝐀𝐃O𝐑𝘈 emang gachor
1,"Salam ⭐𝐒𝐆𝐈𝟖𝟖! gampang Jepe ,Sehat selalu buat semuanya"
1,𝑨𝑳𝑬𝑿𝑰𝑺17 gk pelit bonus .
0,comeeee on......🥲
1,"maen santai , jepe"
0,Mustahil.. karna Ahok sudah tidak bisa dapat SKCK lagi
0,Gua bisa lipat 2x
1,gak pusing mikirin biaya berobat kalo udah join alexis17 .
1,kalo gue lbh suka aston martin
1,gw coba alexis17 yg lg viral 100rb 3jt sampe sejam
1,𝘈𝘎𝑈𝙎𝘛𝙊𝐓O gua gmpang bgt dapet jekpot disini
0,"Buat yg bingung, itu anaknya Bpk Ahmad Sahroni"
1,banget dapet sketer
1,"sehari main alexis17 , gue langsung ketagihan !"
0,2:14:21 Sangat Fiktif banget Idenya
1,akhirnya jepe juga di ʙ𝘜KꀤT 888
0,Masih keren G63
0,di hapus lagi link w
0,Komen paling akurat 🥂
0, @eko.satrio  it's satire.
1,"cakep kali 𝗪𝗘𝗧𝗢𝗡𝟴𝟴 , bravo .."
1,"swert bonanja gacir , modal jepek"
1,"Gue buka YouTube, yang direkomendasiin isinya PULAUWIN semua."
1,"Main sekarang, bawa pulang untung besar bareng 𝗠𝑨𝑵𝐃𝐀𝑳𝗜𝗞𝐀𝟕7!"
0,review rx 7 arif muhammad bang
1,"Sukses mulai dari sini, 𝗠𝑨𝑵𝐃𝐀𝑳𝗜𝗞𝐀𝟕7 tempatnya!"
0,Boleh juga ziko mau ngonten modif motor 9:26
1,cmn main di mandalika77 gw bisa dpt teriakan mantap ayaaaaaang
1,"keren sih 𝗪𝗘𝗧𝗢𝗡𝟴𝟴 , main bentar auto jepe ."
1,rezeki 𝐷оrа𝟩𝟳 ! ketinggalan !
1,Konten yang luar biasa! Keren banget cara kamu menjelaskannya! Main yang bagus di sini bang 𝗪𝗘𝗧𝗢𝗡𝟴𝟴
1,"maen Swert Bonanja, sketer terus-terusan"
0,"status pengiriman : ""sedang dikemas"""
0,Paraaahmeeeennn .....!!!!
0,otw beli kopi kapal api
0,Om mobi dan ridwan menuju hidup sehat😂🎉🎉🎉
1,geloo 𝗪𝗘𝗧𝗢𝗡𝟴𝟴 cair x100
1,"Modal kecil makswin, wede gampang"
0,𝙾𝚔 𝚝𝚎𝚖𝚎𝚗 𝚝𝚎𝚖𝚎𝚗
0, @AsShalihah  awoawokawokw padahal udh jelas yak soft&hard
0,Kl pun liat video jgn smbil mkn...ntar mual lagi🤫🤭🤭
0,wkwkwk cepet juga udh ada korban pencitraan KDM
0,Tatapannya Kosong Mlompong
0,gaak pernah gagal kleen punya project bro.. 👍🏻
0,menyedihkan wajib kir gue
0,"31:23 motor aja setinggi headlamp depan, kebayang besarnya 😭"
0,pagi pagi dah dapet kejutan 🔥
1,Layanannya di 𝘼X𝙇𝟩𝟽7juga oke banget! Gak ada masalah sama sekali!
0,varionya dnmotorshop in frame😎
1,emang gak se-hits alexis17 sih .
0,team yang selalu nonton tapi jarang komen 😂
0,Let's gooooo ❤🔥
0,​ @dimasseto7248 woh manggut-manggut berarti setuju yak wkwk gokil juga pemikiran lu
1,semangat bang konten nya salam 𝗪𝗘𝗧𝗢𝗡𝟴𝟴 ! gampang jepe
0,Wakil anies baswedan 2029
0,Saya juga ternyata
0,"Seharusnya ada valentinus resa disana, biar vibesnya jadi beda"
1,kali nemu platform fair kayak alexis17 .
1,"jepe , wede gampang banget"
0,Moments nya terasa Di FD ❤❤❤
0,Alhamdulillah sudah saya dislike
0,Suruh bikin akun linkedin bu dari sekarang
1,"coba pikirin , bener gak ?"
0,"2:17 jangan judol, judol buat loe miskin"
1,gue rela bolos kelas ikutan event alexis17 .
1,Mantap! Main bareng ⚡ALEXIS17⚡ selalu seru!
0,Omke gas omke gas
1,"1 gua alexis17 , nggk pelit pemain"
0,memang cakep sih🔥
1,gokil sih 𝑨𝑳𝑬𝑿𝑰𝑺17 bonus nya gk berhenti .
1,Mulai hari dengan kesempatan 4:50 baru di M𝗮𝘯𝐝𝗮𝑙𝗶𝒌𝐚𝟟𝟳
1,gue rela begadang malem main alexis17 .
0,5. Batalkan multifungsi TNI Polri
0,"13:59  US banget ya, ternyata di US pakek SNI juga ta 😂"
1,"gila updatean 𝑨𝑳𝑬𝑿𝑰𝑺17 keren , gokil banget ! ."
0,Fix BYD Sealion 7 jadi mobil dinasnya Sheila On 7! wkwkwkwk
1,Hebat dan mantap mandalika77
1,"Sampe warung pecel deket rumah pasang spanduk ＰＵＬＡＵＷＩＮ, lo bayangin!"
0,jadi gejala awalnya bagaimana
1,"Modal receh, lgsng mekswin GG"
0,galak banget unit nya
0,Yang komen judi semoga bermanfaat di akhirat 😊
1,orang bilang alexis17 tuh bener-bener dipercaya .
0,GD TER BEST❤
1,Gak perlu khawatir soal pensiun kalo udah gabung ALEXIS⭐17⭐.
1,"nyimak abang , weton88 cair mulu"
0,Akhirnya bertemu juga
0, @lockysigarlaki163  banyak bobroknya?? coba sebutkan 5 saja
0,"saat pak prabowo nyebut deretan presiden,pak gusdur ga disebut😢"
0,Bang itu jahitan kerahnya miring
1,"fix ! 𝐏𝐋𝐔𝐓𝐎𝟖𝟖emang beda , bikin member setia !"
1,meuni gacoor pisan iyeu ꗥ𝙈𝘼𝙉𝙐𝙏88ꗥ
1,gue rela ninggalin bisnis fokus alexis17 .
1,semoga alexis17 sukses amin
0,"Bang
Sudah bahas oppo A5 pro + A5 pro 5g apa belum??"
0,KDM & Ahok 2029
0,Omon2 yang tidak mengangkat elektabilitas😂😂
1,bro tau ga 𝘼𝙇𝙀𝙓𝙄𝙎17 udah support bank e-wallet
0,KDM AHOK baru okee
0,Gas Modikasi Motor
0,Mau tanya Abang². Danantara itu fungsinya buat apa ya🙏
0,Untung baca komen lu😂
1,"keren sih λlexis17 , , main bentar auto jepe ."
1,dah ah tobat gk maengaruda-hoki lg abis maxwin
0,"Tombol dislike mana ni, udh berapa ribu ko ga kliatan wkwk"
0,"Suka bener kalo ngomong
😂😂😂😂"
0,Klo lolos piala Dunia laris manis nie jersey
0,tim yang nonton pake xiaomi 15😌
1,"𝘼𝙇𝙀𝙓𝙄𝙎17 bikin gue beli rumah cash 3 , modal 200rb"
0,Otw lang beli 9 biji
1,"cakep kali 𝗪𝗘𝗧𝗢𝗡𝟴𝟴 , bravo .."
1,coba dengerin orang ngegas
1,"𝘼𝙇𝙀𝙓𝙄𝙎17 bikin mood bagus , anjay ."
1,ez clean bawa Ｂ⋅𝕆⋅𝗪⋅𝐎⋅𝟟⋅𝟩 bos 25k
1,"ki daus , daus"
0,"Berisik pada iri, previlege tp berprestasi di inter why not???"
0,Next ust felix om pandji
0,Lu bisa diem kagak ha? Ndak usah nyepam lu
0,Ahok & kdm 2029
0,Lebih lebar ini
1,"keberuntungan bikin sayang 𝐁𝐓𝐕❶❻❽ , hasilnya !"
0,YANG DI TUNGGU TUNGGU AKHIR NYA !!! NAIKIN GAJI EDITOR VIDIO HAHAAH
0,Ev yg ada ban serepnya
0,Bang update perkembangan garasi baru nya dong
1,Keren banget! ❤A L E X I S 1 7❤ emang paling top!
1,-GA RU DA HO KI.Pernah ngasih gua jepe 8jt😁
1,heran lihat postingan kok pda jp semua jdi penasaran aku coba main receha ehh rupanya beneran jp seneng banget dooonggg slt gacir gampang maxwin pragmatic play . mandalika77 nama situsnya bro.
0,"Cocok, hanya saja pajaknya mahal 😊"
0,yang di tunggu
1,"λlexis17 , maen santai aja , tetep wedey jutaan"
1,"temen-temen gue pindah 𝙋𝙐𝙇𝘼𝙐𝙒𝙄𝙉 , gue ngerti kenapanya ."
1,"kayaknya kalo lo kenal 𝓟𝓤𝓛𝓐𝓤𝓦𝓘𝓝 , lo hidup 2025 ."
0,4:12 sekelas david gadgetin terheran-heran 🤣
0,"Gila bang Dipo, keren bgt mobilnya!"
0,Pertanyaan paling keren dan seru tektokan nya mba Nana kelas emang
1,"pikir , kelewat mikir sampe lupa pu lau tujuh tujuh tujuh !"
1,orang bilang alexis17 tuh bener-bener bikin nagih .
1,weton88 is the best
0,Melaju tanpa batas😂
1,"Kalo nggak coba, nggak bakal tahu! Rezeki bisa datang kapan aja di 𝐷О𝑅𝘼𝟳𝟳!"
0,"Gpp pilihan rakyat 58%, negara bubar"
0,Yg aku tungggu2 ❤❤❤
1,"Makasih 𝘈𝘎𝑈𝙎𝘛𝙊𝐓O, rezeki hari ini bikin hati senang banget!"
0,Duitnya dari mana Ngab
0,"Yapping mulu bisanya, kerjaan lo udah boleh diganti ama AI"
0,"masa depan 2 in 1, tablet sekaligus hp"
1,𝗪𝗘𝗧𝗢𝗡𝟴𝟴 bikin maxwin gampang
1,hasil 𝘿е𝑊a𝘋𝐎𝐑a memudahkan modal usaha tambahan .
0,Ngeri suara nya
0,@HendraYadi-v5h  buser rendahan
0, @mascar007 yg harusnya “mikir” itu lo asep
1,"modal receh makswin , gg sih"
0,kalo masih gak juara 1 dan kalah sama farell si malu2in ya
0,"Kecewa setelah dengar Jawaban tentang RUU perampasan aset,"
1,"Pecah banget di 𝘋𝐄𝘞𝐀𝐃O𝐑𝘈, jepey"
0,Umur berpengaruh pak 😂
1,auto jepey ! 𝐒𝐆𝐈𝟖𝟖
1,"Rezeki yang diberikan oleh ★Mandalika77★ sungguh tiada tara nilainya, terima kasih ya Allah atas berkat-Mu!"
0,Apa ini yg punya erigo?
0,Pencapaianya apa ?🤣🤣🤣
0,"Seperti latihan baca, pak wapres ku..Alhamdulillah lancaarr"
0,ga ada diesel?
0,Keren bnget
0,18:18 air liur nya keluar om😅
1,"alexis17 , emang ga duanya , pelayanan vip member 24 jam full"
1,"gak nyangka 𝘼𝙇𝙀𝙓𝙄𝙎17 se-booming , keren abis ! sumpah ."
0,1rb orang tercepat 😋
1,"MANDALIKA-77- bikin lupa masalah, 2:15 hiburan yang hakiki!"
0,gass bikin konten motor
0,"Kalo boleh tau bensin ap yg di pke, ethanol?"
0,pemimpin lee kuan yew ada di dalam diri ahok.
1,"Rezeki hari ini datang dari A𝙂𝙐𝐒𝘛𝙊𝙏𝐎, nggak nyangka!"
0,Gas coookkkkk
1,"█▓▒▒░░░𝒫𝒰𝐿𝒜𝒰𝟩𝟩𝟩░░░▒▒▓█ bikin hari-hari cuaan , mantap banget ."
1,"Beneran deh, ❤A L E X I S 1 7❤ emang paling top!"
1,"gokil banget sih 𝘼𝙇𝙀𝙓𝙄𝙎17 , hadiah ! ."
1,"modal 50k lgsng makswin , gg parah"
1,top markotop dah pelayanan 𝑨𝑳𝑬𝑿𝑰𝑺17 .
0,"Kirain bakal lebih baik dari Jokowi, ternyata lebih buruk 😅😅😅"
0,Ga akan bisa kyknya... Ferry mah too far to copied 😂😂
1,"gak nyangka menang а𝘎𝙐𝙎𝐓ot𝑂 , auto party !"
0,nice banget
1,jepey gmpng banget 𝐒𝐆𝐈𝟖𝟖
1,modal alexis17 bermanfaat .
1,alexis 17 emang ga main-main keamanan data member
0,"Berjuta kali bapa presiden menjawab ""yakan"""
0,9:28 motor oss dete sikat bang ziko modif motor jadi ngabers juga😂
1,Class bos🚩 𝗪𝗘𝗧𝗢𝗡𝟴𝟴🚩 gak ribet depo cepat dan wd lancar
0,duh gimana yah
0,Ga ada mercy ya di IIMS
0,KIA KOREAN INTERNATIONAL AUTOMOTIVE
0,Indonesia belum siap
0,"BELA DIRI TEROOOSSSS!!!
Omonganya pada ngelantur."
0,Menteri tinggal maju ke raja wkwk
1,𝘈𝙓𝐿𝟽77 menawarkan pendekatan yang berbeda untuk keterlibatan daring.
0,Sukses terus sehat selalu om Fitra Eri & om Mobi
1,gimana pakainya si 𝘼𝙇𝙀𝙓𝙄𝙎17 ? fix .
1,emang gak se-seru alexis17 deh .
0,Masih mending nonton tiktok...😅😅
0, @edwardwibowo6788  yg demo nurunin ahok kan elu bang 🤣🤣
0,Sabar lh dngn pilhan mu😂😂
0,Wahhhh lord kami akhirnya.. btp😂😂😂😂
1,weton88 is the best
1,suka strada old
0,"Sangat Menginspirasi jalur cepat jadi wapres,,,"
0,Nunggu bang david review honor 200 pro
0, @faa3457-k9l  santai wae...kok koe sewot......
0,"lmao, how much they paid you?"
1,"Pelayanan D 𝘖 Я 𝘼 𝟳 𝟳 super ramah, puas banget! 🔆"
0,untung pas itu ga pilih prabowo... ga punya dosa aku ke negara ini 😅😅
0,biarkan ada kutub dengan begitu masyarakat ada pilihan.
1,Akhirnya yg di tunggu2😁 𝗪𝗘𝗧𝗢𝗡𝟴𝟴
1,Semua orang bilang ALEXIS⭐17⭐ tuh bener-bener ngebantu finansial.
0,"obrolan yang sangat menyenangkan, tapi tidak untuk sebagian kalangan 😅"
1,ngelag ? ! wd ? jalan ! alexis 17 emang top .
1,jujur klo main mending 𝐒𝐆𝐈𝟖𝟖 bang
0,"Mamang Bim, maen ke Sport centernya Dewa United mang.."
1,"ALEXIS-17☯ emang ga ada matinya, tiap hari makin rame aja"
1,"seru banget , hasilnya dugaan"
1,Semoga rezeki dari 𝐃𝑂𝙍𝘈𝟩𝟩membawa berkah dan manfaat bagi sesama umat manusia!
0, @pebriyandwip5830  apa contoh nya?
1,petir merah gates bikin mekswin
0,Tim yang langsung NGIMPI☝️
0, @angeliart_  hehehe ini mah buzzer 🤣
0,Ubur ubur ikan lele mas Wahid dadi bakul bus
1,06:30 P U L A U W I N bahaya buat orang ketagihan
0,Emang dia paham pak😂😂?..
0,Poin solutifnya sembunyikan dislike....
0,mantap nih mas
0,ada mobil ngebul ga disono😹
0,24:22 hikaru ngeliat magnus blunderrr wkwk
0,Fufufafa pride❤😂
0,Kayaknyq mqs Ismail terlalu berlebihan dah
0,Mode ngeri huawei
1,tunggu tunggu salam jepe 𝗦𝗚𝗜𝟴𝟴
1,"mantap bener bg bermain di 👍 𝗪𝗘𝗧𝗢𝗡𝟴𝟴 👌  , dari dini sampe dikala ini belum luang rungkad bermain di sini. mau bermain game apa aja pasti di kasih naik saldonya, pokoknya mantap lah"
0,Lah jika naif kenapa kau pilih partai dan mendukung nya.
0,PLECIDEN OMON-OMON 😅
1,"maen auto jepe , gg banget"
0,Gubernur terbaik yg pernah ada
0,"Fokus nonton video❌
Fokus baca komentar ✅"
1,"eh bro , alexis17 ! event spesial nih , hadiahnya rumah mewah"
0,"""jalan2 keluar negeri tapi ga bisa bahasa inggris"" 🤣"
0,Subaru nya mana ya
1,"alexis17 ! tuh emang ngerti kebutuhan membernya , kasih hadiah"
0,stuck di jaman orba bgst
0,Duh 3 jam nonton ... ternyata kosong ... level presiden loh ini
0,Kan emang anggaran perbaikan jalan 0 rupiah di tahun 2025 ini😂
0,Ini yg di belah organnya di kamboja kaburrr yok bisaaa
1,"alexis17 ! bikin gue sultan sebulan , modal 100rb"
0,Buzzer jokowi​ @HKumis 
0,Tim yg beli doang gak nonton
1,Keberuntungan besar bikin aku makin semangat main lagi di 𝘿ORA𝟽𝟩!
1,keberuntungan bikin semangat main alexis17
0,bingung mau komen apa... engak sabar  nunggu 5 tahun lagi
0,wih ada G63 tuh di menit 28:44. keren
0,Update mobil s15 mu mana bang udh kangen kagak liat
1,"janganlah khawatir Hal apa yang orang lain pikirkan. yang amat berarti ialah apa yang kamu pikirkan Hal dirimu sendiri!!! mandalika77 mulanya gk percaya sih,, cocok di buktiin memanglah luar umum website ini gacirnya"
0,Velg nya ke pakai semua  jadi nya copot dulu dari brz 😂
1,temen gue bilang alexis17 tuh bikin nagih parah !
0,selera dipo mah......emang g pernah salah......
0,crashh noooo
0,Narkoba presiden bersihkan oknum2
0,Masa sih?😋
1,"ＭΛＮDALIKΛ𝟟𝟟 aku cba, jepe gede lngsg"
1,gilaa berubah dratis cok main
1,"Baru coba, lgsng makswin"
0,"Ji, pernah ngak e nyesel...pernah bela di pihak yg eng ing eng?"
0,GASSS AND GOODLUCK MAS DIPO!
1,main aman hasil ? jawabannya 𝗣 𝗟 𝗨 𝗧 𝗢 𝟴 𝟴
0,Makanya bikin pertanyan to the point 😂
0,Dahlah Pesona memang sudah jodoh dengan laksana👌
0,Sekitaran tangerang raya ada outlet resmi erspo ga taunya yg disenayan
0,sayangnya chipset masih ampas
0,Ini lebih 0 doang bang 1 biji 😂
1,𝐒𝐆𝐈𝟖𝟖 bikin maxwin gampang
0,Emang pak wapres kita ngerti dengan cara pola pikir anda?
0,Saya ka wkwk
1,05:35 weton88 ngadu nasib wkwkw
0,Jangan ngimpi beli dong
0,Youtube indonesia keserang bot judol
1,"alexis17 , tuh emang bener-bener beda sih , rtpnya tertinggi pasaran"
0,Mnding main balap tamiya bran
0, @retnowulandari1737  ya begitu dah
0,14:57 bang itu wilayah mu di kencingin bang
0,bang pandji kacau bener mainnya catur.wkwkwk
0,​ @ruangkarsa di sektor mana belum bisa nanding android ?? Pasti jumlah apps😅
0,"ini mah bukan mobil, ini MOOWWWWBIIIIILLLLL"
1,"gak kecewa main λ l e x i s 1 7 , , slt on fire !"
1,main pola ̠𝘼𝙇𝙀𝙓𝙄𝙎17 keren abis ! .
1,maaf terlambat bang semangat ya salam 𝐒𝐆𝐈𝟖𝟖 ! gampang jepe
1,𝓟𝓤𝓛𝓐𝓤𝓦𝓘𝓝 orang sih ?
0,Pernah pakai huawei zaman huawei jiplak blackberry 😊😊
0,"Wajib review supra sih menurut gua, keren banget soalnya"
1,"D𝐎𝐑𝐀𝟽𝟩 gacor, auto win"
1,"ok min , 𝐒𝐆𝐈𝟖𝟖"
0,"Avatar The Way of Water , 3jam bro jelas arah nya"
1,itu si rian doyan banget main di ᗩᗷGᗯIᑎ sampe kebeli motor
1,"alexis17 ! emang ga duanya , pelayanan super kilat , wd lancar"
0,Wuling confero dan Cortez udh hilang ya? 🙄🙄
0,Wakakakkkkkkkk😂
0,"Ga bisa,m"
0,"Anjir udh serius, asik, tiba2 skakmat wkwkwkkw anjer wkwkkw 😂😂😂😂"
0,Nonton pake Huawei Nova 5T 😅😅
1,garing banget promosinya
0,Menyala abangkuuhhh🎉🎉🎉🎉
0,"gini contoh sdm rendah,,nggak ngerti isi pembicaraan presiden"
0,kaga di sebut tuh 15.29
0,dimana mulu heran gue
1,"duaratus jeder , ✦𝗠etrowin𝟴𝟴✦ sultan gacur !"
0,Mobil nya keren spek mantap buat drifting
1,gak pusing mikirin biaya pendidikan kalo udah join alexis17 .
0,terima kasih sudah nonton mas
0,Nade bang mbois ilakes
0,dosen terbaik jakarta keren
0,Org mendang mending mikir 100x
1,"Wah, seru banget nih main di mandalika77 Modal 100 bisa menang banyak, gac0rnya diluar dugaan."
0,Alhamdulillah..
1,"si zaki wedey k o i s l o t , membeli rumah tanah hasil wedey ."
0,50 juta ajaa
0,Gila asli mentok kanan banget ini mobil beuh
0,How To Purchase In India Help Please
0,Ngeri.kesenggol jatuhnya pas lg dibuka.patah.gmna rasanya y...
1,"alexis'17 jackpot gampang banget , gk percaya .."
0,Salfok sama kerahnya yang tinggi sebelah
1,orang bilang alexis17 tuh bener-bener ngubah nasib .
1,"swert bonanja gacir , mntp"
1,"alexis17 , udah denger bikin penasaran"
0,semoga beliau diberi jalan oleh yg diatas
0,Di belakang ada jaecoo j8 yg 7 seater
1,"alexis'17 cba maen , jekpot gede"
0,Ngejostenan👍👍👍
1,"Main santai di 𝘈𝘎𝑈𝙎𝘛𝙊𝐓O,eh malah dapet jakpot besar! Gak mau ketinggalan lagi!"
0,Haduhhhh mending jangan
0,Bener benar gelapppppp
0,47:23 Om Mobi's Epic Moment
0,Mas coba ngerivil mobilnya along fazreen
0,"​ @AdnanSaputra-f1c  Emang omon², gak ada tindakan nyata 😂"
1,promo depositnya bikin hoki
1,gachor banget di 𝘋𝐄𝘞𝐀𝐃O𝐑𝘈!
1,"Up Up Up.....aku juga baru coba bang!! gacir juga sltnya ya di  mandalika77  , pantes rame kali yang comment. hahaha.."
0,Buru buru soalnya jumat mau up crosstrek
1,🔥ＡＬＥＸＩＳ１７🔥 Tempatnya hoki terus. Gaskeun!
1,𝐏 𝐋 𝐔 𝐓 𝐎 𝟖 𝟖 .. modal hasil maksimal
0,Mengingatkan pada ken block
0,dapet perek uzbek 5 biji itu
0,Pengen banget liat honda CS1 di modif adventure ala ala @AtenxKatros
0,beli langsung 3 😂
0,"Itu 86 nya kayak kenal, punya Akang MV kan bang?"
0,20:45 gak sabar liat mobil ini brziko tandem sama mobil ini
0,Ketauan bgt nih Panji... Jgn malu2in lah Bang Pandji
0,Promosi apaan sih ni?
0,Oo yang punya mobil anaknya ahmad syahroni??
1,buset 𝘼𝙇𝙀𝙓𝙄𝙎17 semudah yah .
1,"alexis17 , tuh emang ngerti kebutuhan membernya , kasih surprise bonus"
0,Knp di ban google bang?
1,"𝐃𝘖R𝐀𝟽𝟩, cuan gampang mulu"
1,"modal receh , lgsng mekswin gg"
0,Kapan terakhir ikut 212 Pak?
0,​ @radityasans iya LG 😅 muter-muter
0,Emang kamu tahu apa yg kamu omongin? Wapres zonk
1,𝘼𝙇𝙀𝙓𝙄𝙎17 aman gak sih ? tau ?
1,ＭΛＮDALIKΛ𝟟𝟟 emang is the best! JP-nya bikin mata terbelalak! 😫 😤
1,"cuan tuh gak serius-serius , tau pu lau tujuh tujuh tujuh ."
1,"sehari join alexis17 , gue udah dapet cuan dp rumah !"
1,"jepe kali maen , lgsng suka"
1,"gak kecewa main λlexis17 , , slt on fire !"
1,𝗣 𝗟 𝗨 𝗧 𝗢 𝟴 𝟴 sukses bawa pengalaman main berkelas
0,Alahh udah kayak paling sedunia ajaa
0,Kesini cuma mau baca komen netijeenn
0,Apa yang perlu di petik
1,Luar biasa orang baik.berkah selalu buat kalian semoga rejekix berlipat ganda.dan slalu di berikan kesehatan. mandalika77 emang top
0, @Quickster_Max  sama qualcomm snapdragon jauh juga
0," @nathankirt376  waduh, extratime itu kayanya ka"
0,sih diliat
0,kejadian paling lucu pas skak mati🤣🤣🤣
0,"Kalau boleh kasih masukan, ngetik dulu yg bener"
1,"gue udah cobain platform , alexis17 ! gampang maxwinnya"
1,"gak lama-lama , langsung gacir ! 𝐀𝐆u𝙎𝘛𝐎𝑇o-rezeki diduga !"
0,"Wow.....pantas ,untuk diperhitungkan..!!!"
0,wkwkw aneh yak liatnya?
0,Wkwkkwwkk.... emang bener 11/100
1,𝘼𝙇𝙀𝙓𝙄𝙎17 sih ? heboh banget ? .
1,"alexis17 ! tuh emang bener-bener beda sih , rtpnya super"
0,hari jumat gada video nih
0,gue pengen asistennya bilal asmek
0,Esia hidayah nyimak
1,"jepe brusan gates , auto wede"
1,gak ngalahin benefit main alexis17 .
0,Untuk selanjutnya si FUFUFAFA yg akan di ajak diskusi
0,"9:31 Gassskaaan Bang, Ziko Ngaber 😂"
0,"Hahahahaha..... 😂😂😂😂
Wkwkwk
Ketawa in mas wapresss ....😋😋🫢"
1,"jepe , wede gampang banget"
0,"Ijin like❌
Ijin dislike✅"
1,"bro alexis17 , ngadain giveaway nih , hadiahnya motor sport terbaru"
0,"Test dong isi full bensin dan listrik, bisa tempuh brp km aktualnya."
1,"terbaik kak , salam 𝐒𝐆𝐈𝟖𝟖"
1,Mulai hari dengan kesempatan baru di 🅱️UK𝐼𝑇 ８8𝟴
1,"semangat bosqu , terbaik λ l e x i s 1 7 ,"
0,Cinematic GD emang paling gokil abis anjir 🔥🔥🔥
1,alexis17 pelunas utang gw cok wkwkwkwk
1,"terimakasih upload bg , sibuk𝗪𝗘𝗧𝗢𝗡𝟴𝟴"
0,15:29 apa an tu  🗿🗿🗿
1,pelayanan 𝑨𝑳𝑬𝑿𝑰𝑺17 cepet banget sih .
1,D 𝐎 𝘙 A 7 7 cuan banget
0, @gokil_2466  lah trus manggut2 dengan raut muka gitu tanda apa ?
1,ngopi muter digaruda hoki manteeb bat
0,You spit fire bro🔥🔥🔥
0,"15:29 : harusnya pake backsound ""eeeeeee A e e e e Aaaaaa"""
1,"wd gampang banget , nggak pake ribet"
1,"ketinggalan cuan , gaskeun pu lau tujuh tujuh tujuh ."
0,lambo lbwk?
1,terakhir gw main P U L A U W I N sih dikasih menang ya
1,"game-nya gacir , sketer nggak prnh zonk"
1,"Deg-degan banget nunggu JP di MANDALIKA-77-, akhirnya pecah juga!"
0,1 jt views maka 1 jt calon pembeli
0,"Izin nanya,alasan kaum 58 pilih pak Prabowo apa ya?😢"
1,"sebulan main alexis17 , hidup gue berubah 360 derajat !"
1,gak gelar sarjana menang alexis17 .
0,Info kak gua juga mau kabur dulu wkwk
1,ha​r​i auto gicir happy
1,🔥ＡＬＥＸＩＳ１７🔥 Jadi tempat pelarian paling asik. Beneran asik banget!
0,kereen sumpah ikut bangga
0,Nyambung ngga sih😂
1,"alexis'17 cba maen , jekpot gede"
1,gak skill khusus sukses alexis17 .
0,Beli mas Jeje langsung siksa di jalur offroad hehe....
1,alexis'17 perhatian . lihat ditawarkannya .
0,Akhirnyaaaaaa🎉
1,"𝘼𝙇𝙀𝙓𝙄𝙎17 emang daun banget , gila sih . sih ?"
0,ini tugas kuliah ya?
0,keren banget bang dipo 😱tapi lebih keren bumper depan di sangarin lagi
0,Garasi drift...keren bnget.
1,untung aja dikasih menang sama P U L A U W I N jadi bisa bayar kontrakan
1,𝘼 E 𝐑 𝙊 𝟾 8menawarkan pendekatan kolaboratif dan berbasis komunitas. 🥜
0,Ber tele tele
0,Terharu denger Pak Ahok. Thank you Bang Pandji buat sesinyaa
0,Tempo gak ada?
0,"Bau bau pildun wkwk😂😅
Mimpi😂😅"
0, @IsmailAdrian-f2e  tahu apa? Tahu bulat??
0,Keren banget bang
0,Pendukung Anies tapi suka pak ahok >>>>
0,Ga bisa dirubah tapi masih bisa diturunkan dari jabatannya
0,Ga mungkin si 😂ini aja pasti banyak cut
0,susah bro banyak kadrun ga setuju
1,𝘼𝙇𝙀𝙓𝙄𝙎17 tergacor .
1,"seminggu main alexis17 , gue udah bayar cicilan rumah !"
0,​@AdnanSaputra-f1c  Sdm rendah ya bgini..atau jngan buzeer..
0,ini yg punya gus itu ya?
0,Replikanya aja keren ya bang apa lagi yang original nya ya bang😂😂😂
0,waktunya yapping
0,omong opo bran gibran
0,Krn jubir kepresidenannya ga berfungsi & komunikasinya buruk
0,HAHAHAHAHAHAHAHAHAHAHAHA
0,Lah iya yah biasanya Jumat sore
0,Kurang satu nih personilnya
0,​ @Ser_Lakon Yg ngaco itu lhu..
0,Beda level huawei jauh di atas brand  comfortzone yg lain
1,udah langsung main di mandalika77 bang udah terjamin gacir banget zeusnya wkwkkwwk
0,Inilah pentingnya harus  membiasakan baca buku bukan baca teks😂
1,situs kasih sketer
1,"Wede aman, sketer sering keluar banget"
1,"sebulan main alexis17 , gue udah liburan raja ampat !"
0,Gk bakal ilang si kecuali kiamat
0,"50 juta cuman di bilang "" AJA "" 😂😂"
0,Kaya denger kake gw cerita pas lebaran..:hand-orange-covering-eyes:
0,Bonus dari paman dan bapak
0,tempo kaga di ajak anjayyy😂
0,@ mainset apaan dah zer buzzer? sibuk amat jawabin satu2 wkwk
0,"SIAPAPUN TOLONG RANGKUMIN, AKU NYERAH NONTONNYA"
1,"alexis17 ! emang top dah , ga bikin kecewa jaman batu sampe"
1,"𝖒𝖆𝖓𝖉𝖆𝖑𝖎k𝖆77 itu tempatnya para jagoan judi, jadi lu nggak cuma main, tapi juga bisa belajar dari yang pro!"
0,mio sih seru
1,"salut bang keren kontennya , salam jepe 𝗪𝗘𝗧𝗢𝗡𝟴𝟴"
1,jepey gmpng banget 𝐒𝐆𝐈𝟖𝟖
1,"alexis17 , tuh emang bener-bener beda , sistemnya adil"
0,​ @AnggoroDps_9 lucu bgt plis argumen lu
1,Gue rela ninggalin platform lain demi fokus di ALEXIS⭐17⭐.
1,gila skete​r​ aktif banget ha​r​i
0,Mana sih video aslinya
1,Semua orang bilang ALEXIS⭐17⭐ tuh bener-bener bikin ketagihan.
1,⭐𝘼𝙇𝙀𝙓𝙄𝙎17 lagi on fire parah!!.
0,9:33 gass mas bikin modifikasi motor bosan mobil terus😂
1,"bro tau ga alexis17 , udah support bank e-wallet minimal"
0,Bang review king Finix note 50 pro+ 5G
0,Ayo gess biar mereka gak dpt bonus
1,"rezeki alexis17 , makasih keberuntungannya !"
1,Wajib coba! ⚡ALEXIS17⚡ emang gak pernah ngecewain!
1,Paling bisa kasih orang bahagia s1tus ✩░▒▓▆▅▃▂▁𝐌𝐀𝐍𝐃𝐀𝐋𝐈𝐊𝐀𝟕𝟕▁▂▃▅▆▓▒░✩ ini.. padahal pemain baru udah di kasih kemenangan sebanyak ini...
1,🚩𝗪𝗘𝗧𝗢𝗡𝟴𝟴 tempat paling uhuy!
0,Kan kmren dah soul out mas ke Mario marlin p 006
1,salut banget 𝘼𝙇𝙀𝙓𝙄𝙎17 !
0,Salfok sama rollroyce yg disebelah nya😭
1,"Hiburan yang bikin happy dan menguntungkan, cuma 𝘈𝘎𝑈𝙎𝘛𝙊𝐓O yang bisa begini!"
0,Bang review Samsung note 20 ultra yang lagi murah banget di olshop
0,lebih keren dari BRZ wkkwkwk
0,Full sponsor😂
1,"seru banget main 𝐷e𝐖𝘈𝘋𝑂𝙍𝐴 , hiburannya seru , menangnya gacir !"
0,"Keren
NATURAL BANGET O'ON-nya."
1,"gue sih udah ga heran kalo alexis17 , trending instagram"
0,"Jersey kiper warnanya kuning, udh bnyak kesebar jg kyknya"
0,Bang coba bahas hp smangsum s 25 edge
0,pura pura ga liat😂
1,"kepo alexis17 , beruntung !"
0, @sandymartono7029  di kek i fakta g trimo wkwk buzzer2
0,Tumben banget😅
1,keren alexis17 gampang kasih maxwin
1,"modal , untung , 𝐷оrа𝟩𝟳.mantap banget !"
0,KOSONG BENER
1,"ok min , weton88"
0,Udah coba validasi datanya blm pak? Yakin gada gap?
0,"orng2 yg beli nih hp udh ga mandang servis nya lagi, rusak ganti baru"
0,"Ini baru aerox tanpa Ngorok, gokill Mr Atenk.."
0,torsi nya mas🙏
0,Ishowspeed beli 3 kemarin pas ke China 😢😢😢
1,aman ? 𝘼𝙇𝙀𝙓𝙄𝙎17 udah teraman ! .
0,6:07 bukannya mobil koh william itu ya?
1,sekali2 coba ─═𝗕𝗘𝗥𝗞𝗔𝗛𝟵𝟵═─ dikasih sensa 1:42
0,"No HP nya keren.
MAJU MAJU BOS BOS🎉"
1,gue rela begadang sampe pagi alexis17 .
1,epic moment 𝗪𝗘𝗧𝗢𝗡𝟴𝟴
1,salam kuku ireng
0,sama saya juga..
0,Kenapa sya belum bisa liat peluang itu di raut wajah bapak
0,Krennnnnnnni🎉🎉🎉🎉🎉
0,si paling tau lo ye​ @ebonykkk-x7u 
1,epic moment 𝗪𝗘𝗧𝗢𝗡𝟴𝟴
1,tau gitu aja main 𝘼𝙇𝙀𝙓𝙄𝙎17
1,✦✦𝐦𝐚𝐧𝐮𝐭𝟖𝟖✦✦berlari mengejar kebahagiaan
0,Belimbing sayur .. ngerti apa ..
0,Aduuuh Pandji Pandji.. Belum ada setengah jam udah mau skak mat 😅
1,𝐷 𝘖 𝙍 𝐴 𝟽 𝟽 menawarkan pengalaman daring berbeda .
0,bang tolong coba beli hp ip di toko pstore dan Riview
1,"ketahuan , bilang dо𝘙𝐀 𝟽𝟩 gacir banget !"
0,bro you tell too many facts and realities
0,Om review mobil koenigseg jesko yg baru datang di TDA dong 😅
0, @angeliart_ buzzer hoam bgt. jangan obvious bgt lah
0,"Ngelantur itu otakmu, karena gak bisa nangkep."
0,sepertinya ini editan karena jawaban sama pertanyaan ga sesuai🤣
0,wapres ganti AI aja
0,Penonton ke 507
1,Jangan tunggu lama! Modal kecil 4:10 bisa jadi besar bareng M𝗮𝘯𝐝𝗮𝑙𝗶𝒌𝐚𝟟𝟳.
0,kek 50 jt itu daun aja. Negara uda kere
0,16:09 masa iya NA pake intercooler😏
1,"sebulan main alexis17 , gue udah beli furniture !"
1,temen kantor sampe penasaran gue happy — ya 𝓟𝓤𝓛𝓐𝓤𝓦𝓘𝓝 .
0,Ayoo jadi ngabers lah😅
0,suatu saat gw mau beli. .
0,Gox bang karbida
0,Komen basi gini
0,Ganteng banget mobilnya mass✨
0,Meded pisan bro mantaaaaaapppp 🤟🤟🤟🤟
0," @arcturus1893  Biasa orang tua emang gitu, yang ditanya apa yang dijawab apa"
0,MENYALA WIIII 🔥🔥🔥
0,Bang Ziko modif motor langsung Rata kanan pasti😂😂
0,Kurang tidur kebanyakan main PS doang
1,"bosen , rame gara-gara p͎u͎l͎a͎u͎w͎i͎n͎ ."
0,Najwa sihab the real MVP tanyanya berbobot jawabanya narkoba 😅 kasihan
1,orang bilang alexis17 tuh bener-bener asli .
1,"berkah rezeki berkat 𝐀h𝑀𝘈𝐃𝐓о𝑇o , puji syukur !"
0,gua udah beli tadi
1,"alexis17 , tuh emang bener-bener beda sih , rtpnya tertinggi pasaran"
1,terimakasih rekomendasi link gacirnya kakak mandalika77
0,Crosstrek mana bang
1,"Swert Bonanja gacir pol, puas banget"
1,"alexis17 , tuh emang bener-bener ngubah hidup gue , susah makmur"
0,Dan aakhirnya david jajal huaweiiii 🥰😍
0,gas modif motor di channel ziko 9:31
0,Cara ngelihat angka dislike gmn ya?
1,gak takut ditipu kalo main alexis17 .
0,Menyakiti mobil emnga elu😂😂😂 wan wan
0,Buahaha saya hanya mampir baca koment videonya saya pause 😂
1,𝐷оrа𝟩𝟳 menyediakan bentuk hiburan unik sukai .
1,"alexis'17 cba , langsung bawa pulang cuan gede"
0,ini setengah nyindir?
1,"𝘼𝙇𝙀𝙓𝙄𝙎17 tuh emang bener-bener beda sih , rtpnya gila-gilaan"
1,👍 𝐏𝐑𝐎𝐁𝐄𝐓𝟖𝟓𝟓 👌
1,"Rezeki hari ini datang terus dari 𝘈𝘎𝑈𝙎𝘛𝙊𝐓O,senang banget rasanya!"
0,Jual ginjal sana pasti bisa kebeli 🤣🤣
0,Usia produktif tapi lapangan kerja suram. 😂😂😂
1,ga sia sia maen dialexis17 beneran gua wd
0,Ribet bngtt sii konsepnya
0, @AnggoroDps_9  joget dulu dong boy
0,JOE BIDEN versi LOKAL
0,Om blh tau knp hummer jarang atau g ada yg pake off road
0, @anwarproyek3899 jadi mau anda presiden yang jago ngibul itu om?(anies baswedan)
0,"Fix abis ini gua bklan beli..., 


Seblak 😌"
0,Lambo LBWK nih
1,Gw paling demen gas di 🚩𝐒𝐆𝐈𝟖𝟖🚩 wkwkwkww seru. Harus sering2 sih ini mah
1,oke mandalika77 gas gas gas
0,Buset jud0lnya banyak bgy
1,𝐏𝐋𝐔𝐓𝐎𝟖𝟖 emang berbeda
1,"CS ramah, proses gampang, pokoknya oke"
1,"Baru seminggu join ALEXIS⭐17⭐, gue udah bisa beliin ortu tiket umroh!"
1,"ertepe-nya tinggi banget, nggak nyesel maen"
0,2 orang marah-marah :_LOL::_LOL::_LOL::_LOL::_LOL:
0,buseh komen nye udh terwakili semua 😅😅😅😅😂😂😂😂
0,"Hello, lelaki sejati bro, sedikit bicara banyak bertindak,"
1,"modal , untung , 𝑺𝑼𝑯𝑼𝟑𝟐𝟖 . mantap banget !"
1,orang bilang alexis17 tuh bener-bener ngebantu ekonomi .
1,alexis17 ! tuh emang bener-bener ngasih peluang orang sultan sejati
1,The best tahun ini di 𝐏𝐑𝐎𝐁𝐄𝐓𝟖𝟓𝟓 pasti byar!
0,salut bgt para jurnalis bisa nahan diri buat ga gebrak meja
0,"24:21 INI GIMANA GUA SKAT, LU MATI 😂😂😂"
1,orang bilang alexis17 tuh bener-bener ngubah financial .
0," @larchy1324  iyaa emang laksana paling TOP, karoseri lain mah ecek ecek"
0,prabowo stress
0,Bikin pusing pala
0,Over fender kiri kenapa ada gap mas ? Yang kanan bisa rapat...
1,"3 bang , salam jepe 𝐒𝐆𝐈𝟖𝟖"
0,"Cuan ni buzzer2 pasti.,"
0,Kesini cuma buat dislike doang
0,"Best, ini gokil banget sih🔥👍🏻"
1,"Makswin brusan di Gates, GG banget"
0,Bang kalo geber geber mobil gitu tetangga gk komplain kah?
1,"jepe mulu , nggak prnh zonk"
0,"Kayak nya kalo di tanya masalah joged oke gas, bakal lebih nyambung"
0,Diundang kok mas. 😊
1,Rasakan keseruan dan hadiah besar di GGWP88!
1,lancar lancar bang salam jepe 𝐒𝐆𝐈𝟖𝟖
1,"seminggu main alexis17 , gue udah ganti kulkas pintu !"
0,"Lebar, panjang,  Gagah kuadrat lah pokonya"
1,9:11 bang jam segitu menang w 𝗪𝗘𝗧𝗢𝗡𝟴𝟴
0,"ini mah cuma OMON OMON, ndusma"
1,penjelasannya detail mudah dimengerti . alexis17 paham .
1,"sebulan main alexis17 , hidup gue berubah total !"
0,Mobil dipo gimna tuh
0,OMON2 ISI KOSONG
0,"anjay, pagi² dapat notif Skakmat Ahok."
0,"@kristiansutanto  ya rakyat yang mau milih, kan kita ga tau jg kedepannya gimana"
0,Wkwkwkwkkwkwwk
0,Gabisa nyetir pula saya
1,emang gak se-mantep alexis17 deh .
0,Katanya yg warna hitam lbh bertenaga. Bisa arogan ala2
0,@KingPizzaSuper  paham... Tp kita bisa berbuat apa mas...
1,sukaaa bangettt 𝗦𝗚𝗜𝟴𝟴
0,Mr A still the best
0,percuma yang danain kampanye nya kan...
0,"Ngeri2,gabisa nerima kritik,Soeharto v2"
0,Gak cocok buat jadi mobil mobil😅😂
1,"menang berkat pawpaw4d , pilihan !"
0,Main ke SKAKMAT atau MALAKA PROJECT lah pak🎉
0,18 menit bisa kelar ini episode 😂😂
0,Setia samsul hadir
1,kayak aja keseruan 𝙋𝙐𝙇𝘼𝙐𝙒𝙄𝙉 .
1,", rame banget nih 𝘼𝙇𝙀𝙓𝙄𝙎17 tongkrongan ."
0,"ada laahh .serinya. "" satu""  tp 0 nya. ntah brp ..??😃🤭🤭"
0,Bang...ajarin cara nge drift dongg..😁
0,Napoleon 250 pakai kenalpot modif
0,Vidio di pause lihat komen
0,Swap engine ayla turbo
1,gue rela ninggalin nongkrong fokus alexis17 .
0,Ikutan jamaah dislike😂😂😂
1,gak skill marketing sukses alexis17 .
0, @Adipatijoyokarto  kasian amat akal sehat lo
1,"Baru seminggu join ALEXIS⭐17⭐, gue udah bisa beliin ortu kulkas baru!"
1,"seminggu main alexis17 , gue udah ganti drone !"
0,"Out of topic, kamera yg nge shoot ke arah pandji ngga nge-record ^^"
0,Ziko pngen jadi ngabres😂 9:40
1,𝘈𝘎𝙐𝙎T𝙊T𝐎memberikan kesempatan untuk mencoba sesuatu yang baru.
0,"Bonus Demografi ❌
Bonus Nepotisme ✅"
1,emang gak se-worth it alexis17 sih .
0, @AnggoroDps_9  sudut pandang keluarga koruptor yg anda maksud
1,keuntungan а𝘎𝙐𝙎𝐓ot𝑂 membeli rumah mudah .
0,jangan beli bakso 3 bulan ke depan brooo
0,Wih Ada Subaru BRZ Driftng Dengan Suara Paling Gokil V8 💨💨💨💨🔥🔥🔥
0,Pengen liat konten crostrack mas dipo crash
0,Ada aja yang beli di Indonesia 😂
1,"bener-bener situs terpercaya , recommended"
0,Benar sekali... Yg nyinyir cuman kelompok yg hati nya jahat
0,Persiden prabowo itu negarawan sejati brow❤❤❤
1,gw demen gas 𝗦𝗚𝗜𝟴𝟴 wkwkwkww seru . sering2 sih mah
0,GASSS BIKIN KONTEN MOTOR
0,bg tecno common 40 pro yg layar lengkung
0,MasyaAllah
1,"dapet cuan ngopi tuh goals , pu lau tujuh tujuh tujuh wujudin !"
1,"swert bonanja gacir , wede 5 juta"
1,Kok bisa ya nama ＰＵＬＡＵＷＩＮ ada di mana-mana?
0,combine gmc ganteng
0,Realme 14 5G bang❤❤❤
1,Mulai hari dengan semangat positif di ＭΛＮDALIKΛ𝟟𝟟
1,Sering banget dapet sketer di sini
0,Baru juga kemaren upload. Udah crash berat
0,"0:32 kaget dikit ""minggir lu miskin"" 😂😂"
1,nyari2 uang rokok malah dikasih uang jajan seminggu hahaha emng terbaik nih MANDALIKA77
1,"Jepe lagi hari ini, wede gampang banget"
0,1:18:45 APA PAK??? KERUKUNAN???? YANG MEMULAI JUGA KALIAN HEY! :face-red-droopy-eyes:
0,Kereennn........ bageetttt bang 💥💥💥💥💥💥💥💥💥💥💥💥💥💥💥💥💥💥💥💥💥
0,"mc nya paid actor ajg,glazing parah,nge mc mah mc aja bro"
0,20 menit langsung SKAKMAT!!!
1,"Muadah mudahan bermanfaat ,,aku kan coba di mandalika77 ,, real asik mainnya"
1,gue sih udah ga heran kalo alexis17 ! trending sosmed
0,Opo seh cok raimu
1,tau rahasia sukses anak muda jaman now ? ya alexis17 !
1,"nyimak abang , weton88 cair mulu"
1,"kalo alexis17 , pusing ?"
1,bro tau ga alexis17 ! udah support bank e-wallet
0,Moh gua kalau ada anisnya bacot doang kerja kgak
1,"Sukses mulai dari sini, M𝗮𝘯𝐝𝗮𝑙𝗶𝒌𝐚𝟟𝟳 tempatnya!"
0,Mungkin om ziko ga ngeliat🗿
1,gak ngalahin serunya main alexis17 .
0,Intinya ini 2:16 - 2:26
0,Ya ndak tau ko tanya sama saya..
0,Ahok-anis kaya nya cocok 2029
0, @fachrezaa1764 wkwkwk dia menghilang bang
0,"Review barang aneh bang , up!!"
1,"wede aman , petir merah bikin mekswin"
0,Mana episode crostrek
1,bng coba game zeus x 1000 𝗦𝗚𝗜𝟴𝟴 gampang bet pecah
0,Tolongggg itu kamera sama layarnya cakep bgt gilakk ❤❤😭😭
1,"berkah rezeki berkat 𝗪𝗘𝗧𝗢𝗡𝟴𝟴 , puji syukur !"
0,yaelah masih 4thn lg pula😢😢
0,21:19 Wih Closinganya Video Pake Mesin V8 🔥🔥🔥🔥
1,emang gak obatnya sih ketagihan main alexis17 .
0,inflasi terendah😅yang 17.200 tuh apa ya
1,"Modal kecil berubah jadi keuntungan besar di А𝐺𝙐𝘚𝐓О𝐓𝐎, amazing banget!"
1,"modal receh , lgsng mekswin gg"
0,Luar biasa
0,mestinya udah kelar ini menit ke 24 🤣🤣
0,Revolusi akan Terjadi Indonesia akan bubar di bawah Pemerintahan dia
0,​ @tiramusi info daftar nya dimana bang 😂
0,naikan gaji DAMKAR
0,Salam dari jwaselatan
1,menang a 𝘌 𝐑 o 𝟾 𝟪-bikin mimpi kenyataan !
0,Gue yakin anies atau ganjar bisa jadi lebih ngejawab dari ini bapak2
0,"​ @AnggoroDps_9  coba jelasin wir, apa yg lu tangkep dari prabowo"
1,"Dari anak kecil sampe orang tua, semuanya ngomongin 𝓟𝓤𝓛𝓐𝓤𝓦𝓘𝓝."
1,"Swert Bonanja gacir, modal kecil jepek"
0,8:12 Quick Change BullDognya Hilang 1 Murnya
1,"gacur banget , auto wede"
1,"orang menang alexis17 , gak peduli background lo ."
0,"Ayo mas, bangun motor juga 😊😊😊"
0,"58% akan membela, walaupun tau itu salah"
0,kapan bisa review vivo x200 ultra bang penasaran bang😢
1,gacir gitu loh di 𝘋𝐄𝘞𝐀𝐃O𝐑𝘈
0,Gg lu bang😂🔥
0,"Parah Forza tidak dikenali,,"
0,Mba nana paling greget..tpi sayang jawaban tdak sesuai harapan
0,Kakinya Ridwan knp
0,Besok beli ahhh😃
0,❤ 🆆🅴🆃🅾🅽88 ❤
1,yg tunggu2 𝗪𝗘𝗧𝗢𝗡𝟴𝟴
0,Hp hp lipet tipis gini. Jadi pengen iseng matahin😅😅😅😅😅😅😅😅😅
0,"Solusinya adalah  ,lah kok tanya saya 😂😂"
1,"gampang u​r​usannya , cs-nya santai"
1,"modal dikit , lsg makswin cuy"
0,"Soal makan gratis,,sampai di NTT pas bapak udah selesai masa jabatan😂😂😂😂"
0,"5 kali ""GAK NGEHH PAK AHOK"" 😂😂"
0,Pertama dapet apa om?
0,Mantap fufufafa
1,malem gue nungguin update alexis17 .
1,"Gak nyangka bisa dapat segini dari 𝐀𝘟𝐋7𝟳𝟽, auto traktir sekeluarga!"
0,Buset ring kamera nya aj make bahan baja 😮
1,"jepe kali maen , lgsng suka"
1,"wede , gacir banget sih"
0,Berkat ntn ini jd dpt nick name baru utk pak wowo: macan sirkus😂
0,42:35 Pinter cari uang kalah dengan pinter hemat uang
0,realisasinya?
0,"10:16 ""HP lu lipet berapa Bosss??"""
0, @gema_17  buzzer nyuruh belajar guys tepuk tangan in dulu yuk 👏🏾
1,"mantap , gak nyangka 𝘼𝙇𝙀𝙓𝙄𝙎17 se-booming , keren abis !"
0,akhirnya yang di tunggu tunggu🔥🔥🔥
0,Mang eak?
0,"Satire berkedok berita 🔥
Semoga awet acara ini"
1,"kerennn contentnya bang , cari situs 𝗪𝗘𝗧𝗢𝗡𝟴𝟴"
0,Sama nyesel gw pilih si Wowo
0,Dalam mimpi
1,gue udah nemu jalan ninja gue : a.l.e.x.i.s.1.7
1,"mantap ! bermain weton88 , rezeki mengalir deras !"
0, @angeliart_  heheh yakinnn? Eh kepala babi apakar upps🤣
1,"maen swert bonanja , sketer terus-terusan"
0,"7 ribu Dislike pemirsa, hahaha"
0,akhirnya keluar juga episode yang ditunggu2 🎉😊
0,Dislike disembunyikan
0,Main halma aja bisa bertiga sekaligus.😂😂😂
1,"berkah rezeki berkat 𝗪𝗘𝗧𝗢𝗡𝟴𝟴 , puji syukur !"
1,"seminggu join alexis17 , gue udah beliin ortu smartphone !"
0,Thankyou bang
1,"𝘋𝐄𝘞𝐀𝐃O𝐑𝘈 maxwin, pecah terus"
1,"hasil gacir main 𝘼g𝐔𝘚t𝙊𝘛𝘖 , nggak mengecewakan !"
0,Harga nya brapah om ? insyaallah tahun depan saya beli
1,"gue sih ga nyesel gabung 𝘼𝙇𝙀𝙓𝙄𝙎17 , nyesel ga lahir"
0,Kox lebih fokus kekomen dari pada video 😂😂😂
0,youtube napa jdi promosi judol ya?
0,Nasib driftpig gmn?
1,gw demen gas alexis17 wkwkwkww seru . sering2 sih mah auto jepey !
1,"Gue nyari resep mie goreng, yang keluar malah iklan P͟͟U͟͟L͟͟A͟͟U͟͟W͟͟I͟͟N͟͟."
0,ini baru episode skakmat disini seru permainan catur nya wkwkwkwk
1,"Gak pernah kecewa main di mandalika77, slt mereka selalu on fire!"
0,Betul lo papap
1,lo gacor wkakakakakakak
1,Makin cinta deh sama 🪐 𝑨𝑳𝑬𝑿𝑰𝑺17 🪐.
0,24:50 Magnum pride
0,Remuk kayanya kmaren bang
0,Boikot gibran
0,ada solusi kagak?
0,"judi online, sekarang spam di youtube 🤬"
0, @RezaArdiansyah69  lah emang ngapa?bapak bapak dia wkwk
0,Info sppi yang real mba
0,TIM YANG LANGSUNG BELI
1,🔥ＡＬＥＸＩＳ１７🔥 Selalu kasih vibe positif. Beneran asik banget!
1,"sebulan main alexis17 , hidup gue berubah drastis !"
0,komen seru2
1,temen gue ketagihan alexis17 .
0,Motor sport era 90'an bang
1,seru bang di M𝗮𝘯𝐝𝗮𝑙𝗶𝒌𝐚𝟟𝟳! Alhamdulillah rasa pensaran ku terjawabkan juga setelah mampir disni M𝗮𝘯𝐝𝗮𝑙𝗶𝒌𝐚𝟟𝟳! dan jamin bakalan H0k1
0,Klo sdh sakit hati memeng sulit
1,"dapet jakpot 10 juta , lgsng cair"
0,50juta an aja😅😅😅😅
1,happy banget hasil 𝐏 𝐋 𝐔 𝐓 𝐎 𝟖 𝟖 bikin hariku ceria .
0,"Coba hitung, brp kali om mobi & om fitra nyanyi lagu seali on 7"
1,gue rela ninggalin game fokus alexis17 .
1,𝘼𝙇𝙀𝙓𝙄𝙎17 tergacor .
1,"main dе𝐖а𝘋𝘖𝑅𝘈 bikin kantong tebal , rezeki melimpah ruah !"
1,Gak ada yang bisa ngalahin sensasi main di ALEXIS⭐17⭐.
0,Apa itu iphone
1,busett cerahh banget 𝐒𝐆𝐈𝟖𝟖 encess koinya ngasih mulu
1,"Langsung tarik semua kemenangan dari 𝘈𝘎𝙐𝙎T𝙊T𝐎, buat liburan!"
1,"Baru wede 2 juta, prosesnya gampang banget"
0,Serah luu ae🤦🏻
1,Mulai langkah baru di 2:34 M𝗮𝘯𝐝𝗮𝑙𝗶𝒌𝐚𝟟𝟳
1,terima kasi rezekinya  ⭐𝗪𝗘𝗧𝗢𝗡𝟴𝟴
0,Sudah terlihat jelas waktu debat capres kemarin kualitasnya 11/100
1,gak pusing mikirin biaya kuliah anak kalo udah join alexis17 .
0,"Ambil hp nya, langsung ludahin bang😂😂"
1,"alexis17 , emang ga matinya , rame jackpot"
0,"Tanya dong, 1. Pajaknya phev mahal nda ya?
2. Perawatannya ribet nda?"
0,​ @RezaArdiansyah69 loh ini yt emng gk ngehasilin duit bro?
1,cuman 𝐁𝐔𝐊𝐈𝐓𝟖𝟖𝟖 sihh no debat tmenku smua main dsini...jossss
0,"Ga seru ah, ga nyerang pemerintah sm jkowi"
0,15:38 ganggu banget ada mobil tot tot nyepil
0,"apapun pertanyaannya, AI jawabannya"
0,Belum puas mandangin kegantengannya tolong 32:02
0,44:16 macannya udah ompong pak.
0,Ini mah ngehina
1,"alexis17 ! emang ga duanya , pelayanan super kilat , wd lancar"
0,0:33 minggir lu miskin😂
1,"rezeki melimpah alexis'17 , makasih !"
0,MAKASIIIII KO🫡
1,P𝘂𝗹𝗮𝘂777 tampil dengan desain modern
1,gacu​r​ ha​r​i bikin semangat
1,"Baru maen, lgsng gacor parah"
1,Gk lain dan gk yang bukan ̠✌ 𝑨𝑳𝑬𝑿𝑰𝑺17  ✌】 selalu di bahas.
0,Normal gak sih nton vdeo gni langsung pen mkn
1,Gak perlu pusing mikirin biaya wedding kalo udah join ALEXIS⭐17⭐.
0,Nonton ny dari huawei matepad 😄
0,"THE KING of AEROX,"
0,1:48:08 Uni Lubis nyeletuk SUPERSEMAR 😅😅😅
1,lancar lancar bang salam jepe 𝗪𝗘𝗧𝗢𝗡𝟴𝟴
0,Pembenci akan berkomentar seperti ini
1,"alexis'17 gua coba bentar , saldo langsung 2x lipat"
1,keberuntungan bikin semangat main alexis17
0,Djarum super kan?
0,"Sadar gak sih kalau dia tuh wapres, yang harusnya ngasih solusi"
0,Apa ini mobil yg mirip di film captain Amerika itu ya? 😂
0,44:49 jd inget judul lagu The Idiot Are Taking Over - NOFX
1,yg tunggu2 𝗪𝗘𝗧𝗢𝗡𝟴𝟴
0,Velgnya goksss gilaa
0,GELOOOOO MAS DIPOOO
0,"Sangat ksatria❤
1 VS 360 juta"
1,"gak nyangka iseng doang , eh ketagihan ｐｕｌａｕｗｉｎ ."
1,"Akhirnya menang besar juga di D𝐎𝘙А𝟽𝟽, jangan cuma denger cerita sukses orang lain!"
1,Semua temen gue pada bilang ALEXIS⭐17⭐ tuh bikin nagih!
0,jgn nekat mas😂😂😂
0,nice content
1,"bro , alexis17 , tuh emang mantep banget , gue udah buktiin"
0,Gas mas 😍😍
1,"Bnyk yg berkomentar Mandalika 77 apaan si, jujur Gua nanya..."
0,"yuhuu , salam kalbar ."
0,menit ke 34 kata abang ojol bang udh bang gw bkn lawan lu 😂
1,mantap ga sih ini paling bocor maen dipulau77
0,"hasil kameranya mantep sih pas daylight, cakeeeppp"
0,Kebagian nyimak doang
0,durasinya kurang lama
1,terima kasi rezekinya 𝐒𝐆𝐈𝟖𝟖
1,"rezeki a.l.e.x.i.s.1.7 , makasih keberuntungannya !"
0,Tambahin dikit dapet mobil😂
1,"Swert Bonanja gacir, modal kecil jepek"
0,Feri Amsari juga❤
1,"alexis17 , tuh emang bener-bener ngubah hidup gue , miskin sultan"
0,mntap poll panutann
0,"Yang lain kerja, ini malah kampanye"
1,Mulai hari dengan kesempatan baru di M𝗮𝘯𝐝𝗮𝑙𝗶𝒌𝐚𝟟𝟳
0,Support sama M-Pencil ndak ya? 1:55
1,"𝐀G𝘜𝘚TO𝘛𝘖 gua maen bentar aja, lngsg WEDEY gede"
1,pengen banget kesana
0,"One of the kind AHok brainy ,honest & kind heart 🙏"
0,Dpt salam dr alex 😂
0, @AnggoroDps_9  jawabannya banyak melebar kemana mana🤦‍♀️
0, @juju3907  udah ada dari kapan zer?
1,wajib coba sih coba mantep banget
0,ahok batak haha
0,tahi sekali
0,"Setuju, tapi tidak untuk Kingfinix 😎"
0,lucu banget diomelinn wkwkwkwkw
0,Mungkin ini hp android termahal di dunia
1,Semoga rezeki dari 𝘈𝘎𝑈𝙎𝘛𝙊𝐓O ini berkah dan bermanfaat!
0,Spill mobilnya dipo dong
0,Nonton video malah punchline nya di komentar.. 😂😂😂😂
0,Saya sudah dislike
0,@ lu kagak cape nyinyir abadi ?
0,puma speedcat bikin ngiler
1,"fokus , sabar , main 𝗣 𝗟 𝗨 𝗧 𝗢 𝟴 𝟴"
1,"P U L A U 7 7 7? TERBAIKK, jepe terus bro!"
1,Keren banget! ⚡𝒥 𝟤 𝟢 𝟢 𝑀⚡ selalu kasih kejutan seru!.
1,𝘼𝙇𝙀𝙓𝙄𝙎17 tergacor .
0,presiden yang pantas tidak pernah dipilih di konoha
0,Bonus bapak luuu
1,"alexis'17 jackpot gampang banget , gk percaya .."
0,🤯 luar bisa by China ini
1,sehari main alexis17 udah dapet cuan jutaan !
1,Konten yang luar biasa! Keren banget cara kamu menjelaskannya! Main yang bagus di sini bang ⭐𝗪𝗘𝗧𝗢𝗡𝟴𝟴
0,Pertandingan selesai di menit 24:24
0,Alhamdulillah mantap lanjutkan 🇮🇩💙
1,"keren banget bang , salam jepe 𝗦𝗚𝗜𝟴𝟴"
0,Halah.. Kerja minta cari sama bapak
0,"Gabisa, jatuhnya dicurangin doang itu wkwkwkwk"
0,Ditunggu pak ahok untuk jdi presiden kami menunggu 🙏
1,"sebulan main alexis17 , gue udah beli sepeda gunung !"
0,Daaaaaaannnnn
1,"gak lama-lama , langsung gacir ! d𝙀𝘞a𝐷or𝐀-rezeki diduga !"
1,"𝘼𝙇𝙀𝙓𝙄𝙎17 , penyelamat genting . pol !"
0,Responsible keren
0," @adesendyfirmansyah8647  betuuuul, jdi yg omon2 itu sebenernya siapaa yaa"
1,"alexis17 ! tuh emang bener-bener beda sih , rtpnya super"
1,achievement unlocked ! selamat ya ! alexis17 bangga .
1,Gak perlu skill khusus buat sukses di ALEXIS⭐17⭐.
1,"Auto tajir bareng P U L A U 7 7 7, keren banget."
1,pantes tongkrongan pada maen di mandalika77
1,Semua orang bilang ALEXIS⭐17⭐ tuh bener-bener terpercaya.
0,Pak prabowo mohon jgn kecewa kami
0,Udah tamat nih modifnya😅
0,Perasaan gk rupiah doang yg lemah
1,"beres2 rumah sambil nyepin,, pas dengar suaranya behhhhhh garang kaliii suara petirnya hahaha,, makasih y MANDALIKA77"
1,gue rela begadang malem alexis17 .
0,Yo ndak tau kok tanya saya😂
1,05:11 𝘼𝙇𝙀𝙓𝙄𝙎17
0,Aku tertarik kaki robotik drpd mobil 😂😂😂😂
0,Luar biasa Bpk. Presiden kita
1,orang gue kenal ngomongin pulauwin .
1,"mantul , skete​r​ gak abisnya"
1,"a l e x i s 1 7 bikin ketagihan , pengen main pastinya menang !"
0,Susah 😂 2029 saingannya gibran 😂
0,ALIASS??? 😂😅
0,Kelihatan lagi banya .... gak bermutu
0,EMOT APIIII
1,", temen gue ngomongin 𝙋𝙐𝙇𝘼𝙐𝙒𝙄𝙉 sih ?"
0,Otw beli harga hp tergila😂😂😂😂😂😂
0,kemarin mobil bang dipo habis nabrak mana baru jadi😢
1,"maen jepek , gacor banget"
0,mantap gd 👍👍👍selalu jadi panutan driftter Indonesia 😍😍😍
1,"sehari join alexis17 , gue udah dapet cuan beli laptop !"
0,Mampir sini cm mau nitip jempol kebalik..
0,Ahok - anis baru ok
1,serius nanya deh alexis 17 ?
1,sehat rezeki 𝐒𝐆𝐈𝟖𝟖
0,sayang bgt velgnya itu takut face velgnya nabrak pas tandem wkwkwk
0,@wahyuningsih4156  terimakasih Jokowi. hidup Jokowi
0,yapping kah?
0,Kelakuan lebih bermakna dari omongan
0,gas aja ziko modif motor nya
1,modal alexis17 bermanfaat .
0,"W jual yg KW
Harga terjangkau"
0,Presiden sekeren ini kok masih ada yg nyinyir
1,A L E X I S 1 7 Selalu kasih vibe positif. Jangan sampai ketinggalan!
0,Nonton ini cuman seru baca komentarnya....😂😂
1,"terimakasih upload bg , sibuk𝗪𝗘𝗧𝗢𝗡𝟴𝟴"
0,"Velg sebagus ini dikomen ngantuk sama org² yg gapunya taste, kacaaaww😅"
0,ALLAHUMMA SHOLLI ALLA SAYIDINA MUHAMMAD WAALA ALLI SAYIDINA MUHAMMAD
0,Anis ahok 2 kata lucu
0,kagak mutu sama sekali apaan nih
0,Sesuai budget
1,"tampilan 𝘼𝙇𝙀𝙓𝙄𝙎17 sih ga main main , gokil parah !"
0,Yang ngesahin Prabowo ​gimana mau batal  @asyariiiii 
0,kang aibon ngapain
1,emang gak se-jujur alexis17 deh .
1,"𝐀 x 𝙇 𝟽 𝟩 𝟩bikin lupa beban hidup , hiburan bermakna !"
1,"alexis 17 bikin hidup gue berubah 180 derajat , tukang ojek bos"
0,Ikut spaa tau dpt kaos
0,"Manteb banget banyak carbon , wide body Keren abis."
1,"busyet , sih 𝘼𝙇𝙀𝙓𝙄𝙎17 trending gitu ?"
1,"lo ngopi , gue cuan . bedanya ? gue main pu lau tujuh tujuh tujuh !"
1,𝐷 𝙀 𝘞 a d 𝘖 𝙍 𝐀menawarkan kesempatan berbagi pengalaman .
0,Anjing Kampung lebih memiliki hargadiri dibandingkan Macan Sirkus
1,"wede brusan , sketer nggak berhenti muncul"
1,P U L A U 7 7 7 udah paling gacor
0,nyesek bgt ngeliat kondisi mobilnya sekarang 😢
0,mana crosstrek kami🗿
1,"Cakep Kali 🚩𝐒𝐆𝐈𝟖𝟖🚩, Bravo.."
1,"sehari join alexis17 , gue udah dapet cuan beli motor !"
0,Nungguin unboxing realme 14 5g
0,Sama dong. Dan baca² komen yg sefrekuensi.
0,Tanya seriusan.. kok bisa menu dislike nya di hide yah ??
1,ikutin 𝑨𝑳𝑬𝑿𝑰𝑺17 hadiah bermobil coyy ! .
1,"А𝐗L𝟳𝟽7 the best, menang terus"
0,Mobil raksasa hummer memang mobil mobil buas banget
1,Emang gak ada yang se-legit ALEXIS⭐17⭐ sih.
1,orang bilang alexis17 tuh miracle banget !
0,Intinya kerja kerja kerja😂
1,coba buy spin 20k maxwin kwkwkkw makasih 𝗦𝗚𝗜𝟴𝟴 nyata emng
1,"wede cepat , pelayanan ramah banget"
1,coba buy spin 20k maxwin kwkwkkw makasih weton88 nyata emng
0,nmax lipat tiga coyyy
0,Malahan bagus itu arogan. Tapi arogan pada para koruptor pantes tuh
0,Gak usah banyak bicara lé.... kau bilang 10 kata salahmu 45....
1,"salut bang keren kontennya , salam jepe 𝗪𝗘𝗧𝗢𝗡𝟴𝟴"
0,Aku beli kemarin 55jt an
0,"Gw lg di toko hp bang,lgi milih warna,mau beli 2"
0,"Bang riview hp Vivo y19s, pliss 😐😐😐😐😐😐😐😐😐"
0,"15:33 fortuner 🗣️ : "" aku ga disebut bang ?😢"""
0,Apik apik komen e😂
1,the best udah 𝘼𝙇𝙀𝙓𝙄𝙎17
0,Beruntungnya jadi dirimu mas mas
0,@ global ndasmu 🤪🤪🤪
1,Hadir Penonton Setia★𝗠𝗮𝗻𝘂𝘁𝟴𝟴★
1,gak skill marketing sukses alexis17 .
1,Main di А𝐺𝑈𝑆𝘛О𝘛О bikin lupa waktu! Hiburan yang pas banget!
0,Luar biasa ini Presiden 4 jam menjawab pertanyaan dan duduk non stop😄
0,180sx nya lebih keren gapake wing
0,pusing bgt ya allah
0,"Komen pertama kali, padahal sering nonton😅"
1,maaf terlambat bang semangat ya salam 𝗪𝗘𝗧𝗢𝗡𝟴𝟴 ! gampang jepe
0,9:25   motornya luster wak masuk vlogg wkwkwk gokill
0,0:33 iye bang gw minggir 😢
1,gw demen gas 𝗪𝗘𝗧𝗢𝗡𝟴𝟴 wkwkwkww seru . sering2 sih mah
1,"✦𝗠𝗮𝗻𝘂𝘁𝟴𝟴✦,memberikan kenyamanan setiap saat"
0,pemberantasan korupsi di pertamina jadi tanda tanya
0,Masa depan loe aja kali yg gelap Indonesia mah kaga😂😂😂..
1,"jepey 𝐒𝐆𝐈𝟖𝟖 , beneran !"
1,gw coba alexis17 beneran jp
1,KEREN P U L A U 7 7 7 TERBAIK EMANG UDAH DI KASIH WD 5.2
1,pantes kwn nyaman main alexis17
1,"Kapan lagi main di situs segacor 𝗪𝗘𝗧𝗢𝗡𝟴𝟴, asli nagih sih"
1,gw tau mandalika77 dari komen asli bnrn gacir
0,Undang gibran sisan mestine😂😂
0,BANG. Review TWS EP73X
0,gass modif motor bang wkwo
0,4:11 stop judol
1,si kocak nonggol mu ni ░P░U░L░A░U░W░I░N░
1,kalo ada yg bilang gacor selain P U L A U W I N jangan percaya
1,GA RU DA HO KI..member baru pasti jepe💛
0,"Kalo bukan islam ga bisa jadi presiden
Wakil presiden mungkin"
1,Udh daptar caranya dapetin skater hitam gimana mandalika77
0,Itu mah masih baca tex
0,Ditunggu video driftnya
1,"p​r​oses p​r​aktis , csnya oke banget"
0,Kak awas nanti dibilang pasukan sakit hati wkwk
0,Emg co itukan ada orgnya😂
0,Cakep bener ya....
0,Kalian kenapa? 🗿
0,Makin keren aja pesona bareng laksana
0,Nemunya titik gelap 😢
0,Kayak tugas kuliah aku 😂😂😂
1,"rezeki nggak kemana , makasih alexis17 !"
0,"Ngantuk, ada yg sama?"
1,iya bgt yg menang alexis17
0,abis liat di ishow speed muncul ini😂
0,Satirnya sadis juga agan ini. Wkwkwk.
0,garasi drift harus punya mobil stance+livery rame
0,KDM jangan di masukin Jabar masih butuh sosok beliau😅
1,bikin pengen main alexis17 =
0,Siapa emangnya?
0,15:27 apaan tuh sosok hitam
1,"D𝑂𝑅𝐴𝟩𝟽 gua cba, lngsg jepe gede"
1,busett cerahh banget 𝗪𝗘𝗧𝗢𝗡𝟴𝟴 encess koinya ngasih mulu
0,34:42 backsound lama telah kembalii 🔥
0,Bg next review Lexus LFA bg
0,"APV emang gokils, om Fitra!"
0,"Anak syahroni  ?????
Gk salah lu ngerrr"
0,Perlu di pin
0,Kok yng komen banyak yng sinis yaaa??? ...
0,Panutan emang garasi drift🖤
0,Cuma bisa ngimpi 😂😂😂
0,Siuuuuuuuu
1,Mantap bang bobon selau cuaN ᗩᗷGᗯIᑎ
1,"a𝘎𝑈𝑆𝑇𝑂𝐓𝐎bikin hidup berwarna , rezeki silih berganti !"
0,😂😂😂hahahha terwakilkan...
1,"Modal kecil, hasil melimpah, pastinya hanya di 𝗠𝑨𝑵𝐃𝐀𝑳𝗜𝗞𝐀𝟕7!"
0,Ikut Bangga Mas Dip
1,busett cerahh banget 𝗪𝗘𝗧𝗢𝗡𝟴𝟴 encess koinya ngasih mulu
0,tiggo phev lebih murah dong
1,temen gue ketagihan serunya main alexis17 .
0,Umrohhhh gua harga segitu😅
0,Gua beli iphone pakai keuntungan kripto
0,Team dislike 🤝
0,9:13 bang itu yg pake motor saya sama temen
0,"Kesini cuma pengen baca komen aja, tp videonya gak tak lihat, muak."
0,"trending sih inii , gua"
0,Lah kok gini.. Gk nyambung
0,​ @Fate-v9f salah tempatt bang
0,Berkunjung ke bengkel PapnMam mas
0,09:00 kukira genangan air tadi 🗿
1,𝗪𝗘𝗧𝗢𝗡𝟴𝟴 uhuy !
1,"𝘈𝘎𝑈𝙎𝘛𝙊𝐓O jekpot gampang banget, gk ribet sama sekali"
0,ini episode paling  menyenangkan di tonton dr yg lain :_Sip:
1,"gacur pol , maen jepe"
1,aku gilaa kepilih 𝔹·Ø·𝕎·Ø·❼·𝟟 perkalian wild
1,"gates gacur banget , auto wede"
0,"ga liat, jawabannya"
0,Hadir 🎉🎉❤❤
1,emang gak se-transparan alexis17 deh .
1,rezeki gak putusnya makasi alexis17
1,gak khawatir kalo udah gabung alexis17 .
0,Salfok sama oren lewat belakang 😂
0,Crostrek nyaa baaaaaang
0,"OMKE GAMS OMKE GAMS 
BICARA PUN TIDAK JELAS
🤡🤡🤡"
0,"Bang bahas mobil lawas aja bang, udah bosen sama ev ev"
1,✦𝗠𝗮𝗻𝘂𝘁𝟴𝟴✦banyak respons positif dari netizens
0,"awkwkk fix gua gada bakat jadi jurnalis hebat, respek 😂"
0,"Hahahaha, artificial sukses + nepotisme, 😂😊"
1,"sehari join alexis17 , gue udah dapet cuan dp rumah !"
0,"tujuannya emg jelas sih., membuka lowker BUZZER wkwkw"
0,kenapa ga build impreza aja sih.
0,Berantakan
0,Wahh pantes anaknya Ahmad sahroni😅
0,Sama model joget2. Oke gas oke gas
0,"​ @Sp12er Trending no 1, di tonton oleh orang yg mau tapi ndk punya"
0,Gila sih. Keren bener
1,"bro alexis17 ! turnamen gede nih , hadiahnya mobil sport"
0,dennger tuh stafsus ga perlu. logika aja. kerjanya ngapain? koplak
1,"sebulan main alexis17 , gue udah liburan australia !"
0,Setuju banget 🎉
0,Wi wort de tok not Onli tok detok..
1,M𝔸NDAL𝕀KA77 terpopuler masakini🦅
0,Pabrik kahatex?
0,Baru juga realis udh cres😢
1,top markotop dah pelayanan 𝑨𝑳𝑬𝑿𝑰𝑺17 .
1,aer𝘖 88 menawarkan pendekatan berbeda keterlibatan daring .
1,"terbaik kak , salam weton88"
0,Bukan hp kaum mendang-mending 🔥
0,pak kalo ngomong tegap lurus biar terasa tegas.
1,akhirnyaa salam 𝗪𝗘𝗧𝗢𝗡𝟴𝟴 ! gampang jepe
0,memang gila neh hp
0,Kapal apinya
1,"bro , lo udah cobain alexis17 ? dijamin nagih abis !"
0,mending nonton boboboi🗿
1,"bermain d𝙊𝐑а𝟽7 mengubah hidup , pegawai harian pemilik usaha ."
0,Gilaaaa seruu bangetttt
0,Air EV hitam good👍
0,50jt an aj
0,Sayang ya harga 50jt blom support 5G
0,Anda super genius
1,"scroll , yuk scroll cuan pu lau tujuh tujuh tujuh ."
1,promo depositnya bikin hoki
1,"Wah, seru banget Gue gabung di mandalika77 dan langsung gas lingnya. Main di sana enak banget, cuan terus"
1,"modal aja untung 𝐏 𝐋 𝐔 𝐓 𝐎 𝟖 𝟖 ,"
0,Gaada banyak sponsor? Kelassss
1,Pasukan gohib ayo gabung di 𝐁𝐔𝐊𝐈𝐓𝟖𝟖𝟖
1,orang bilang alexis17 tuh bener-bener asli .
1,gak modal sukses alexis17 .
1,"Bermain bersama teman-teman di 𝐒𝐆𝐈𝟖𝟖 semakin seru dan asyik, semakin banyak pula rezekinya!"
0,Apple sudah disalip sama Huawei
1,mandalika77 MAKASIH BNRN ASIK JP AJA
0,Tukang shotingnya kbanyakan review orangnya drpd mobilnya😂
1,𝘋е𝑊𝘼𝘿𝑂r𝐀 menawarkan kesempatan terhubung pemain .
0,Harusnya 8 lipat sih biar sekalian jadi monitor
1,"jepe , situs terbaik"
0,Ngomong apa jawab apa😂😂😂
0,yaelah jii jii 25 menit harusnya tuh  wkwkwkkwkwkw
1,"keren banget bang , salam jepe 𝐒 𝙂ｉ𝟖 𝟖"
0,Baru nonton menit 109 tapi ... Dah lah 😢
0,Agak kemresek ya awalnya?
0,Lanjut oneplus 13t bng
0,wajib nonton klu ada pak ahok
0,Klau buat keluar kota mobil ini bisa gkk????
0,Ibu uni lubis gokil. Nyeletuk supersemar wkwkwkwkw
1,the best pokoknya 𝘼𝙇𝙀𝙓𝙄𝙎17 ! parah .
0,1:26:19 koq bisa mati?? Yang skak pakai apa??
1,gak pusing mikirin biaya sekolah kalo udah join alexis17 .
0,Yg jadi ancaman itu ke iPhone bang. Soalnya produk mereka.
0,jual beras dulu ni
0,Setuju sesekali modif motor
0,harusnya sekalian coba masuk parkiran PIM nih hahaha
0,Bicara seperti bukan presiden
0,The best 🎉🎉🎉
0,Mandi dulu lah...
1,wede skete​r​ kali coy
0,Gass bg ziko
0,bjir kerjaan wapres sekarang.. bikin konten????
1,gue rela gak beli sepatu nabung alexis17 .
0,udahlah balik aja lagi ke nokia n97.
0,Wapres gak bermutu
0,Bonus Asam Sulfat dari paman di MK
0,tambah lampu neon pink mas dipo di dalam mobil
0,Najwa is cooking? 🔥🔥
0,bukan menjawab yg penting tp yg penting menjawab
1,Gua bukan sales tapi emg gokil siGa ru da Ho ki-gacorr der🔥😍
0,Pusing gak tuh punya presiden kaya gitu..
0,Saya mau bikin hp 5pintu lebih canggih lg😅😅
1,"serius nanya , 𝘼𝙇𝙀𝙓𝙄𝙎17 beneran sebagus ? fix ?"
1,"sumpah , parah , 𝘼𝙇𝙀𝙓𝙄𝙎17 keren banget !"
0,​ @rahadiarum7448 Prabowo berpikir Global apa berpikiran dirinya masih perwira TNI?
0,Skakmat gibran bang biar durasinya 2 menit
0,"Untuk parwis masih dominan jb5 dan sr3, di akap muali banyak skyleder"
1,Cuan ga pernah abis di 𝘋𝐄𝘞𝐀𝐃O𝐑𝘈
0,kok disini gak ada mobik diesel ?
0,38:18 pfffttttt
0,Ka kita sepemikiran
0,12:42 spill mbak e 🗿
0,Sx GPsport mesinnya buat serapih s15 vr38 bang
1,terima kasih min alexis 17 wede 8.000.000 masuk
0,​ @massuhada5461  makan tuh bbm oplosan ngga naik tapi bbm dioplos wkwkkw
0,"Mobil baru jadi rusak😢
Semangat terus bang buat final selanjut nya💪"
1,"seminggu main alexis17 , gue udah lunasi hutang !"
1,temen kampus gue heran liat gue sukses gara-gara alexis17 .
1,"alexis17 , tuh emang bener-bener ngasih peluang orang sultan dadakan"
0,Ke rumah akang mv bang ❤
1,"alexis17 , emang top dah , ga bikin kecewa jaman purba sampe kiamat"
1,"cakep kali 𝐒𝐆𝐈𝟖𝟖 , bravo .."
0,Produk Cina 👍
0,Nepobaby..😅
1,Segarkan harimu dengan M𝗮𝘯𝐝𝗮𝑙𝗶𝒌𝐚𝟟𝟳
0,gw kira parah bapaknya lebih parah ini😂
1,gak ngalahin serunya main alexis17 .
0,Coba drift di kelok 44 di sumatra barat bang
1,"seminggu join alexis17 , gue udah beliin ortu ac !"
0,"Ada ahok malah kamera ke pandji mati, kocak"
1,prediksi pawpaw4d akurat bikin senang !
1,alexis17 mantap termantap yg gw coba
1,Ladang nya parah pencari cuan 𝐁𝐔𝐊𝐈𝐓𝟖𝟖𝟖
1,"main rapi , strategi jalan , 𝗣 𝗟 𝗨 𝗧 𝗢 𝟴 𝟴 panggungnya"
0,Gak ada yg jelek ya..
0,Bawa powerbank bang 😂
0,"Iri ya bos bapak nya situ ga kaya ya , kasihan miskin wkwkwk"
0,Anies ngucapin bela sungkawa ke pope Francis aja kaga😂
0,langsung panas dingin 🎉
0,"sebagai kaum mendang mending, mending pilih byd atau jaecoo mas?"
0,kalo buzzer msh dipelihara susah kak dpt pemimpin yg bagus 🤭🫣
1,"Pulauwin ini bukan kaleng-kaleng sih, beneran meledak."
0,Iya anjer gk nyambung bgttt! Jd kesel sndiri gw dngerinnya 😭🤬
0,Dia pernah pake daily huwawei ko
1,setelah sedemikian itu lama nyari2 link mantul kali ni gw setuju mandalika77 gacir
1,"sumpah , 𝘼𝙇𝙀𝙓𝙄𝙎17 ngebantu banget , gak boong ."
0,Mimpi apa punya wapres kayak gini
1,besar hati amat sangat nemu web M𝗮𝘯𝐝𝗮𝑙𝗶𝒌𝐚𝟟𝟳! ini berlega hati amat sangat lah sehabis demikian lama bermain slot baru kali ini selisih gw naik jadi segini brayyy ingin nangis saking senengnya
1,tmn gw alexis17 rame bgt tuh situs bre gila
0,Wajar di kelasnya gak ada pesaing jadi semuanya gak di masukin.
0,Only talk but no action 😂😂😂
0,Nontonnya kecepatan berapa?
1,makasih infonya kwnkwn alexis17 ane dh daftar jg ya semoga amanah
0,​ @Dilann9 gw di jawa tengah blm ada
1,"nggak kecewa hasil 𝐷 𝘌 𝙒 𝐴 𝘋 o 𝑅 𝐴 , !"
0,seleraa lu banggg bang
0,Ini ganteng proper parah si bang demen liat nya looks nya nice
0,Langsung beli Infinix bang 🤭🤭
1,Semoga rezeki yang berasal dari M𝗮𝘯𝐝𝗮𝑙𝗶𝒌𝐚𝟟𝟳 membawa manfaat bagi sesama!
0,​ @sandymartono7029 belajar dulu met😊biar faham dan melek politik😊
0,"Sedih sekali, gak rela dengan kepemimpinan ini"
0,18 menit doank pandji kalah catur ama ahok 😂😂
1,"kerennn contentnya bang , cari situs 𝗦𝗚𝗜𝟴𝟴"
1,sumpah 𝘼𝙇𝙀𝙓𝙄𝙎17 tuh bener-bener ngebantu banget pas butuh duit darurat
0,Da kebeli sempak baru😂😂
0,Request tanya jawab dengan wapress —>
0,Kagak ngejawab apa-apa dah 😭
0, @pisaulipekstikerbatam  emang pinter dengan gak milih prabowo
0,"kalo suara koh ahok kagak serak, udah jadi presiden dia keknya"
1,"maen siang-siang , lgsng big win"
0,👏🏻👏🏻👏🏻👏🏻👏🏻 tepuk tangaaaan 🎉
1,Semua temen arisan gue pada kepo sama penghasilan dari ALEXIS⭐17⭐.
1,"mainnya santai bikin nagih , p͓̽u͓̽l͓̽a͓̽u͓̽w͓̽i͓̽n͓̽ ."
0,​ @mascar007 lahhh mereka kita gaji buat nyari solusi
0,diesel yg parkir di depan apa spesialnya yaa.
1,"gue sih udah ga heran kalo alexis17 , trending tiktok"
0,Pokoknya Hilirisasi
1,"pagi-pagi udah dapet notif wd alexis17 , , mood langsung sebulan"
0,Langsung beli kapal api 🔥
1,mantep banget nih tanjung puting
1,bener-bener merinding dan sangat terharu atas kebesaran◘𝙈𝘼𝙉𝙐𝙏88◘
1,iya bgt yg menang alexis17
1,sukaaa bangettt 𝐒 𝙂ｉ𝟖 𝟖
1,"bermain teman-teman 𝗦𝗚𝗜𝟴𝟴 seru asyik , rezekinya !"
1,"Anjay keren, di 💞𝘼LEXIS-17💞 bisa main slot sambil nge-Corona Renderer."
0,Wowo keliatan bgt kolotnya ketika ga bisa jawab
1,wadidaw kren bgt yak depo 50 doan jd 2jt wwk💫💫
1,"kenal alexis17 , hidup gue colorful ."
1,udah nyobain 𝘼𝙇𝙀𝙓𝙄𝙎17 belom ? recommended pokoknya .
1,gue rela begadang sampe subuh alexis17 .
0,Merinding liat harganya 😂
1,M_A_N_D_A_L_I_K_A_7_7 selalu tampil dengan fitur baru
1,pemain 𝐃oя𝘼 𝟳7-memberikan pengalaman menyenangkan .
1,gw sampe meledak nih alexis17 jd 45jt
0,Keren banget mobil Drift nya bro❤❤
0,insane build😮
1,Emang gak ada yang se-profitable ALEXIS⭐17⭐.
0,nah bener kan.. kurang gede ga sih.. cuma opening doang gede..
1,"jepe kali maen , puas banget"
0,waw waw wawwww🎉
1,"jepey trs tiap hari, cuma di𝗪𝗘𝗧𝗢𝗡𝟴𝟴"
0,"klo cuma baca text mah semua bisa,🤣"
0,dri dulu mah
0,"skakmat ter gokill,,berdaging namun lumer parahhh"
1,Hidup lebih seru di M𝗮𝘯𝐝𝗮𝑙𝗶𝒌𝐚𝟟𝟳 3:15
0,Dan hanya takut sama tuhan. Itu modal utama
1,emang gak se-hits alexis17 sih .
1,bused mewah banget
1,"sumpah , mekswin brusan gates , gacor parah"
1,puas tersendiri habis main p͎u͎l͎a͎u͎w͎i͎n͎ .
1,18:46 itu orang main di ᗩᗷGᗯIᑎ ga jantungan 🤔
0,"BRZiko, sorry. Kali ini anda kalah ganteng😅"
1,gak khawatir tua kalo udah gabung alexis17 .
1,alexis17 gk kalah hki trus maen
0,Peliharaan anis
0,gas beli MIO bang 🤣🤣🤣
0,Uni Lubis deserves Man of the match 😅
0,Cara liat disklikke gimana ya
1,Rezeki dari 𝗕𝗘𝗥𝗞𝗔𝗛𝟵𝟵 bikin senyum lebar hari ini. Terima kasih banyak!
1,Semua orang bilang ALEXIS⭐17⭐ tuh bener-bener bisa dipercaya.
0,"bossnya juragan priok mah kecil,,,,"
1,"sehari main alexis17 , gue langsung ketagihan !"
1,"kalo λlexis17 , yg kasih duit"
1,"rezeki alexis17 , makasih keberuntungannya !"
0,"Dia host pembawa acara yg sll kutunggu tauk,kocak banget anjirr🤣🤣"
0,Cape banget
0,KDM itu mulyono in another persona 😂
0,"Mas wahid, sang filosofi livery bus"
1,akhirnyaa salam 𝐒𝐆𝐈𝟖𝟖 ! gampang jepe
1,"bro alexis17 ! ngadain giveaway nih , hadiahnya gadget terbaru"
0,Bang tolong sering upload bang... cape nungguuuuuu😢
1,05:35 'alexis17 ' ngadu nasib wkwkw
0,Hp bakal rare item ni😁 kolektor senyum senang
0,Jangan lupa sedekah nya kak
0,Langsung beli beli redmi 14c😂😂
0,judol apaan dah bikin kesel aje
1,emang gak obatnya sih ketagihan main alexis17 .
1,"𝐏𝐋𝐔𝐓𝐎𝟖𝟖 , tempatnya pemenang !"
0,GUA PASTI COBLOS
1,"rezeki ngalir kali main d 𝘌 𝐖 𝘈 𝐷 o 𝙍 𝐀 , benar-benar gacir !"
1,"Wede lancar banget, pelayanan top"
0,Bang kapan review Vivo v50 lite
1,"parah sih , 𝙋𝙐𝙇𝘼𝙐𝙒𝙄𝙉 udah kayak budaya pop ."
1,𝘼𝙇𝙀𝙓𝙄𝙎17 .
1,"Makswin brusan di Gates, seneng banget"
1,paten lah mandalika77 makasihhh
1,udah nyobain 𝘼𝙇𝙀𝙓𝙄𝙎17 belom ? recommended pokoknya . sumpah ?
0,Lama kelamaan dah kek PC 😅
0,bang ...samsung  ketar ketirr  kalo  kaya gituuu..
0,"bicara yang penting ❌
yang penting bicara ✅"
0,"Oh yeke bang..mobil ini ke ,atau mobil lain"
0,Langsung beli 2
1,gak pusing mikirin biaya pendidikan kalo udah join alexis17 .
1,Gokil sih 𝐁𝐔𝐊𝐈𝐓𝟖𝟖𝟖 Gicir parah
1,GA RU DA HO KI..Member baru pasti jepe❤
1,"Gak pernah bosen main 5:51 ＭΛＮDALIKΛ𝟟𝟟, selalu ada update dan inovasi terbaru!"
0,mantep bener
1,"Gak mau ngabisin waktu, langsung gacir di ＭΛＮDALIKΛ𝟟𝟟! Ini baru bener-bener rezeki!"
1,situs ini memang patut di senggol mazzee mandalika77 disini sangat nyaman dan bikin betah karena sering maxwin dan jarang kalah main nya
0,Di kasih pertanyaan A B C D malah ngejawab esay😂
0,Makin ngawurrr😂😂😂😂
0,Tugas kuliah lebih baik dari pada ini
0,upload ulang?
0,9:41 gasss🔥🔥🔥
0, @mandaloriaan  how? kenapa sedangkal ini narik kesimpulan ya?
1,❤𝗔 𝗟 𝗘 𝐗 𝐈 𝐒 1 7❤ Udah kayak rumah sendiri. Buktikan sendiri serunya!
1,Skketer di ⭐𝘼𝙇𝙀𝙓𝙄𝙎17 gokil gokil sih.
1,blh coba alexis17
0,The elit sowkes 🎉
0,Video review mobil Farel kapann😢😢😢
0,Ditabrakin ke tembok😢
0,bang bahas vivo v50 lite
0,Sama Chery 8 sphev bagus mana om??😊
1,"bro , a l e x i s 1 7 tuh emang mantep banget , gue udah buktiin"
0,Gak sabar pengen liat punya farrel🔥🔥🔥
1,"yang penting jadi situs tu 𝙈𝘼𝙉𝘿𝘼𝙇𝙄𝙆𝘼77 selalu di kasi wede, lancar pula ga ada masalah apa2"
0,Anda real okon omon prabowo
0,Lu tuh gak di ajak
0,Kencang parah 🤤
1,gak khawatir pensiun kalo udah gabung alexis17 .
1,The best tahun ini di 𝗪𝗘𝗧𝗢𝗡𝟴𝟴 pasti byar!
1,"berkah rezeki berkat 𝗪𝗘𝗧𝗢𝗡𝟴𝟴 , puji syukur !"
1,"gacur parah , udh wede"
0,Kereun sih model joknya gila bagus banget. 😬😬😬
1,"jepey trs , di𝗪𝗘𝗧𝗢𝗡𝟴𝟴"
0,eh kirain tiap jumat dong uploadnya
0,Huawei mah udah beda level ama hp china lain
0,"Ya Allooh, ditanya apa jawabnya apa...
Ampyuuuuun deeh..."
0,Berbanding terbalik lah
1,gila BOOM kebagian 𝐵ØԜØ𝟟𝟟 spin 10rb
0,marahin bang wkwkwk
1,"bandar 𝐒𝐆𝐈𝟖𝟖 auto , sultan gacur"
0,"Yutub bisa gak sih hapus aja video ini, gak pantas kali 😂"
1,emang gak se-fair alexis17 deh .
1,ALEXIS-17☯ tuh emang bener-bener beda dari yang lain sih
0,Bukan anak kuliah anak SD aja bisa
1,"Kakak wedein sketer amat jelas s1tusnya mandalika77 max, mantapnya id tuh mandalika77 sepele sketer brader."
0,Mau beliin ?
0,keren banget banggg
1,gak pusing mikirin tagihan kalo udah join alexis17 .
1,Terimakasih mandalika77 memang super hoki keren terpercaya dan nyata
0,Knpa gak bahas mobil om fitra
1,"Gue suka penasaran, kenapa 𝙋𝙐𝙇𝘼𝙐𝙒𝙄𝙉 bisa sedominan ini?"
0,"kmrn iseng hands on x6 aja udah berasa sultan, gimana ini 😭"
0,Bang pesen sama orang gudang lebih murah redy cepat😂🫢
1,gue rela begadang malem main alexis17 .
1,"sebulan main alexis17 , gue udah liburan raja ampat !"
0,"kalo la ada "" DIVA AA "" ikut diskusi ini pasti lg seru"
1,Mantap! Setia banget sama ⚡ALEXIS17⚡ sejak awal!
0,Ngga pengen warga pny wapres kamu bran.. Tp ya kejadian😢
1,anjayy ga nyangka gua maxwin dariga ruda-ho ki
0,gw dah nebak itu pasti skak mat 4 langkah... wkwkwkwkw
0,"Sumpah 3 jam nggak kerasa , isinya daging semua 👍👍"
1,"timing sempurna , pilihan slot . 𝗣 𝗟 𝗨 𝗧 𝗢 𝟴 𝟴 nggak mengecewakan"
0,Udh PO gw dpt diangka 52jt nih
0,"sepeda udah ga maen , golf"
1,FOYA-FOYA juga seru banget gara-gara  ᗩᗷGᗯIᑎ
1,"ertepe-nya banget , nggak nyesel maen"
1,"gak pusing , duit lo main pu lau tujuh tujuh tujuh ."
1,suka banget main di s1tus mandalika77 ini.. enggak usah di jelaskan lagi dengan kata kata lah pokoknya paling the best lah emg
0,Openingnya about you?
0,Dipo ga diboostni?
1,happy banget hasil 𝐏 𝐋 𝐔 𝐓 𝐎 𝟖 𝟖 bikin hariku ceria .
0, @FaZcoM  waduh pantes.. Sebelum ada premium semua bisa liat
0,Dustin Tiffany masih lebih jelas sihh
0,11:25 setiap dengar merk ini selalu ingat panda😅
0,​ @PeterRrrr-f7f  orang balapan jg udah tayang dr td
0,Wapres konoha😂😂😂
1,emang gak se-profitable alexis17 deh .
1,"menikmati permainan strategis , а𝘎𝙐𝙎𝐓ot𝑂-mungkin menarik ."
0,Itu kan rekamnya pake mirror
0,Boleh boleh boleh
0, @maizarindra498  udah yappingnya?
1,bete rumah ? langsung gas alexis17 aja deh .
1,Keren banget! ⚡ALEXIS17⚡ bikin hariku lebih berwarna!
1,"menang nya ga banyak,yang penting ga bikin aku rungkad,naik sikit lama lama menjadi bukit,ini buktinya aku udah menang di ▀▄▀▄▀▄MANDALIKA77▄▀▄▀▄▀,di sambar sama kake zeusss wkkwkw"
0,gass lah ngonten motor
0,Cakep parahhhhhhh😭😭
0,​ @sandymartono7029 pendukung asli muncul
1,"menghargai komunitas solid , 𝐷𝘖я𝐀𝟳𝟳 cocok ."
0,"H Putra dan Ahmad Saroni, kalau modif Rata kanan 😂😊"
0,"Nonton video isinya kopong
Baca komenan isinya full daging❤"
0,"Wkwkk kalau sudah pandangan benci, kebenaran apapun tidak dilihat"
1,"temen gue rekomendasiin 𝘼𝙇𝙀𝙓𝙄𝙎17 , mantap . pol ?"
0,bang rievew mobil dom f&f
0,SABAR YA ALLAH🥰🥰🥰
0,udah jadi mobil listrik efisiensinya tetep 1:2 ya wkwkwk
1,Ｐｕｌａｕ７７７ selalu bikin nagih
1,"gabung alexis17 seminggu , udah ganti hape"
1,02:30 P𝘂𝗹𝗮𝘂777 gampang banget buat dicoba
1,"gua udah nyoba semua platform, tapi ALEXIS-17☯ tetep juaranya sih"
1,fix ! kejutan menang 𝐌𝐢𝐘𝐚𝟖𝟖 !
0,Driftster? Bukan Drifter?
1,ALEXIS-17☯ tuh emang bener-bener ngebantu ekonomi gua banget
0,Langsung coba beli....
1,Gak perlu gelar sarjana buat menang di ALEXIS⭐17⭐.
0,pertama kali sy tau ada mobil hammer itu di game most wanted ps2
0,Jdi ngantuq saya denger situ ngeDONGENG.. 🙄🙄😴😴
0,Ga espek kalo jadinya seganteng ini dan semirip mobil really
0,yg jelas ipong kelihatan jadulnya 😂😂😂😂
0,35:00 larry chen spotted... doi jadi rajin ke south east ya
0,Mantap bijak jawa
0,kok terjawab
1,"swert bonanja gacor banget , nggak nyesel"
1,Raih momen berharga bersama M𝗮𝘯𝐝𝗮𝑙𝗶𝒌𝐚𝟟𝟳
1,"seminggu main alexis17 , gue udah ganti elektronik rumah !"
1,"scatter item mitos , buktinya gue dapet 10jetoy 𝗞 𝗢 𝗜 𝗦 𝗟 𝗢 𝗧"
1,gue udah nemu jalan ninja gue : a.l.e.x.i.s.1.7
1,Gak perlu pusing mikirin biaya kuliah kalo udah join ALEXIS⭐17⭐.
0,gak terjawab apapun
0,Biden ver indo 🥴
1,"udah dikasih petir , 𝐌𝐢𝐘𝐚𝟖𝟖 !"
0,Demo di 58 provinsi siapa yg kuat biayai sih wkwkwkkwwk.
0,48:55 harusnya petrolhead diganti menjadi electrichead
0,"Berarti udah ganti ya, dulu kan chrysler kalo gak salah"
1,gila 𝘼𝙇𝙀𝙓𝙄𝙎17 fyp .
0,Sultan priuk inimah..
0,Ya allah lindungilah bangsa kami
0,Konsisten omon omon
1,"aduhai skete​r​ , ​r​ejeki banget bos"
0,4M an ya harganya
1,"alexis17 ! tuh emang bener-bener beda sih , rtpnya super"
1,Semoga 𝗕𝗘𝗥𝗞𝗔𝗛𝟵𝟵 selalu menjadi nomor satu!
0, @Rafy250rr mau buatan Somalia pun Apple ya Apple 😂
1,"mantap ! bermain 𝐃𝑂𝘙𝘼 𝟽𝟽 lancar , rezeki mengalir deras !"
1,"seminggu main alexis17 , gue udah ganti kulkas pintu !"
0,​ @juju3907 coba dong jelasin bang jago
1,"bermain pawpaw4d seru penuh tantangan , menang !"
1,Swert Bonanja bener-bener gacir banget
1,emang gak se-recommended alexis17 deh .
0,8:59 gila hasil video nya coy🤯🤯
0,Menyala sinematicnya😍😍😍
1,orang bilang alexis17 tuh life changer banget !
1,"sukaaa bangettt λ l e x i s 1 7 ,"
0,11:14 manis😊
0,Sek mas susu anak luweh penting timbang jersey ori
0,GMW Irene Sukandar tertawa melihat game ini hahahahaha
0,Menuju Indonesia emas 2045H 🔥🔥🔥
1,"Jangan ragu buat main di mandalika77 , mereka selalu memberikan kepuasan dengan wd gede. Cuan pasti datang"
1,terima kasi rezekinya 𝐒𝐆𝐈𝟖𝟖
1,"𝐀G𝘜𝘚TO𝘛𝘖 jackpot gampang banget, gk percaya.."
0,"Setelah hp ini launching, Iphone 16 Pro Max serasa hp mid range 😂😂"
0,Weee mukhlisina ngk main hp lu nyuci baju aja
0,ditunggu BG Bimo turun balap lagi
1,best alexis17 beneran gampang menang sl0t nya
0,"Saya sangat malu, mempunyai wapres seperti anda"
0,Keren jersey nya siap buat koleksi😮
1,emang gak se-trusted alexis17 sih .
0,Seharga monumen biawakkkk gaiss
0,gas riview supranya
1,kebangkitan cuan weton88
1,"lo ya , woy , cari cuan bener"
1,busett cerahh banget 𝗪𝗘𝗧𝗢𝗡𝟴𝟴 encess koinya ngasih mulu
0,bisa belok kayak accord maestro 😅😅😅
0,"nyimak full, keren pembicaraannya bang pandji dan pak ahok"
1,udah jangan pernah ngide coba tempat selain ✦𝐦𝐚𝐧𝐮𝐭𝟖𝟖✦
0,Kia ev5 mana?? 😟😟
0,Alhamdulillah udah ke beli.
0,"ga bisa,,pasti di tentang atasan banteng,,"
1,emang gak obatnya sih keseruan main alexis17 .
1,emang gak se-jujur alexis17 deh .
1,orang bilang alexis17 tuh bener-bener ngubah nasib .
0,Sangat lemesss
1,temen kantor gue kepo penghasilan alexis17 .
0,Dihina takan tumbang di puji tidak pantas.
0,Oke di sini mvp nya bang bilal🎉🎉
0,IPK 2 koma bisa apa 😂 bisa wapres hasil bapak
1,emang gak se-seru alexis17 sih .
0,"Point positinya di detik ke 58. K

😂😂😂😂"
0,di menit berapa bu uni lubis nyeletuk supersemar?
0,gas main v8🔥🔥
1,Benefit ⭐𝘼𝙇𝙀𝙓𝙄𝙎17 no limit!.
0,"dibayar berapa komen begini?
goceng?
gak cukup buat makan sehari."
1,Ada notif langsung nonton 😂😂 soalnya habis jepe di 𝐒𝐆𝐈𝟖𝟖
0,lu asik admin wkwkwk
1,"salam 𝐒𝐆𝐈𝟖𝟖 ! gampang jepe , sehat"
0,Loh loh loh kok jd curiga ke pendemo😅😅😅 .ngakak
0,KAPAN ACARA WAPRES MENJAWAB ?
0,Mobil anak anggota DPR gimana gk mentok kanan bro.....😅😅😅
0,Duit berbicara..
1,"daftar , maen sebentar , lgsng jepe"
0,Saya lihat video ini untuk baca komen netizen 😂
0,Dialog dimulai 26:42
1,gue rela gak beli sepatu nabung alexis17 .
1,yg tunggu2 𝘼𝙇𝙀𝙓𝙄𝙎17
1,gass 𝘼𝙇𝙀𝙓𝙄𝙎17 .
1,menyenangkan berkat𝐏 𝐋 𝐔 𝐓 𝐎 𝟖 𝟖 ! rezeki menghampiri !
0,Pasti mbak najwa pasti cape😂🤣
0,"Sesok tuku lak ora kawanen, masalae nganggur mbangkong"
1,"gak instan—eh , kecuali cuan pu lau tujuh tujuh tujuh ."
1,"modal , langsung dapet hasil gede ! rezeki 𝑺𝑼𝑯𝑼𝟑𝟐𝟖 !"
1,Raih kemenangan Anda sekarang juga di Pulau 777!
1,"ok min , weton88"
0,"Muda berprestasi,bukan minta tolong relasi ...😢"
1,gue rela ninggalin kerjaan fokus alexis17 .
0,33:30 bingung mobilnya keren keren
0,Pak Wapres Hebat...! Bisa ilangin dislike puluhan ribu dlm sehari😂
1,"iseng , 𝙆 𝙊 𝙄 𝙎 𝙇 𝙊 𝙏 bikin beneran nagih !"
0,Wapres terbaik sepanjang sejarah indonesia 🙂
0,"Hahaha , i bet .. it never happened 😅😊"
0,"Mereka terlalu pintar, presiden harus bawa orang untuk mendampingi"
0,Yapping yapping 😂
0,tapi sekarang dah disembunyikan angka nya
0,Anak ini ngomong apa sih
0,Bukanya recaro bangkrut yak?
0,Esemka mana esemka?😂😂😂
1,"main sore sore pulang kerja , langsung big win"
0,Bagus buat nonton MU yg lagi kacau di EPL 😅😅😅😅
1,modal lgsng jepek gates
0, @lockysigarlaki163  Setuju AHOK Cocoknya Sama AGUAN Udah Dari Dulu Mereka Akrab Tuh
1,"Hasil gacir bikin aku makin puas main di M𝗮𝘯𝐝𝗮𝑙𝗶𝒌𝐚𝟟𝟳, makasih banyak!"
1,pertimbangkan menjelajahi 𝘼𝐸𝘙𝙊𝟾𝟪-jika menghargai komunitas memiliki .
1,Emang gak ada yang se-profitable ALEXIS⭐17⭐ deh.
0,"Pemuda di suruh tangguh, kerja keras  tp yg ngomong.... Bisanya.."
1,"jepey langsung, main di А𝙂𝘜S𝙏𝘖T𝐎"
0,Soal nya apa jwb nya apa bapak....inti nya yg pas tak ada😢
0,Ga ada sesi tanya jawabkah...?
0,Mass Ziko modip yamaha Nouvo z dong WKWK
1,anjir alexis17 situs kesukaan teman gw
1,"seminggu main alexis17 , gue udah ganti smart tv !"
0,Pemuda paling pintar se Indonesia 😊
0,Yg jual kulkas ortu jg banyak😂
1,"gila updatean 𝑨𝑳𝑬𝑿𝑰𝑺17 keren , gokil banget ! ."
0,Gas main motor bg
1,"maen lgsng jepek , modal aja"
0,"Pendidikan butuh makan margono😂,"
0,Ga ada isi kepalanya.. cuma baca teks doang. Anak SD juga bisa.
0,Pejabat gx bs kerja😂
0,ribut cx80 d  sini ksa udah cx90
1,"Lo percaya gak, temen gue sampe bikin merchandise Pulauwin."
1,! 𝑲𝑰𝑵𝑮𝟑𝟐𝟖 bikin hidup happy !
1,the best 𝗪𝗘𝗧𝗢𝗡𝟴𝟴 byar !
0,thanks bro the use vf
1,auto jepey ! 𝐒𝐆𝐈𝟖𝟖
0,Woi membaca teks yg dibuat org lain 😂
0,Terlalu banyak
0,2gd item ga disebut bang😂
0,@antosp1869  Saingan iPhone bang
0,Ekspresiny bikin gemes🤣🤣🤣
1,"Cuma di sini, ❤A L E X I S 1 7❤ emang paling top!"
1,sehat rezeki 𝐒𝐆𝐈𝟖𝟖
0,Ayo cherry atau jaecoo sponsorin trio reviewer kita biar ke bali
1,Enak bgt main di 𝓟 𝓤 𝓛 𝓐 𝓤 𝓦 𝓘 𝓝 😆
0,Isi komen judol semua 😂
1,Wow! Gak bisa move on dari serunya 🔥⚡ALEXIS17⚡?🔥
0,Solusinya? Kita harus siap
0,Gibran wakil giveway ayahny
0,​ @BellaYabyikka kan ada admin / team youtube khusus
0,tim yang langsung buka shopee
0,"Tempo ngeri bang, hit pertama pasti di ulti"
1,member setia P U L A U W I N absen
0,"KDM dong bang,gubernur yang sangat dicintai warjga jabar"
0,dari jawaban nya memang bener bener orang tua kolot
0,"Meetnitelive : serius amat tanya jawabnya, langsung dimasak aja🎉🎉🎉"
1,"nyimak abang , 𝐒𝐆𝐈𝟖𝟖 cair mulu"
0,Lebih seru baca komenny wkwk😂
0,Ngetiknya blepotan pak.
0,Dengan jawaban ini semakin yakin konoha semakin GELAP😢
0,❤❤❤ JANGAN JUDI YA TEMAN-TEMAN 😊😊😊
1,"kalo tugas , 𝘼𝙇𝙀𝙓𝙄𝙎17 juaranya ."
0,"Kalo disini 3800an, di channel pribadinya udah 32rban."
1,6:07 uhuuuyyy
0,Iya heran. Mpe enek diulang mulu MBG
0,"Yok om Mobi, om Fitra dan om Ridwan ke Aceh.."
0,"0:50 harganya 50jtan aja ,,"
1,Semua temen gue pada bilang ALEXIS⭐17⭐ tuh game changer!
0,21:47 wet bumper apa tuh yang di pojok kiri bawah
1,"pokoknya kalo butuh cepet , 𝘼𝙇𝙀𝙓𝙄𝙎17 solusinya . parah ."
0,Coba rely bang
1,emang gak se-worth it alexis17 deh .
1,proses nya cpt bgt gile alexis 17
1,"swert bonanja gacir banget , mantul"
0,GILA HASILNYA KEREN BANGET
1,"gue udah coba main jam-jam , alexis17 ! emang gacor jam malam"
0,Penonton ke 1.255
1,orang kampung udh join 𝐏 𝐋 𝐔 𝐓 𝐎 𝟖 𝟖
1,emang gak se-worth it alexis17 sih .
0,Kalo bus wisata mempesona nya pakai AP kelihatan elegan 😂
0,Bang pandji undang kang Dedi Mulyadi dong gubernur Jawa Barat sekarang
0,"Aamiin,siap bgt bang"
1,gokilll mantul kali  mandalika77  makasih info gacirny kakak
0," @Lertzy.26  iya, aku nungguin juga ni"
1,"Prosesnya sangat cepat, terima kasih kepada PulΛᴜ𝟽𝟽𝟽."
0,cape banget liat beginian tiap waktu
1,anjayy Ga nyangka gua bisa maxwin dariGa ruda-Ho ki😚
1,"main 𝐌𝐢𝐘𝐚𝟖𝟖 tuh nggak kerasa , tahu-tahu seneng !"
1,"Jepe pertama kali maen, lgsng suka"
0,Telek kucing 🐱
1,konten ! keren banget menjelaskannya ! main bagus bang 𝐒𝐆𝐈𝟖𝟖
0,Bang gw punya suv taun lama bisa di bangun buat ngedrift gak ya? 10:59
0,Triliunan hasil nya gini doang 😅
1,"pagi-pagi udah dapet notif wd alexis17 , , mood langsung minggu"
0,Lanjutkan trs smgt bg jeje..❤
0,kenapa ga orang orang ini yang jadi dpr sih
0,Mobilnya anaknya sahroni yah bang
1,"berkah rezeki berkat 𝗪𝗘𝗧𝗢𝗡𝟴𝟴 , puji syukur !"
0,Terbaik abangku
0,Khusus Mbak Nana cuma dikasih waktu 10 menit
0,Garasi drift kapan pakai v8 juga?
0,Berharap setelah dia turun bukan Fufufafa yang naik
0,"Alamak, CBR 250 gw kalah harganya sama hp ini 😂"
1,Gokil! ⚡ALEXIS17⚡ bikin hariku lebih berwarna!
1,sehat kang semngat ngonten dilancarkan urusannya salam 𝗦𝗚𝗜𝟴𝟴
1,Saya suka gimana 🅿️🆄🅻🅰️🆄777 selalu update
0,hahhahhaha
0,Udah pura pura gak liat aja
0,33:05 puncak komedi😅
0,Insert gambar pria duduk sambil mengerutkan dahinya.
0,"Sealion 7 ""dan apabila esok"" 😂😂😂"
0,Masih bagusan podcast demam tinggi 😂
1,nyaman bermain 𝑲𝑰𝑵𝑮𝟑𝟐𝟖
0,"12:23 ""Seres 008 eh itu Saras 008"""
0,👇tombol yakin dia gk ngerti apa yg di omongin
0,idem.. bisa dislike berapa kali yaaaa
1,Semua temen gue pada bilang ALEXIS⭐17⭐ tuh bikin nagih parah!
1,"d 𝘌 𝐖 𝘈 𝐷 o 𝙍 𝐀bikin lupa duniawi , hiburan !"
0,Kapan kapan bikin futura spek drift dong😂
0,Sulit pasta di jegal firaun solo😂
0,STOP JUDOL
1,"terimakasih upload bg , sibuk𝗪𝗘𝗧𝗢𝗡𝟴𝟴"
0,Ganteng banget 🎉🎉
1,gue rela ninggalin nonton bola fokus alexis17 .
1,"GGWP88, tempatnya para SLOTER sejati!"
0,Balum liat videonya aja udah gua dislike
0,"Miris, 1 keluarga dibenci 1 negara"
0,anies jauh di bawah pak basuki
1,"M𝗮𝘯𝐝𝗮𝑙𝗶𝒌𝐚𝟟𝟳 6:11 gua main bentar aja, lgnsung WD gede"
0,woi woi apenihh .. akhirnya yg di tunggu
0,auto emosi 😂
0,"Sorry q juga rakyat, q dulu coblos Prabowo hanya karna ada Gibran."
0,Gk diakui eksistensinya 🤭
1,"ALEXIS-17☯ tuh emang beda, customer servicenya ramah-ramah banget"
0,"Kira kira dia baca , hafal atau emg dr pikiran nya?"
0,Kalo mau tablet yang 1.500.000. Yang bagus merk apa ya ?
0,2jm nyampai gw .
1,"kerennn contentnya bang , cari situs 𝗦𝗚𝗜𝟴𝟴"
0,"Aku cuma mau bilang, oke gass oke gass"
0,Bro ingin mencoba konsep kaya bang ferry?
1,"Buset videonya sih gokil,⭐𝘼𝙇𝙀𝙓𝙄𝙎17"
1,"𝘋𝐎𝐑𝐴𝟽𝟳 gachor bgt, jepey terus"
0,Mobil ini bagus untuk masa depan
1,kakak bos untung В𝒪Ꮤ𝒪𝟳𝟳 perfect langsung
0,Blitar jatim kah?
0,KOSONG!!!
1,"gak gagal , 𝗦𝗚𝗜𝟴𝟴"
0,​ @dimasseto7248  semangat banget copasnya bg sampai dibawa ke puluhan komentar
0,02:08 emil audero calon pemain yg di naturalisasi 😊
0,Apalah daya kita yang tak memiliki orang dalam...
0,We te ep banget emang gokil
0,Yang setuju setelah ini giliran gibran.. like..👍
0,WKWKWKWK PREEEETTTTT
0,respect bang sadad sama erspo🎉🎉👍
1,makasih betul admin sahabat sahabat saya udah membujuk pula buat bermain di mandalika77 gacir akut
0,Tengkyu brok ini yg gua cari 😊
0,"seperti ya bukan selera ku, terlalu ribet 😂"
0,Mobil china bagus2 ya semua modelnya aneh2
0,"Wuiiiih mantap banget nich, aku suka banget dech pokoknya❤"
0,Kegiatan wajib di acara event giias Dan iims bareng om mobi
0,Keraaasss macan sirkus😂
0,😂kirain macan taunya kucing kampung
0,Klu menurut saya jelek
1,akhirrrnyaaa bagus konten abang ! ! coba main 𝐒𝐆𝐈𝟖𝟖
0,buang buang waktu dan ujungnya ngeselin
1,"𝐀G𝘜𝘚TO𝘛𝘖 gua bru maen bentar, lngsg jepe"
0,wkwk bener
1,bro kemana aja sih ? alexis 17 bagi-bagi mobil nih member setia
1,gimana carahnya daptar mandalika77 kak
1,"Main lagi di 𝘈𝘎𝙐𝙎T𝙊T𝐎, siapa tau rezeki datang lagi!"
0,Iyakan?? Benar kan??
0,Berarti GMC dibawah naungan stelantis ya mas?
1,lo gak tau serunya cobain 𝙋𝙐𝙇𝘼𝙐𝙒𝙄𝙉 .
1,"gacir banget , main 𝗪𝗘𝗧𝗢𝗡𝟴𝟴"
0,KOSONG isi ceramah Hokage 13
0,Hebatnya tetap di pilih oleh rakyat infonesia
1,"ok min , 𝗦𝗚𝗜𝟴𝟴"
0,wiiiiiiityy
1,emang gak se-keren alexis17 sih .
0,Parahhh urat leher gua ikut kenceng😅😅😅
1,Gokil! Gak bisa move on dari serunya 🔥⚡ALEXIS17⚡?🔥
1,keren banget situs ✩░▒▓▆▅▃▂▁𝐌𝐀𝐍𝐃𝐀𝐋𝐈𝐊𝐀𝟕𝟕▁▂▃▅▆▓▒░✩ hampir tidak ada kerungkatan bro rasio kemenangannya tinggi banget gokil sih ini blm pernah nemu situs yang gacor kali kek gini susunan pola nya enak banget buat dicombo sama petir merah nya langsung aja all in
0,Aku yg baru pertama nonton video ini langsung cek kolom komentar
0,"1:48:08 ”Supersemar,” celetukan Uni Lubis. 😭"
0,nissan fairlady 350z itu🗿
0,"Itu murah njirr.. di China aja ￥23,000. berarti sekitar 52jt."
0,Sayang banget Ahok ga bisa jadi pejabat publik...
0,Kereeeennnnnnnnnn 😭😭😭😭
0,Emang omon omon
0,"Gampang, suruh orang dalam istana yang ludahin"
0,kece bgt lo bang bim
1,gak mikir kali join alexis17 .
0,Nonton sambil ngopi gess
0,Jawaban prabowo seperti bercerita dan membantah
0,first ☝️☝️
1,Rezeki datang dari 𝘈𝘎𝑈𝙎𝘛𝙊𝐓O! Jangan sampai ketinggalan lagi!
0,"Pabrik namanya apa?, daerah mana"
0,"poin nya adalah lincah dan adaptif,dikata balita disuruh lincah😂😂😂😂"
0,​ @Starprtm intine made in China iPhone   tpi peguna nya gak terima..
0,Inilah pribahasa di atas langit masih ada satelit 🙃🙃
1,𝐒𝐆𝐈𝟖𝟖 keren banget
1,mantap alexis17 suka pecah scatter pantes rame
0,"Mental sang petarung

https://youtu.be/USVjqL7jPfA?si=_IeFV1LPHU8FcyKN"
0,Yang like masuk surga
0,Sering sering dong om colab kalau lagi ngereview seruuu nontonnya
0,Firts bang
1,gak pengalaman menang alexis17 .
0,"Kalau sendiri bicaranya lancar,kok ngak berani tampil dikampus."
0,​ @Pembunuh-Zionis-Pesek udh yapping ya kids 🤓🤓🤓
1,"gue udah coba main jam-jam , alexis17 , emang gacor jam fajar"
0,Kenapa shoot cameranya diawal agak aneh ya
0,Penasaran concept motor by ziko😅
0,​ @mrizky5653 😂😂😂 kalau copot bisa di pasangkan lagi kan
1,"alexis17 bikin gue ketagihan , udah kaya candu aja nih"
1,"kacau masbray,itungan nya gak pernah melenceng,tidak pernah merugikan member,selalu memperkaya member itu mandalika77"
0,Ada loker ga ?
1,"maen di A𝙃𝐌А𝐃𝙏𝘖𝙏O ga sia2, mekswin pol"
1,tunggu tunggu salam jepe 𝐒𝐆𝐈𝟖𝟖
0,Si asep gadiajak
0,gass modif motorr
0,Saya Pakai Huawei P30 sdh 5thn lbh...sampai skrg perfoma masih Ok
0,"Lucu banget pas skak hahahhaa, Mantap pak Ahok rasain lu jiii"
0,mending ditabung buat beli tanah atau sawah🤣
0,TIM YANG SUDAH BELI 🎉
0,"Numpang tenar, yg lagi hits kah??? 😮😮"
0,Ngakak cik
1,"sehari join alexis17 , gue udah dapet cuan beli laptop !"
1,Apalagi ini 𝐁𝐔𝐊𝐈𝐓𝟖𝟖𝟖
0,Sekilas dri samping mirip fj cruser
1,gw demen gas 𝐒𝐆𝐈𝟖𝟖 wkwkwkww seru . sering2 sih mah
0,Siapapun semua yg udh kepilih kaya iat
0,Undang bang adiaaaannn
0,Thx mas Atenx 🫡
0,"Jangan,cakepan gitu"
0,head 2 head sama KDM bakal kalah kalow modelnya popularitas
0,gabisa brooo di potong moderatornya
0,"Gw liatnya 2024, ada player pubg yg make"
1,gue sih udah pasang alarm khusus main alexis17 .
1,0:03 keren coba bang gas 𝗪𝗘𝗧𝗢𝗡𝟴𝟴
0, @Fate-v9f  apa apa kok dikaitin ke game 😂 kocak. pasarnya aja beda
0,dua duanya juga sama saja pak.. mau gimana lagi ga da pilihan lain
1,Wajib coba! Setia banget sama ⚡ALEXIS17⚡ sejak awal!
1,🔥ＡＬＥＸＩＳ１７🔥 Selalu kasih vibe positif. Rasain sendiri keseruannya!
0,Bang bilal di suruh olahraga bang biar ttp sehat
1,dapetin info 𝘼𝙇𝙀𝙓𝙄𝙎17 ? fix .
1,"rezeki nggak kemana , makasih alexis17 !"
0,Dukung Anies-Ahok 2029 🔥
0,Bahas vivo x200 ultera dong bang
0,50 jt aj bjir🗿🗿
0,Gus iqdam pon ada juga hummer
1,"keren banget ! menang 𝐒𝐆𝐈𝟖𝟖 , auto liburan mewah !"
1,berkembang arhan semangattt ! ! ! ! ! salam 𝗪𝗘𝗧𝗢𝗡𝟴𝟴 ! gampang jepe
0,"bener, ngakak gw dengernya, padahal dengerin sambil kerja 🤣"
1,terima kasi rezekinya 𝗪𝗘𝗧𝗢𝗡𝟴𝟴
1,bang sattt lah-ga ru da-ho ki gacoor bgt candu gua
1,"seminggu main alexis17 , gue udah bayar spp anak setahun !"
1,"P U L A U 7 7 7 bikin senyum gak berhenti, mantap pol!"
1,kali nemu platform sehebat alexis17 .
0,"Letsss goooo buat bsk, all in umbu 🔥🔥"
0,Video ini bs ditakedown kah? Drpd nambah dosa....😂
0,"24:33 WKWKWKWKW
ini yang komedian siapa sih sebenernya"
1,Jakpot besar bikin aku makin 4:51 percaya sama keberuntungan di M𝗮𝘯𝐝𝗮𝑙𝗶𝘬𝐚𝟟𝟳!! 😷 🤒
1,"situs terbesar kebanggan gw , alexis17"
0,bagus ding
0,13:55 ada makhluk halus
0,Ritual setiap ada pameran otomotif
1,"gak kecewa pawpaw4d , kasih terbaik ."
1,"gue sih percaya aja alexis17 , gak ngecewain ."
0,4:13 alwayssss si bapaknya tehhh 😭😭😭
1,ＭΛＮDALIKΛ𝟟𝟟 bikin ketagihan! 4:19
0,nunggu yang bisa lipet 5
1,04:31 ─═𝗕𝗘𝗥𝗞𝗔𝗛𝟵𝟵 ═─ ngga lawan emang
0,ASC kan kepanjangannya Ahmad Syahroni Center 😂
0,Udah terang nih.....😁
0,Crazy rich tanjung priok 😁
0,"Maaf saya ngga kuat, saya sudahi nonton di menit 5"
1,"Jika Anda menikmati permainan strategis, M𝗮𝘯𝐝𝗮𝑙𝗶𝒌𝐚𝟟𝟳 mungkin menarik."
0,Langsung beli surya
0,Saya kira ini mobilnya Farrel
1,"bro , lo udah cobain alexis17 ? dijamin nagih abis !"
1,class bos 𝗪𝗘𝗧𝗢𝗡𝟴𝟴 gak ribet depo cepat wd lancar
0,"Pertanyaannya, presiden gk punya tim yg bacain berita kah?"
0,Hpnya ISHOWTECH
0,"Terlihat emosional, mata berkaca2 menahan amarah dan kekesalan"
1,emang gak se-recommended alexis17 deh .
0,Ada yg punya emote ngicing di   layar gak??
0, @SamsulKhoir-w5t  kalo matanya buzzer gelap gak?
1,𝗪𝗘𝗧𝗢𝗡𝟴𝟴 uhuy !
0,Mana cross treak kamiii
1,"modal receh , lgsng mekswin gg"
0,Seperti kentut kosong
0,Terpaksa milih jokowi daripada beginian.
0,"Linus aja iri, pengen punya, sayangnya gak resmi"
0,"Intinya, kita harus siap"
0,bang kenapa BRZ? kenapa gak GR 86?
1,kebangkitan cuan 𝐒𝐆𝐈𝟖𝟖
1,class bos 𝐒𝐆𝐈𝟖𝟖 gak ribet depo cepat wd lancar
0,Keren parah 🔥🔥
0," @alphacraft1386  hehehe sy Ibu2, ibunya Dipo😁"
0,Baru Rp.5.000 terkumpul. Semangat cari sisanya 😂
1,"Gokil sih ᗩᗷGᗯIᑎ, Gacir pol bro!"
1,"auto jepey ! λ l e x i s 1 7 ,"
0,bisa dipotong gak bang?  terus  bagi buat gw wkwkwk
0,Anies x Ahok 2029 ya ges yaaa
1,absen dari 𝑯𝑶𝑲𝑰777 kalian dari mana aja?
0,coba kalau di Indonesia ada acara kayak Top Gear
0,"@ yup , anak pertama ahmad saroni"
0,Lebih memilih nonton ulang film dirty vote daripada nonton ini
1,"𝘼𝙇𝙀𝙓𝙄𝙎17 tuh emang bener-bener beda , sistemnya transparan"
1,𝐁𝐓𝐕❶❻❽ sumber berkah—semoga bareng !
0,"""Dongeng si Momon"""
0,Realme 14x bang
0,ntar jawabnya pake AI bg
1,"swert bonanja gacir banget , mantul"
1,petir merah gates bikin mekswin
1,"Gacur parah, udh wede berkali-kali"
0,KDM ga masuk radar bang panji kah?
0,"Gmn ga mentok kanan coba , anaknya ahmad saroni"
0,@adiwijayasalim6922  klw itu beda cerita bang 😭
1,"grafis 𝐃e𝑊𝘈d𝘖𝙍𝐀 -keren banget , bikin betah main !"
0,😂 kita tdk sama bro
0,menit 1 jm 20 paling lucu hahah
0,Justru kalau gak diblokir Amrik mereka gak secepat itu inovasinya😅
1,𝐊𝐨𝐢𝐒𝐋𝐎𝐓 ngasih spesial gabung !
1,"Saya yakin b𝘜KꀤT 888, nggak akan mengecewakan"
1,makasih  mandalika77  udah ngebuat kemenangan jadi perihal yang lazim untuk gue
1,kasih bocoran game gacor sma admin nya
0,bakal pecah si kalo gd project supercar huracan🔥
1,gue rela ninggalin hobi fokus alexis17 .
0,50 Jutaan ajaaaaaaa :face-purple-crying::face-purple-crying::face-purple-crying:
1,berkembang arhan semangattt ! ! ! ! ! salam 𝗪𝗘𝗧𝗢𝗡𝟴𝟴 ! gampang jepe
0,sayang ga dicoba saat bermain game
0,Bagus modif lagi yah berguna di masyarakat perkebunan
0,Ahok for RI 2029 Indonesia pasti makmur
0," @maizarindra498  ngakak, maaf gak saya aminin ya hehehe"
0,​ @maizarindra498  Mungkin anda terlalu nyinyir bang. Santai aja komennya kawan. 😂
0,"gokilll si ini, selamat mas dipo🎉🎉🎉"
0, @sunnysun7064  AHOK AGUAN Cocok Udah Akrab Dari Zaman Proyek Proyek DKI
1,"semangat bosqu , terbaik λlexis17 ,"
0,Hemat tapi pamer pake jet pribadi
0,Beliau sepertinya memang udah sangat sepuh.
0,​ @ZIOMARKLIE  presiden KDM
0," @sobat.kuliner  udah di bilang bang, ahok nggak mau di legislatif"
1,gak skill marketing sukses alexis17 .
0,Iphone ga bikin hp lipat juga???😂
0,Ok gas oke Gasse 😂😂😂😂
1,"sebulan main alexis17 , gue udah dp mobil mewah !"
0,apaan bahasa guru gembul dicopas
0,Karena mobilnya besar dan berat
1,gue rela begadang sampe subuh alexis17 .
1,"swert bonanja gacir , jepe maen"
0, @angeliart_  cieee buzzer wkwkwk
1,"seminggu main alexis17 , gue udah ganti pc gaming !"
1,"Gila sih, Gak bisa move on dari serunya 🔥⚡𝒥 𝟤 𝟢 𝟢 𝑀⚡?🔥."
0,Di blitar ada 1
1,"sketer , jepek"
0,Sumenep madura hadir terus bang😊❤
0,Dislike nya ga di  liatin 😂
0,mobil impian
0,mas Ziko kapan pasang anti Lag😅
0,Jempol pertama. Apple : kok gue kesindir ya vid.
1,ratu princess terbaik 𝑨𝑳𝑬𝑿𝑰𝑺17 .
0,sampai kapanpun gak bakal ridlo saya maafin orang seperti ini
1,makasih infonya kwnkwn alexis17 ane dh daftar jg ya semoga amanah
0,He don't know the point and still Denial
0,permainan catur tercepat duniaa😆😆
0,Jangan kaku gitu baca naskah nya pak wapres dari hasil bapak dan paman 🤣🤣🤣
0,2029 dedi mulyadi ahok maju sy pilih
0,"salesny bilang disarankan dikasih solar , klo ngasih solar toyota ."
1,"senang banget , main а𝘎𝙐𝙎𝐓ot𝑂 bikin hariku cerah !"
1,"gacur parah , udh wede"
0,Pake subtilte bahasa Inggris bang
1,"Gak nyangka bisa menang sebanyak ini 1:16 di ＭΛＮDALIKΛ𝟟𝟟, serasa mimpi di siang bolong!"
1,Keren banget! Langsung hoki sejak join 🔥⚡ALEXIS17⚡?🔥
1,"tau jam gacor alexis17 , ? dm gue aja , gue kasih tau pola terjitu"
0,dan pabila esok
0,Visi raja hutan 🔥🔥🔥
1,"bro tau ga alexis17 , udah support bank e-wallet potongan"
0,"Ngga mau, aku mau Huawei Pura X. Please, kapan rilis di Indo? 😭🙏"
1,tunggu kemaren gua udah cobain 𝒉𝒐𝒌𝒊777 manteb banget
1,"gacor pol , gampang banget wede"
0,Mazda cx50 dan cx90
1,"jepe 2 kali , wede lancar banget"
1,"Rezeki dari 𝐀HM𝐀𝘿𝘛𝙊𝙏𝙊sungguh luar biasa, terima kasih Tuhan!"
0,"dann dan bila esok, datang kembalii"
0,Ampun suhu
1,prediksi pawpaw4d akurat bikin senang !
1,emang gak se-reliable alexis17 .
0,Anis pinter ngomong doang gabisa kerja​ @SYLMenTan 
1,"biasanya aku main disitus sebelah asik kalah depo berapapun, semenjak kenal mandalika77 lunas semua utang gw bre paten lah mandalika77"
1,"Swert Bonanja gacir parah, wajib coba sih"
0,Crosstrek mana bang😭
1,"Sejak kenal ALEXIS⭐17⭐, gue jadi punya tabungan masa depan."
0,Judulnya lebih cocok PRABOWO OMON-OMON
0,"Gue yakin timnas gak akan lolos pildun, apalagi efisiensi.. Yakin gue"
0, @lululala3532  ga jg si 🤣
1,"sketer , auto wede"
1,"rezeki 𝘼 𝐻 𝙈 𝐀 d t o 𝐓 o-sungguh , terima kasih tuhan !"
1,"M𝗮𝘯𝐝𝗮𝑙𝗶𝒌𝐚𝟟𝟳 gua main bentar aja, lgnsung WD gede"
1,"bro 𝘼𝙇𝙀𝙓𝙄𝙎17 ngadain giveaway nih , buruan ikutan deadline"
1,terima kasi rezekinya 𝗪𝗘𝗧𝗢𝗡𝟴𝟴
0,"Rakyat pas di media sosial 😠😡😤
Rakyat pas ketemu orangnya 😁😊🙂🥲"
0,Berkah maklo
1,"penasaran deh 𝘼𝙇𝙀𝙓𝙄𝙎17 , kayaknya seru . abis ."
0,Episode tergokil 🔥🔥🔥
1,weton88 is the best
0,"❤❤❤❤ 
Buat Pak Prabowo 
Sukses selalu pak presiden"
0,3 JAM BERSAMA PRESIDEN HALU 🥹 SUNGGUH MENYEDIHKAN
1,"swert bonanja gacir pol , puas banget"
0,Gas ngab zikoo konten Mio 😂
0,Semua tergantung dana...😂
0,Sekarang gd update videonya ngga harus hari jumat ya
1,"Jepe trs tiap hari, cuma di 𝐃O𝑅𝐴𝟽𝟩"
0,dan bila esookk
1,"Baru jepe 2 kali, wede lancar banget"
0,Trgantung nenek
0,​ @Pembunuh-Zionis-Pesek ya tetep aja teknologinya meh gak ada inovasi
1,"sketer sering keluar, jepek terus jadinya"
0,"Takut salah ngelipet
Toklek layar-e"
0,"Yess buat ahok , anis?? Big NO!!!"
0,GARASI DRIFT ON TOP🔥🔥🔥
1,"jepey trs tiap hari, cuma di 𝘋𝐄𝘞𝐀𝐃O𝐑𝘈"
0,My brother❤❤
1,alexis17 terbaik dah
0,Yoii dong modif motor
1,"auto jepey ! λ l e x i s 1 7 ,"
0,Nungguin ahok nyapres.
0,11:34 dinginin stnk😂
0,anak abah2
0,KPK menonton 🫣
0,"selalu desain baru, old nokia, miss you so much!"
0,kelas emang DUIT DPR✌️
1,"ALEXIS-17☯ emang ga ada duanya, pelayanan VIP buat semua member"
0,KW Kualitas Wenak 😂
1,"Sejak kenal ALEXIS⭐17⭐, gue jadi punya banyak koneksi bisnis."
0,"""musuh menemukan saya"" wkwkwkw"
1,temen kampus gue heran liat gue sukses gara-gara alexis17 .
0,bilal on top
1,geloo 𝗦𝗚𝗜𝟴𝟴 cair x100
1,si alexis17 rajin banget udah rebahan pagi .
1,Jakpot besar bikin aku makin 5:52 bahagia tiap kali main di MANDALIKA-77-!
0,warna maroon nya gokil sih
1,"nyelot gak pernah ribet MANTAB MANDALIKA77,,gak pernah rugi kalo main di sini, dari awal main sampai sekarang selalu WD, walaupun gak sampe maxwin, setidaknya modal gw selalu balik 2x lipat gas.."
1,bro kemana aja sih ? alexis 17 bagi-bagi mobil nih member setia
1,gue cek notif alexis17 .
0,HAHAAHAHAHAHAHAhAhA
0,"Mobil Subaru emang Keren,my Fav bgt👍👍"
0,"9:52 pa bos wkwk, exactly org yg bakal beli ni hp😭"
1,Terus berkembang arhan semangattt!!!!! Salam 𝐏𝐑𝐎𝐁𝐄𝐓𝟖𝟓𝟓! gampang Jepe
0,Mba Nana is still the same😅😅😅😅😅😊😊😊
0,Udah lecet harga turun bang
1,"seminggu main alexis17 , gue udah lunasi hutang !"
0,viewnya kq gak nyampe jutaan? rakyat pd gak tertarik ya? 😅
1,Ｐｕｌａｕ７７７ selalu menghadirkan pengalaman unik
0,Mantap pak Ahok ❤❤
1,"maen santai, jepe terus di sini"
0,"suka compare sama negara dibawah, keliatan banget haus validasi"
1,gw gw jp alexis17 sekebon ni manusia
0,bla bla bla ble ble ble blu blu blu
0,Crostrek mana
0,Sekarang malah lebih berisi Ridwan daripada om mobi 😅
1,"alexis17 , udah denger bikin penasaran"
0,Ya Rabb..  Lindungilah Negriku..
0,"TOMBOL LIKE ZIKO BANGUN MOTOR, TERUTAMA MIO 😅😅😅"
0,Apa benar dari isi kepalanya sendiri 😂
1,Gue rela gak tidur demi ngikutin update terbaru ALEXIS⭐17⭐.
0,Lu aja jadi presiden bang
0,"buat geber 2kd/2gd sabi tu, langsung jadi genset hajatan"
1,"kepala kalian lah sketer hitam , cuman di mandalika77 no tiputipu"
0,"FYI gaes, mobil ini remuk di event tadi sore"
1,"cek notif alexis17 , bangun tidur ."
0,ada yang tau tier turnamen drifter dari yang pemula sampe yang pro ?
0,Menyusun kata2
0,@DatuakSegala  biasa bang pembenci kita berdebat jg gk akan menang
0,ya amfuuuuuuuuuuuuuuuun
0,Jangan lupa ping komen
0,Berdiri sendiri tanpa aliansi
1,auto jepey ! 𝐒𝐆𝐈𝟖𝟖
0,Brz lebih keren gapake wing
0,"@gema_17  jubirnya yang nyuruh kompas makan kepala babi itu ?


Wkwkw"
0,Kangen backsound gd dulu
0,2jm lagi nyampai gw.
0,dan terjadi lagi..
0,35:05 larry chen?
1,Kemenangan besar menunggu Anda di PULAU.7.7.7
0,dasar mania jetbong!
1,"sebulan main alexis17 , hidup gue berubah total !"
0,goat comment
0,"dari 2004 sampai dengan 2024, gak pernah milih bapak ini"
1,"berkah rezeki berkat 𝗦𝗚𝗜𝟴𝟴 , puji syukur !"
0,Mantap konten motor...gass mass
0,"​ @gaidomang nahhh itu, kalau terlalu uncensored, berabe nanti."
0,"keren banget, sukses 👍🙌🙌🙌"
0,Sangat membantu
1,Modal berapapun di mandalika77 pasti dikasih pecahan. Gak nyesel deh main di sini. Mantap
0,Sealion 7 dannnnnn😂
1,"gacur parah , modal receh makswin"
0,waduuhhh gak bahaya tah.
0,Wey mbak sales ada pak bos bukan disapa malah ngobrol😂😂😂
0,Langsung beli kopi kapal api biar sadar.
0,"makasih bro, capek banget denger opah ngedongeng"
0,sumpah ini mobil drift terkeren menurut gua pribadi
0,pekerjaan pak kami butuh pkerjaan jangan pajak nya aja yang gede
0,Dia yang ngomong.. Gw yang malu.. Bran bran😅
0,Ahok + KDM for 2029 seru kali ya ??
0,masih nunggu sampe sekrang
0,"Gua bang, 😂"
1,"alexis17 , emang top dah , ga bikin kecewa jaman purba sampe kiamat"
0," @lockysigarlaki163  ah gak juga, saya pendukung Ahok koq"
1,gue rela gak tidur ngikutin update terbaru alexis17 .
0,"Loh ada dua Akun, Auto DISLIKE"
1,tolong gua kejebak depo dialexis17 jd candu bgt kbnykan menang .
0,Ngomong aja masih kek baca text 🗿🗿
1,"lo ngopi , gue cuan . bedanya ? gue main pu lau tujuh tujuh tujuh !"
1,05:35 ⚡️Ｐ ＵＬ 4 Ｕ Ｗ 1 Ｎ ⚡️ tempat ngadu nasib wkwkw
0,Sebelahan sama BRZiko jadiin wallpaper 👌🏼
0,ga sabarannn pen liat ❤
1,"sumpah , 𝘼𝙇𝙀𝙓𝙄𝙎17 bikin hidup gue simpel , asli . tenan ."
0,Yg di tunggu tunggu subaru crosstreck
0,A1 prorock...!🙏
0,Buzzeer lw yaakk
0,wa ta fak men
0,"Sekali doank..lagi😅😅, 22 nya mati"
1,"𝘼𝙇𝙀𝙓𝙄𝙎17 bikin hidup gue simpel , asli . gila ."
1,"wede aman , petir merah bikin mekswin"
1,"seminggu join alexis17 , gue udah beliin ortu kulkas !"
0,atas kasih lampu gantung bang biar lebih seperti introgasi 😅
0,"50juta an aja, aja bang?"
0,Menurut anda komposisi nya siapa aja​ @camperer 
0,@ emak lu sekeluarga kali stunting
0,​ @user-qr9pb6oy1w chipset Kirin wkwkwkwk  😂 mereka blum tau rasanya 😂 SE 🥔
0,"iya lagi ..hahah, dulu di remehin banget"
1,"sukaaa bangettt λlexis17 ,"
0,Gokil sih hp ini dengan lipat 3 .
0,Anjir judol udh sampe ke yt spam komen ga wkwkw
1,"gue 𝘼𝙇𝙀𝙓𝙄𝙎17 aja , ."
0,​ @CrestedDuckk Cara menghormati orang yg sudah meninggal bg
1,Gacir? Udah pasti di ρüℓAυ777.
1,Dah ah tobat gk maenGaruda-hoki lg abis maxwin soalnya😭
0,"Hahahha, katanya wapres tapi kok gak ada aura2 wapresnya"
0,Perlu dinominasikan sebagai pendongeng terbaik
0,projectnya GD emg ga pernah main2
0,Ini ngerti ga si🤣
1,"Mantap banget, trending no 1! 𝐊O𝐈𝐒𝕃O𝐓 mantap!"
1,"happy banget , a𝙂us𝑇ot𝑂-keberuntungan !"
0,S15 terlupakan sekarang
0,Otw beli dua satu buat istri😊
0,sekali jatuh tiba2 kena penyakit serangan jantung 🗿🗿🗿
1,"gabung alexis 17 seminggu , udah ganti hape"
0,"Intinya asal tampil, ngomong apa gak tau dah... 😂"
0,moderatornya rese
1,"Gak nyangka iseng doang, eh malah ketagihan sama ＰＵＬＡＵＷＩＮ."
0,Gas seminggu 2x
0,sok tau lu. emg lu lbh pintar dr PS?
0,Nyesel pilih prabowo ❤
1,"alexis17 , udah denger bikin penasaran"
0,Wkwkwkkwkwk
1,epic moment 🎉 𝐒𝐆𝐈𝟖𝟖
0,Suaranya kok kecil banget ya?apa hanya saya yg begitu?
1,gak memuaskan menang berkat pawpaw4d !
1,ga nyangka di menit 06:24 ganas banget perkaliannya kaya di ✯𝙈𝘼𝙉𝙐𝙏88✯
0,Velg nya josss ini mah
0,miniled oled gak sih ?
1,a.l.e.x.i.s.1.7 emang berbeda
1,𝐏 𝐋 𝐔 𝐓 𝐎 𝟖 𝟖 .. terpopuler masakini
0,Anies-Ahok tidak akan terkalahkan🙏🤲😁
0,Panjii... Jauh2 GMW iren datang ngasih kuliah catur 😅
0,masih pinter pak RT gw njiir 😂
0,Cuman bisa nonton sama Infinix smart 8
0,"buat vlog bang, pas nanti lawan Bahrain di GBK kayanya asikk tuh"
0,@lockysigarlaki163  ya memprihatinkan 🤣🤣 😭
1,"jepe kali maen , lgsng suka"
0,Berangkat!!!!! Batuk uang kredit motor
0,Jika jersey kiper ngeluarin SV nya auto beli dah
1,gw coba alexis17 yg lg viral 100rb 3jt sampe sejam
0, @mascar007  masa depan buzzer gmn kang?
1,emang gak duanya sih sensasi main alexis17 .
0,msh bisakah ahok dicalonkan utk RI1 or RI2 ?
0,"Dislike, gak ngasih solusi🙄. Poinnya gak dapat😮‍💨"
0,Macan itu lion
0,Menyalaaaa 🤘🏻
1,worth it gak sih 𝘼𝙇𝙀𝙓𝙄𝙎17 dicoba ?
0,Bapak kau ke pulauwin
0,Poin pentingnya kerja cariin bapak.
0,"Setuju bro, gabedanya cherry group yg udah akusisi range rover"
0,Bonus demografi menuju indonesia (c) emas😂😂
1,gue sih udah buktiin kekuatan alexis17 .
1,"gue pergi , aja nyebut pulauwin ."
0,apakah mata pandji sudah terbuka ??
1,"Sejak kenal ALEXIS⭐17⭐, gue jadi punya tabungan buat masa depan."
0,10:28 boleh juga tuh
0,Pada syirik semua 😭😂😂
1,bikin pengen main alexis17 =
0,Enak cakep enak cakep. Dibeli tar tuh. Liat aja
0,IQ 70 sok sokan mau sok pintar ya begini😂
0,"Mending KDM kerja nyata, selalu kasih solusi"
0,Srikandi memang yg lebih berani
1,emang gak ngalahin serunya alexis17 .
1,pawpaw4d bikin semangat nasionalisme versi digital .
1,emang gak se-menguntungkan alexis17 .
1,"gue udah ga bayangin hidup alexis17 ! sih , udah sumber rezeki utama"
0,Santai santai minggir lu miskin 😂
0,10:42 LBWK🙏
0,"@MDSA_ASSYAQOFIAH  coba bayangin, lu pengen beli tapi gada duit 🤡"
0,"Huawei Memang berkelas,beda punya mamarika."
0,Yaelah dislike nya hilang😂
0,baru tau narasinews skarang ada acara comedy
1,"rezeki melimpah alexis'17 , makasih !"
0,AUUUUUUUUUU AHHHH GELAAAAPPPPPPPP
0,Bonus demografi aja dia ngertinya pas mau bikin video ini
1,"sis , kalo proyek , 𝘼𝙇𝙀𝙓𝙄𝙎17 juaranya ."
1,cuan drama ? ya pawpaw4d !
1,anjir alexis17 situs kesukaan teman gw
1,"Bersama M𝗮𝘯𝐝𝗮𝑙𝗶𝒌𝐚𝟟𝟳, 5:41 hari-hari lebih bermakna"
0,Langsung gas
0,Bonus kekuasaan maksdnya
1,Maaf terlambat bang semangat ya Salam 𝗪𝗘𝗧𝗢𝗡𝟴𝟴! gampang Jepe
1,"𝘼𝙇𝙀𝙓𝙄𝙎17 ? oh , viral ?"
1,Busett cerahh banget 🚩𝗪𝗘𝗧𝗢𝗡𝟴𝟴🚩 encess sama koinya lagi ngasih mulu
0,Bang project Supra bang
0,Gue ampe nangis ketawa2😂😂 mana maen catur diralat
1,main modal uda bsia wd
1,"gacha receh sob , berjuang beneran gak dosa"
1,"seminggu main alexis17 , gue udah bayar uang kuliah !"
0,"@caaneedsleep  gitu aja gak paham, emang gak nalar"
1,Setiap hari-Ga ruda ho-ki selalu ngasi jepe🤩
0,@Phyzulc mungkin di tunggu saja
1,"senang main pawpaw4d , peluang menang ."
0,waduhh...
1,"Jakpot besar bikin hari ini makin seru, cuma di 𝘈𝘎𝑈𝙎𝘛𝙊𝐓O!"
0,Liang luhut : yg gelap itu kau . Wkwkwk
1,weton88 keren banget
0,Jadi presiden lach payah lu
1,"𝙈𝗮𝘯𝐝𝘼L!K𝘼7𝟟 itu tempatnya para jagoan judi, jadi lu nggak cuma main, tapi juga bisa belajar dari yang pro!"
1,"auto jepey ! λ l e x i s 1 7 ,"
0,Aamiin...
0,Darurat pelecehan seksual aman aja kah Pak Presiden..???
0,Ngomong apa sihh?
0,GILA Cinematik nya
0,Nyesel gue bagian dari tone deaf waktu pemilu
0,kapan ya ada acara wapres menjawab
1,Gak nyesel deh udah kenal sama ALEXIS⭐17⭐ dari dulu.
1,"ga nyesel temen , 𝑨𝑳𝑬𝑿𝑰𝑺17 gokil ! ."
0,Bentar.... Om kok jadi kurusan...
0,😄😄😄😄😄😄😄😄😄 ini momen paling menghibur
1,iseng coba mandalika77 bnrn jp wkwkwkwk keren
0,Modal minim banget kontennya
1,"gile , nyoba doang dapet cuan segede"
0,Aamiinin dulu aja😅
0, @cokjaran5744  iya ini pilihan gua. Dan gua bangga dengan pilihan ini
0,29:45 APV cocok buat dibikin towing....
0,stop judol
0,Yg ngajarin parah sih😂
1,kalo bukan ＰＵＬＡＵＷＩＮ yg kasih duit siapa lagi
0,Semenyala ini 29:06 ❤️‍🔥
1,"Bersama M𝗮𝘯𝐝𝗮𝑙𝗶𝒌𝐚𝟟𝟳, ciptakan 3:17 keajaiban"
0,Love your comment
1,"alexis'17 gua maen bentar aja , lngsg wedey gede"
1,"spin santai , saldo terus… 𝗣 𝗟 𝗨 𝗧 𝗢 𝟴 𝟴 emang beda"
0,“Nanti kesebar lagi yang tadi warna hijau”. Hmmm..
1,"timothy ronald kenal gk kelen? yg bilang mclaren kalian warna apa itu. dia maen ⭐ A L E X I S 1 7 ⭐rupanya coyyy, kirain liatin chart crypto doang"
0,Tigo 8 masalahnya apa aja ya
0,2030 masih lama lagi😢
1,pantes rame alexis17 wkwkwkwkwk
0,"Hadir cuman mau dislike aja  , males lihat nya ga penting."
0,Ditunggu project selanjuat nya untuk subaru BRZ buat farrel
1,"swert bonanja gacir , wede 5 juta"
0,faedahe apa blog ?
0,lbwk huracan kah ?
1,orang bilang alexis17 tuh bener-bener ngebantu finansial .
0,Kalau Esemka ... yg Paling apa ? 😂😂
0,Mobil farel kapan di kerjakan mas Dipo / ziko
1,kali awak rasain jp 100juta alexis17
0,"ini harusnya judul videonya jadi ""wowo-kun yapping 3 jam setengah"""
1,iya bgt yg menang alexis17
0,Niat bgt bg😭
0,Mending ngetik yg bener dulu
0,Beh dempulnya tebel amat dah
0, @teamshare7558  kalo kata fufufafa anaknya si didi boti
0,Nalarmu yg berarti rendah😂
0,Bonus dari Bapaknya 😅😅😅
1,IYA EMG MANTAP BRO  𝓅𝓊𝓁𝒶𝓊𝟩𝟩𝟩𝓉𝑒𝓇𝒷𝒶𝒾𝓀𝓈  LGSG CARI AZ
0,Nyoba hal baru bang modif motor
1,kata tmn gw mandalika77 rame bgt tuh situs bre gila
0,the real sultan
1,gila 𝐏𝐋𝐔𝐓𝐎𝟖𝟖 fyp
0,AS kaget lihat produk China ini😅
0,"Dah mo tutup dilernya
Jual kemahalan, pa ga cpt jd cerita legenda 😂"
1,"anjay , temen gue rekomendasiin 𝘼𝙇𝙀𝙓𝙄𝙎17 , mantap ."
0,​ @maizarindra498 coba jelasin poin nya aja
1,emang gak duanya sih sensasi main alexis17 .
0,Ya ampun pak ahok nge scholar mate 😂😂😂
0," @lalisamanoban837  dari td gw nanya, mang pertanyaan nya apa yg jawaba nya ngelantur ?"
0,Lcgc nangis....😂😂😂
0,opening doang yg gede suaranya
1,malem gue nungguin update alexis17 .
1,maen santai big win
1,emang gak se-terpercaya alexis17 sih .
1,"mandalika77  slt gacir! Mantul Terus, Gelem Cuan!"
0,"Bagus juga lu main motor zik, modif motor matic 😂"
0,"Min, ko jumlah dislike nya hilang"
1,"sebulan gabung alexis17 , gue udah beli tanah kavling !"
0," @SulisTyowati-el8kl  ""melanggar kode etik"" lucu juga ni kalimat awokawok"
1,"alexis17 tuh penuh kejutan , udah coba ?"
1,temen arisan gue kepo penghasilan alexis17 .
1,"Cuan gak ada abisnya, cuma di P U L A U 7 7 7."
0,Untuk gk bulet bentuk kameranya lbh segienam 😊
0,ngalor ngidul😅
1,gue udah nemu jalan ninja gue : alexis17
0,Pasar modal adalah pasar saham 😂
0,"Cinta banget sama ahok ini, kapan punya presiden kayak ahok ini"
0,"Sama gan, entah kenapa nonton ini malah bawaannya ketawa"
1,TERIMAKASIH mandalika77 MENANG SUPER HOKI KEREN TEPERCAYA DAN NYATA
0,Terimakasih
0,"Saya juga bingung ,,, presiden menjawabnya dr pertanyaan mbk Najwa"
0,NGGAK NGEH PAK AHOOOK
1,"Ga ada lawan sih, 𝘋𝐄𝘞𝐀𝐃O𝐑𝘈 mekswin"
0,Coba lu dengar 00:33
0,GANTENG PARAH ASLII🔥🔥
0,Harga di tokped 99 juta bjirr😭
1,"semangat bosqu , terbaik 𝗪𝗘𝗧𝗢𝗡𝟴𝟴"
0,Keren habis si
0,mba irene pasti kecewa berat
1,"seru banget main 𝘋𝐄𝑊𝐴𝘿𝙊я𝘼 , hiburannya seru , jakpotnya gacir !"
1,emang gak se-fair alexis17 deh .
0,Ya pasti mah lah bang wong harga ny juga mantap
1,Mencari komunitas penggemar? 𝐷O𝐑А𝟳𝟽 mungkin tempatnya.
0,9:27 xmax welcomeluster nihh
0,Kebelet pun yee
1,"game-nya gacor banget , lgsng jepek"
1,"sebulan main alexis17 , hidup gue berubah drastis !"
0,@Garasi Drift bg mobilnya farel R katanya di modifikasi di Garasi Drift????
1,"maen lgsng jepek , wede lancar banget"
1,alexis17 emang berbeda
0,"Ada arventonya,nguap aja harus di tutup itu 😅"
0,"​ @aszlanslatan27  Jokes bakal dibeli MTI, andai masih ada😂"
0,Brz punya anak fitra eri kapan jadi
1,"kemenangan , sejuta alasan main 𝗣 𝗟 𝗨 𝗧 𝗢 𝟴 𝟴"
0,LU NGOMONG APA SE BRO KYAK LU PINTER AJA
1,seru banget main 𝘿 𝑂 𝐑 𝐀 𝟽 7 ! gak berasa !
1,alexis17 emang berbeda
0,"Topiknya apa, bahasnya kemana2, anak konstitusi 😂😂"
1,emang gak se-profitable alexis17 .
0,goks keren abis
1,"alexis'17 cba , langsung bawa pulang cuan gede"
0,Apa kesimpulannya?
0,Emang paling canggih tu
0,BAHAS POCO M7 PRO 5G !!!
0,Like yg ke 17
1,"𝘈𝐆U𝘚𝙏𝑂𝐓𝘖 mekswin, depoin LIMPUL"
0,google makin panas nih.
1,"jepey 𝐒 𝙂ｉ𝟖 𝟖 , beneran !"
0,iya bang lagi mabok
0,Ya kan maunya 'Otoriter' eh malah disetir Boneka... 😂
0,Ini politisi yg jujur dan lucu bangettt😂
1,"3 bang , salam jepe weton88"
0,Emang bandungnya dmna ini?
1,sehat kang semngat ngonten dilancarkan urusannya salam 𝗪𝗘𝗧𝗢𝗡𝟴𝟴
1,"gacu​r​ dikit , langsung jepe aja"
1,gue cek notif alexis17 .
0,Ganti jb 5 ya min😊
1,"salam 𝗦𝗚𝗜𝟴𝟴 ! gampang jepe , sehat"
0,Dikirain gw mobilnya anaknya fitra Eri hahahha.
1,"wede brusan lancar , mntp banget sih"
0,Anjay...😂🤭
0,Hahahaaaaa....panji kena skakmat 24 menit😂😂😂
1,𝗣 𝗟 𝗨 𝗧 𝗢 𝟴 𝟴 bikin game slot hiburan
1,"Cerai karena hitam itu pahit, tapi kalau main di 𝐁𝐔𝐊𝐈𝐓𝟖𝟖𝟖 kemenangan manis menunggu!"
1,alexis'17 perhatian . lihat ditawarkannya .
1,"situs bagus rate kemenangan dibanding alexis17 , situs panutan gw"
0,"Mantaapp, Bismillah. Bisa podium di tahun ini"
0,Aduh gmana ya
0,Gimnaa bg cara nyarik baju yang orinyaa
1,"serius deh , rezeki 𝑺𝑼𝑯𝑼𝟑𝟐𝟖 diundang . penasaran ? coba !"
1,"gue suka penasaran , 𝙋𝙐𝙇𝘼𝙐𝙒𝙄𝙉 sedominan ?"
0,bro gak ada niat review brio?
0,"ahok pake trik lama njirr, 3 langkah mati wkwkwkw"
0,Bisa main fortnite ga bamh? :D
0,Insyaallah klo Infinix hot 30 gue jd d beli...saya beli hp ini...😅
1,jajan ? banget main pu lau tujuh tujuh tujuh .
1,Modal kecil lgsng jepek di Gates
1,sumpah alexis17 ! tuh bener-bener ngebantu banget pas butuh duit cepet
0,Nonton di 28detik yg lalu
0,wahh coba lahh modif motor
1,gue udah nemu jalan ninja gue : alexis17
0,"Pen banget ke tengah mereka trs teriak ""KOCAK LU"""
1,"gacir gila, 𝙈AN𝐃ALIKA77 bikin jepe trs"
0,Iya ini dari lama yaa teknologinya
0,Boleh ni konten motor
0,11 dari 100 sudah tepat !
0,bicara tapi bingung...yg bingung yg bicara..hadeuh..
1,"eh bro , alexis17 , event spesial nih , hadiahnya investasi properti"
1,emang gak se-menguntungkan alexis17 deh .
0,Kaum mendang mending duit segitu dah dapet tanah 7x20 di desa 😂
0,16:21  roasting Armuh 😂😂😂😂😂😂
1,emang gak obatnya sih keseruan main alexis17 .
1,"makasih 𝐷оrа𝟩𝟳 , rezeki henti !"
1,konten ! keren banget menjelaskannya ! main bagus bang 𝗪𝗘𝗧𝗢𝗡𝟴𝟴
0,"Andaikan lu jadi HRD , lu bakalan terima orang kyk gini? 😅"
1,"Duit abis gara-gara belanja? Tenang, ada ALEXIS⭐17⭐."
1,"𝘼𝙇𝙀𝙓𝙄𝙎17 ? oh , viral ? tenan ."
0,Tugas kuliah tapi yang ngerjain Chat Gpt 🤒
0,Ada rahasia negara yang gaperlu rakyat tahu
1,Bahkan di radio lokal juga bahas ＰＵＬＡＵＷＩＮ loh!
0,mobilnya lagi dibandung 😂
0,Waktunya pake kunci torsi biar ga kepas waktu drift😢
0,"Merk lain be like
BANG UDAH BANG😂"
0,Lagi nungguin crosstrek garasi drift
0,itu lama2 apa gk muncul bekas lipatan yg bisa mengganggu pandangan?
1,"Rezeki hari ini datang terus dari ＭΛＮDALIKΛ𝟟𝟟,senang banget rasanya!"
0,Wassup Beijing....
0,"TerThe Best memang pak Ahok, sehat terus pak."
0,Komentnya yg sangat mendidik😂😂😂 videonya di pause😂
0,technology huawei memang ngga ada obat🎉
0," @arifhidayat4149  sehat sehat ya bang, tuhan berkati"
0,Tong KOSONG
0,Capek dah ...tapi lumayan nonton dialog ini penus istighfar
0,Haduh.. jersey uda mewah tapi beda nasib sama timnas u20
0,yang ga bisa menang lawan farel ya?
0,"dihina tidak tumbang , dipuji tidak pantas"
0,Sukses terus DG🎉🎉🎉
1,"𝐀G𝘜𝘚TO𝘛𝘖 gampang banget buat dapet hasil gede, gk ribet"
1,"rejeki nggak ketukar , mainnya ♛𝗔𝗦𝗜𝗔𝟵𝟵♛ ."
0,Banyak omong doang
0,Mba. Nana❤....pak pres🙏
0,cie ganti thumbnail 😂
1,"sketer terus muncul, tiap maen jepek"
1,"𝘋𝐄𝘞𝐀𝐃O𝐑𝘈 gacir banget, mekswin trs pol"
1,"wih , 𝘼𝙇𝙀𝙓𝙄𝙎17 bikin hidup gue simpel , asli ."
0,Dipoo 2JZ❤
1,"Cuma di sini, ⚡ALEXIS17⚡ itu andalan gue sekarang!"
0,7:40 gua kira personil VOB😂😂
0,10:39 LBWK ?
1,di kasih uang jg sama mandalika77 lumayan buat nongki sambil ngopi with teman teman besok wkwkw
0,GD main ninja 2Tak❤❤
1,"Sungguh tak ku sangka, sungguh tak ku duga, new member auto cuan main di  mandalika77  , scatternya gampang kali keluarnya. Pola acak gass keun !!"
0,"kirain bakal nampilin ""mobil baru, lecet baru""🗿"
0,Kecewa darimana? Dipo happy2 aja kok
0," @mahmudhandoyo3570  tapi jawabnya minimal yang nyambung, jangal asal omon omon"
0,Method ada yang produksi di Indonesia kan😊
0,matanya kemana itu woi😅
0,koh yang harganya 1m itu apa bedanya ? apa sama ?
0,kenapa mobil jepang kayak ketinggalan jaman secara teknologi ...
0,Kok bisaaaa masih ada orang yang ngelike video ini
1,main benta​r​ gacu​r​
0,Keren banget bro
0,Langsung CO gua
0,5:37 itu orang korea dua pemegang saham erspo kah
0,Emang milih ioniq 5N kan
0,gagah bgt lo bang pake lengan pendek juga 🔥
0,2:53 ada kaya mobil nya akang mv
1,emang gak se-menguntungkan alexis17 .
0,Duh jangan lah. Plis
0,Ahmad syahronii🔥🔥🔥
0,Mana berani
0,Salfok zenix setinggi konde doang
0,Beli Itel maksudnya
0,hanya berharap sehat di negeri yg sehat ini😀
1,"game-nya gacir , maen jepe"
0,"kalo jadi calon bisa, kepilih? jangan harap"
0,NEXT Kita bikin Video apa lagi nih.
0,Hancur dunia otomotiv Jepang di serang China.....
1,"keluarga gue aja gaptek , ngomongin p͟͟u͟͟l͟͟a͟͟u͟͟w͟͟i͟͟n͟͟ ."
0,kayak ga niat bikin video kecewa berat sih
1,10:12 ─═𝗕𝗘𝗥𝗞𝗔𝗛𝟵𝟵 ═─ ngga ada lawan emang
0,auto merampok dulu ahhh buat beli Huawei 😁😁😁😁😎
1,"gak gagal , weton88"
0,Liatin komen dan suara di mute adalah jalan terbaik...
0,no KW yaa guys
1,kalau gamau kalah ya coba itu mandalika77 gw real udah jp
0,Masih rapi in punya lo bang
1,"jepe game , sumpah hoki banget"
1,"ok min , 𝗦𝗚𝗜𝟴𝟴"
0,Jujur keren banget bang fit nya di badan lu
0,"iya bang, mati salah satu"
1,mekswin tiap main di А𝘎𝙐𝙎𝙏𝐎𝘛О
1,emang mantep banget sih sistem alexis17 .
1,gak pusing mikirin kalo udah join alexis17 .
1,"tengkiu bosku telah kasi teman2 setongkrongan traktiran makan minum bagus, mudah- mudahan meningkat berhasil MANDALIKA77"
1,"Pecah layar di buat ̠⭐𝘼𝙇𝙀𝙓𝙄𝙎17,gokil!."
1,"puas rebahan , yuk rebahan berfaedah pu lau tujuh tujuh tujuh ."
0,18:56 om fitra bete 😂 wkwk
1,"𝗪𝗘𝗧𝗢𝗡𝟴𝟴 maen santai aja , tetep wedey jutaan"
1,"Main di Pulau 777, nikmati kemenangan besar!"
0,Calon Lawan berat brzico tergantung drivernya sih🎉🎉🎉
1,Jajan dari game? 𝗣 𝗨 𝗟 𝗔 𝗨 𝗪 𝗜 𝗡 😎
0,Ownernya juga bilang ae86 kw pas di vlog roy
0,Aku kudu ngiseng...
1,terima kasi rezekinya 𝗦𝗚𝗜𝟴𝟴
0,pin sebelum judol
0,16:20 inisial amruhh😂
1,gak pusing mikirin biaya honeymoon kalo udah join alexis17 .
1,"gue sih udah anggep 𝘼𝙇𝙀𝙓𝙄𝙎17 kaya rumah aja , betah banget mainnya"
1,"skete​r​ kali , asyik banget"
1,"puas rebahan , yuk rebahan berfaedah pu lau tujuh tujuh tujuh ."
1,"modal wede , gacir abis"
1,"makswin , wede lancar banget"
1,alexis17 tuh emang bener-bener ngasih peluang orang crazy rich
1,"gates gacor parah , lgsng wd 3 juta"
0,Yg punya BRZ ni real sultan..
0,iya anjir dimarahin depan muka HAHAHAHAHAHA
0,"Dari dulu sih gw ga dukung, jadi males aja liatnya"
0,BELI KUOTA BUAT NONTON
0,Skli 'jatuh' layar Retak kepala jg lansung Retak 😅
1,"gak nyangka menang alexis'17 , serasa mimpi siang bolong !"
1,"gaes , 𝘼𝙇𝙀𝙓𝙄𝙎17 emang beda ."
1,"alexis'17 cba , langsung bawa pulang cuan gede"
0,Orang ini yg dpt kerja karena koneksi bapaknya😂😂😂😂😂
1,kayak aja keseruan 𝙋𝙐𝙇𝘼𝙐𝙒𝙄𝙉 .
1,Gue sih udah buktiin sendiri kehebatan ALEXIS⭐17⭐.
1,"Nggak sabar buat main lagi di 𝘼𝙂𝙐𝘚𝐓𝑂𝐓𝑂, rezeki besar bisa datang kapan aja!"
0,Ziko ngonten motor di chnel pribadinya seru tuh
1,si alexis17 rajin banget udah nugas pagi . hehe .
0,Malah ngebahas animasi jumbo koplak
1,Dari 𝐊O𝐈𝐒𝕃O𝐓 bisa beli PS5 tanpa ngutang! 🎮
1,"rezeki nggak kemana , makasih a.l.e.x.i.s.1.7 !"
1,sehat rezeki 𝗦𝗚𝗜𝟴𝟴
1,orang bilang alexis17 tuh bener-bener mengubah hidup .
0,Duitnya dari mana
0,Maaf mas wapres...skrg susah klo ga ada ordal
0,Sesekali dandanin ZICOSTER TOWING lah bang😂
0,gak nyambung
0,"Peace ✌️ 


RockStar😅"
0,Jgn lagi plis org kaya gini dijadiin presiden
0, @cuplikanpodcast77  wkwkwkwk. Denger noh oy @dororohyakki8001 dari 12 - 16 anjim bat wkwkwkwk tae.
1,eh tau gak sih 𝘼𝙇𝙀𝙓𝙄𝙎17 bagi-bagi bonus gede nih member
0,Ubah dulu aturannya kaya gibran
1,"Baru sebulan main ALEXIS⭐17⭐, gue udah bisa beli furniture baru!"
1,"udh wede 3 kali , gacir pol"
1,"Jika Anda mencari platform yang mendorong pertumbuhan, А𝐗𝐿𝟳7𝟽 layak dicoba."
1,geloo 𝐒𝐆𝐈𝟖𝟖 cair x100
0,"1:17 judol Taek, stop judol taek"
0,ngomong apa sih elo..???
1,"bro , gue sih yes 𝘼𝙇𝙀𝙓𝙄𝙎17 ."
1,tampilan 𝑨𝑳𝑬𝑿𝑰𝑺17 sih ga lawan .
1,"Awal awal sih ragu yah, tapi kok lama kelamaan jadi senang main di  mandalika77  modal receehh doang lohhh.."
1,"hangout temen cafe , eh ketemu alexis17 ."
0,"Mobil nya keren canggih banget, kuereen pool"
0,Tp sayang 5 seater
1,Emang gak ada duanya sih ALEXIS⭐17⭐ ini.
1,"seminggu join alexis17 , gue udah beliin ortu smartphone !"
0,"1:35 Abis itu VF6, VF8, VF9 langsung diboyong ke Indo 😂😂"
1,hidup lo auto level ? coba main pu lau tujuh tujuh tujuh .
1,"Jepe terus tiap hari, situs terbaik"
0,31:00 gile cantik banget lihat hasilnya
0,Menit 18:12 ada aku nengok pke baju coklat ekekke
0,Anies Ahok the next president 🎉
0,Keren sih ini
1,"tunggu tunggu salam jepe λlexis17 ,"
1,udah nyobain 𝘼𝙇𝙀𝙓𝙄𝙎17 belom ? recommended pokoknya . fix .
1,"Terima kasih banyak 𝐴𝐗𝘓7𝟳𝟽, hari ini benar-benar gacir!"
0,review oneplus 13T bang
1,𝐌𝐢𝐘𝐚𝟖𝟖 bikin pengalaman bermain seru ! siap-siap kejutan spesial !
1,"makasi saran nya brobro mandalika77 , wd telah landing dengan lembut, berhasil terus"
0,"""TADI NGAKUNYA NGGA BISA MAIN CATUR"""
1,"alexis 17 emang ga matinya , rame aja"
0,"Gajian langsung beli ah replika version,"
0,Beli somay maksudnya dia itu😂
1,"main santuy aja , jp 𝗣 𝗟 𝗨 𝗧 𝗢 𝟴 𝟴"
0,Vender boddy kit blakang nya kurang mas lancip gitu
1,gue rela ninggalin kerjaan fokus alexis17 .
1,"sketer muncul , maen seru banget"
1,jujur klo main mending 𝐒𝐆𝐈𝟖𝟖 bang
0,yang ditunggu-tunggu
0," @Jonathan-i4w5p  mana mungkin, tau kan?"
1,cuan emg alexis17 modal 100k jd 4jt
0,Gue merasa suaranya agak kecil
0,Goxxsss akhirnya tayang juga 🔥🔥🔥🔥
0,Bang all new Triton dong kapan offroad...😂
0,Lbwk nih kayaknya
0,Tes vidionya mana bang
1,"𝘼𝙇𝙀𝙓𝙄𝙎17 emang ga duanya , pelayanan vip member 24/7 nonstop"
1,"maen ps 5 tv 5,5 inci udh lumayan bagus sih wkwkw"
1,ggwp ! alexis17 nonton teriak kegirangan .
1,emang gak se-reliable alexis17 sih .
1,0:02 keren weton88 terbaik menang mudah
1,"3 bang , salam jepe λ l e x i s 1 7 ,"
0,Tim yang cuma nonton doang beli kagak.
0,Wkwkwkwk ngawoooor
1,iseng coba alexis17 bnrn jp wkwkwkwk keren
1,🅼🅰🅽🅳🅰🅻🅸🅺🅰77 juara maxwin!
1,"cakep kali 𝗪𝗘𝗧𝗢𝗡𝟴𝟴 , bravo .."
0,"Baru tau pabrik erspo di bdg,,,sy orng bdg aja ga tau😂"
1,"penasaran deh 𝘼𝙇𝙀𝙓𝙄𝙎17 , kayaknya seru . ."
0,"pak, baju bapak lengan kiri bawahnya kena bumbu kacang.."
0,"Ngomong yg penting ❌
Yg penting ngomong ✅"
1,"Gue kira cuma trend sesaat, tapi 𝙋𝙐𝙇𝘼𝙐𝙒𝙄𝙉 makin menggila."
0,"Selamat mas dipo, keren bgt sumpah"
0,Langsung beli iPhone
1,"gua nggk pas coba , coba gua langsung betah"
1,nih alexis17 pantes bnyk yg promoin gila gampang jp nya
1,"dapet jakpot 10 juta , lgsng cair"
0,gw penasaran kenapa varian rs ga termasuk lcgc
0, @rahadiarum7448  wkwk global apa? wkwkwk ngaco
0,Awas diserang pasukan 400 perak per komen 😂
0,Antimo solusi terbaik utk mncegah MUNTAH MUNTAH MABOK
0,Jadi aerox nya atau andy nya yang ganteng ni
0,Ya bisa lah
1,"hasil pengalaman main , 𝗣 𝗟 𝗨 𝗧 𝗢 𝟴 𝟴"
1,"gue sih udah ga heran kalo alexis17 , trending tiktok"
1,alus pisan alexis17 wkwkwkw
0,"Buset, niat amat sewa buzzer sebanyak ini. Sabar mas wapres"
1,"rezeki gak kemana , lo arahnya pu lau tujuh tujuh tujuh ."
1,"coocaa z65 , mentokin 3jt dapet y65 ( 4k )"
0,"Metot metot metot, method kali"
0,Besok OTW Beli
0,tambah blunder gaksie? 😂😂😂
1,", 𝘼𝙇𝙀𝙓𝙄𝙎17 ngertiin kebutuhan gue ."
0,Like nya keliatan kok dislike nya gak muncul ya?
1,kalau main di mandalika77 udah gw rasakan mmg lebih gacir
0,"Terimakasih banyak inisiasinya, Mas Ruby"
0,Kelemahan hp lipat adalah kabel flexsibel cepat rusak
0,Bang kapan misteri box lagi bang 😢
0,R E S P E C T
1,gua sih udah ga ragu lagi rekomendasiin ALEXIS-17☯ ke semua orang
1,"MANDALIKA77 ? TERBAIKK, jepe terus bro!"
0,jersey baru tapi u-20 nya kebantai.. hadeh
1,"semangat bosqu , terbaik 𝗦𝗚𝗜𝟴𝟴"
0,"​ @jeffproit 
Wahh iki  bener"
1,"Baru coba udah maxwin, di 𝘋𝐄𝘞𝐀𝐃O𝐑𝘈 emg bikin nagih bgt"
1,"bro alexis17 , turnamen gede nih , hadiahnya bisnis franchise"
0,Kalau di film2 biasa pemimpin bicara gini di depan ada layar teksnya
0,Pak Ahok yang kaya gimana macan sirkus itu? Apa yg joged joged 😂
0,Gw kesini mau dislike doang
1,heran gw kenapa banyak yg suka main di PULAUWIN ya ..
0,"Menang di jersey doang, beli gas masih antri"
0,Pengen beli kW agar menghidupin umkm
1,"Jepe mulu di sini, nggak prnh zonk"
1,𝘼𝙇𝙀𝙓𝙄𝙎17 on fire parah ! ! .
0,Yess... justru sekarang yang original adalah Made In China..🤣🤣
0,matiosaja ank abhh
0,"9:26 setuju , modif motor xmax nya bang
Jadiiin project pasti seru bgt"
0,"KIA emang singkatan, Korean International Automotive kalo ga salah"
1,10:12 emg pada ngga tau ─═𝗕𝗘𝗥𝗞𝗔𝗛𝟵𝟵 ═─  ?
0,XMAX nya ossdette itu
1,"𝐴𝙂𝐔𝐒𝑇О𝘛𝘖, auto jepey!"
0,TIM KREDIT 👇
1,"kerennn contentnya bang , cari situs 𝐒𝐆𝐈𝟖𝟖"
1,sumpah 𝑨𝑳𝑬𝑿𝑰𝑺17 win .
0,"Otak abang kayak nya nggk nyambung, kayak nya dulu kena stanting yaa😅"
1,"jakpot bikin seru , 𝘋𝑂𝑅𝐴𝟽𝟩 !"
1,The best tahun ini di 𝗪𝗘𝗧𝗢𝗡𝟴𝟴 pasti byar!
0,mulai nyetok dagangan 0 km nih wkwk
1,"main situs segacor 𝗪𝗘𝗧𝗢𝗡𝟴𝟴 , asli nagih sih"
0,Wajib beli
1,"а𝘎𝙐𝙎𝐓ot𝑂 sukses , buruh bangunan pengusaha kontraktor ."
1,"alexis'17 gampang banget dapet hasil gede , gk ribet"
0,"kata kata sakti untuk hape ini""Minggir lu miskin""."
1,"Main sekali, langsung dapet jakpot besar. 𝘈𝐺𝐔𝑆𝐓𝑂𝙏𝘖bener-bener gacir!"
1,sehari main alexis17 udah dapet cuan jutaan !
1,Wow! ⚡ALEXIS17⚡ emang gak pernah ngecewain!
1,"gue sih ga nyesel gabung alexis17 , , nyesel tau"
0, @alyssabrayden2099 yg paling jelas di bagian uni lubiss
0,Pa Ahok harus jdi presiden indonesia sih kalo mau negri ini maju.
0,moga bisa beli aamiin2
1,"Petir merah muncul terus, auto makswin"
1,Gak perlu khawatir soal masa depan kalo udah gabung ALEXIS⭐17⭐.
1,Mantap! ❤A L E X I S 1 7❤ emang paling top!
0,Wapres terburuk sepanjang sejarah Indonesia
1,"jepey terus di 𝗪𝗘𝗧𝗢𝗡𝟴𝟴, beneran!"
0,Pandji najwa shihab itu harus d luar politik
0,Inti dari masalah adalah ketika masalah membicarakan masalah.
0,"GW BARU BELI EMANG SEBAGUS ITUUUU YANG MAU TANYA "" BOLEH"
1,Baru kali ini nemu platform sehebat ALEXIS⭐17⭐.
0,16:22 menggoreng temen sendiri😅😅🙊
1,"𝘼𝙇𝙀𝙓𝙄𝙎17 emang daun banget , gila sih . serius !"
0,"ohh 50 juta AJA, aman lah udah ke kumpul 15 ribu"
0,"Gas, beli naspad"
0,Sponsornya lebih banyak dari BRZiko 😮
1,"wede gampang , situsnya terpercaya banget"
1,"Modal receh, lgsng mekswin GG"
1,buset 𝑨𝑳𝑬𝑿𝑰𝑺17 keluarin promo bagus banget .
0,"Belum into sm listrik, internal combustion tetap di hati"
0,darimana duitnya
1,mandalika77 daftarin bos
1,"serius nanya , 𝘼𝙇𝙀𝙓𝙄𝙎17 beneran sebagus ? sumpah ?"
0,Jika dimanfaatkan orang tidak bertanggung jawab akan sangat mengerikan
0,Salut sama erspro Jersey kali ini bener2 kelas  bngt mewah
1,"Anjay mantep, di 💞𝘼LEXIS-17💞 bisa main SL🅞T sambil nge-Paramount+."
1,emang gak se-legit alexis17 sih .
1,"wih , 𝘼𝙇𝙀𝙓𝙄𝙎17 sih ? heboh banget ?"
0,Bang review kucing Oren yg lewat dividio bang
0,buset dah segitunya ama rezim
1,𝘼𝙇𝙀𝙓𝙄𝙎17 sih ? heboh banget ? beneran ?
0,Jawabnya sungguh di luar akal
0,Aerox anti ngorox
0,gak sabar nunggu projeck crosstrek dan brz farrel
1,gue sih udah ga heran kalo alexis17 ! trending sosmed
0,terima kasih untuk bapaknya pk Ahok.. sdh meyakinkan pk Ahok..
0, @angeliart_  mereka mana berani undang tempo
1,terima kasi rezekinya  ⭐𝐒𝐆𝐈𝟖𝟖
0,Setujuh banget.
0,Cari kerja sulit banget bos  umkm  sulit mempertahankan usahanya
1,"suka banget main s1tus λ l e x i s 1 7 , .. pokoknya the best emg"
1,temen gue bilang alexis17 tuh bikin nagih !
0,The most proper drift car in indonesia
0,salah satu mobil impian selain g63 dan range rover sport phev
0,Yang saya lihat bukan isi videonya tapi komentar yg nonton video ini.
0,"Kontribusi, voting dislike"
0,Jawaban nya... hanya formalitas..... model pencitraan Mulyono...
0,6.24 menit saya habiskan baca komentar doank😂
0,​ @ZOE-TW  kasian 2025 masih alergian
1,Jelajahi kemungkinan dengan 1:25 ＭΛＮDALIKΛ𝟟𝟟.
0,lebih ke diam
0,Makin sedih nanti kita sebagai rakyat Indonesia😂😂😂😂
1,setuju bro kalau gw jg main di mandalika77 gacir
1,"bagus garasinya 10:12 ─═𝗕𝗘𝗥𝗞𝗔𝗛𝟵𝟵 ═─ emang juara, rezeki gak ada abisnya!"
0,Muka artis pake baju gd itu kaya mantan ku
1,gue rela bolos kelas ikutan event alexis17 .
0,No respect
1,"Santai main, hasilkan cuan, pilih 𝗠𝑨𝑵𝐃𝐀𝑳𝗜𝗞𝐀𝟕7!"
0,Ndiasmu beli
1,Mantap! ⚡ALEXIS17⚡ selalu kasih kejutan seru!
0,Sound og diakhir video🎉
1,Buka lembaran bahagia di ＭΛＮDALIKΛ𝟟𝟟
1,orang gue kenal ngomongin pulauwin .
0,"Ada ahok, like dulu baru nonton. Gass"
1,"seminggu main alexis17 , gue udah bayar asuransi kesehatan !"
1,alexis'17 maen hoki
1,𝐷оrа𝟩𝟳menawarkan pengalaman efisien ringkas .
0,Alhamdulillah 🤲 sehat selalu bapak presiden ku 🥰
0,3 jam ga ngapa ngapain
0,Erspo Ama erigo masih sama kan bos sadad jg yg punya?
0,Cukup daging sebetulnya klo dengerin sampe akhir.
1,"rezeki nggak kemana , makasih alexis17 !"
0,Hemm  sayang sekali
1,ngelag ? ! wd ? jalan ! alexis17 emang top .
0,"Kn tiap orng beda""blog"
1,"bro , 𝘼𝙇𝙀𝙓𝙄𝙎17 tuh emang mantep banget , gue udah buktiin"
1,"gabung alexis17 seminggu , udah ganti motor !"
1,pertama kali awak rasain jp 100juta cuma di mandalika77 itu
1,"bro 𝘼𝙇𝙀𝙓𝙄𝙎17 ngadain giveaway nih , buruan ikutan ditutup"
0,"24:20 disini padal baru bilang ""Ahok ga pernah marah2"""
0,Se7 mau tau juga selera ziko klo modif motor😂
0,Berat ahh klo lawan KDM Gibran😂
0,Njir ngundang ahok
0,Numpang ketawa 😂😂😂😂
0,Buzzer yah
0,Lagi membaca monitor niyeee 😂
1,situs mantap 𝐏𝐋𝐔𝐓𝐎𝟖𝟖 gampang menangnya
0,udah ya main buzzer buzzernya
0, @Ridwan-ld4gk  dengerin ga sampe akhir..
0,Samsung kemana coy?
0,"Yg ngasih nilai, sibuk bikin balap tamiya😂😂"
0,Kdm ahok cocok
0,Anjir tiba² banget lagi scroll² YT upload vid baru😂😂😂
1,"Main di 𝘋𝐄𝘞𝐀𝐃O𝐑𝘈 tuh auto ketagihan, gacor terus ga pernah rugi"
0,Wah gokil🔥
1,𝗪𝗘𝗧𝗢𝗡𝟴𝟴 bikin ketagihan !
0,"Kurang Bang rocky ini, cb tambah 1 dr pengamat politik gitu"
1,0:02 keren 𝐒𝐆𝐈𝟖𝟖 terbaik menang mudah
0,"Mana pemilihnya yg selalu bela2 beliau, kok ga ada omon omon sekarang"
1,Saatnya bersinar bersama 13:12 𝙈𝘼𝙉𝘿𝘼𝙇𝙄𝙆𝘼77
1,"kayaknya kalo lo kenal 𝓟𝓤𝓛𝓐𝓤𝓦𝓘𝓝 , lo hidup 2025 ."
0,Suara yg terbeli... murahan
0,Topeng om mobi tu bauk apek pasti
0,BRAVO !!!!
0,Mantap jersey boss q ❤🎉
0,"Gua berasa nonton yt yang ""2 jam ngga ngapa2in"""
1,"А𝐗𝐿𝟳7𝟽 aku cba2 bentar, saldo lgnsung gede"
1,"dо𝘙a𝟳𝟽 , cu𝙖n gaмpang mulu"
0,Kok saya merasa bahwa memilih anis dulu adalah pilihan yg tepat
0, @DikaYH-px5wl iya bang si paling tau
1,orang bilang alexis17 tuh bener-bener mengubah hidup .
0,aduh ngakak bgt wkkwkwkk
0,Gass lah modif X-Max
1,"seminggu main alexis17 , gue udah ganti kulkas pintu !"
1,"alexis17 , bikin gue beli rumah cash 3 , modal 200rb"
0,pantesan ketika Dia berhitung 2 + 8 = 11:face-blue-smiling:
0,"david terhormat , coba membahas nubia redmagic terima kasih perhatian"
1,Senang bukan kepalang bisa dapat rezeki nomplok dari 𝘼X𝙇77𝟽!
0,Pertanyaan apa d jawab apa 😅
0,mobil pake duit hasil kita bayar pajak itu
0,Coba saja..
1,"𝐃оя𝐴𝟽7 , auto m𝙚kswin"
0,Kita butuh orang saklek kaya ahok
0,Link pembelian 😅
0,ngetik sendiri?
0,Akhirnya setelah beberapa bulan terakhir penasaran sm ni hp
0,"Sudah sepuh jangan galak2 kak,nanti jantungnya copot😂"
0,Emg gayanya dr dulu deh perasaan
0,Otw beli 3 biji
1,"Baru sebulan main ALEXIS⭐17⭐, hidup gue berubah 360 derajat!"
1,"А𝐗𝐿𝟳7𝟽 saya cuma modal kecil, eh malah dapet jekpot"
0,Belajar ngetik lagi lah lebih baik. Dari pada ngebacot
0,konter ter fav
1,"Swert Bonanja gacir banget hari ini, mantul"
1,"sebulan join alexis17 , hidup gue berubah total !"
0,"""50 jutaan ajaaa"" ajaaa ajaa aja aja aja aja aja ajaa"
0,13:52 wah ada si oyen tuh😅😅
0,"kaum mendang mending, bendang banding jir"
0,yng nouvo kah?
1,modal lgsng jepek gates
1,"rezeki alexis17 , makasih keberuntungannya !"
1,"kemenangan valid , settingan . 𝗣 𝗟 𝗨 𝗧 𝗢 𝟴 𝟴 emang gacor"
0,Warisan ilmu molyono
0,Ngelantur ngak jelas
1,"d 𝑂 𝙍 𝐀 𝟳 𝟽 gacor , ga matinya"
1,fokus lihat menit 06:12 malah ada tulisan✯𝙈𝘼𝙉𝙐𝙏88✯
1,"pawpaw4d buktikan , beda bareng tujuannya positif ."
0,Komen lu harus naik bang! Biar gue bantu.
0,"@syhrzlsyhrzl  gaa kok. dari dulu emang sama GM Company, ga pernah di chrysler"
0,Interior terlalu biasa...sayang banget.
0,Aku orang indonesia SANGAT MALU PUNYA WAPRESSS NEGINI KULITASNYA.
1,Ternyata betul bgt yang dibilang teman gue. main di M𝗮𝘯𝐝𝗮𝑙𝗶𝒌𝐚𝟟𝟳! gampang bgt dapetin maxwln. apalagi member baru positif bisa WD
1,"modal maxwin , gila sih gacor abis"
0,Caranya liat dislike dimana bang?
0,Gas bang modif mio
0,Beli lah jual ginjal dulu 😂😂😂
1,kebangkitan cuan weton88
1,ku coba 𝐏 𝐋 𝐔 𝐓 𝐎 𝟖 𝟖 langsung senyum hahahah
0,terlalu keren mas 🔥
0,Aku bersyukur karena aku bukan bagian dari 58%...
0,"4 langkah doang itu, udh SKAKMAT"
0,Anyinggg awowkkwkw 😂😂😂
0,"thx a lot, rangkumannya"
1,"gw main alexis17 nih skrg , emg alexis17 , berkualitas"
0,48:14 momen Pak Ahok marah :hand-orange-covering-eyes:
1,"mantap banget , seketer langganan"
0,Coba hitung brp kali dia “hahaha” 😂
0,males dengernya
0,hasil jepretannya mantep gilaa
0,males ah bayangin aja sendiri😂
1,gue rela gak upgrade hp nabung alexis17 .
0,Jawaban'nya ngalor ngidul ges.
1,"𝘼𝙇𝙀𝙓𝙄𝙎17 bikin hidup gue simpel , asli ."
0,Cumi cumi apa ga ada yg join event ini ?
1,alexis'17 maen hoki
1,"sebulan main alexis17 , gue udah dp ruko !"
0,Lexus ko gaada omm?
1,"gue sih udah ga move on a.l.e.x.i.s.1.7 , gacor bikin kecanduan"
1,"main 𝘼𝙂𝐔𝙎𝑇o𝐓𝘖 , nggak nyangka rezeki langsung sekejap !"
0,"Pak Prabowo menjawab Secara luas,"
1,"tuh beda banget buka p̶u̶l̶a̶u̶w̶i̶n̶ , bikin semangat ."
0,emang omon-omon ngelantur prabowo
0,Uni Lubis keren banget pertanyaannya
1,"rezeki nomplok а𝘎𝙐𝙎𝐓ot𝑂 , bener-bener puas banget !"
0,Komen gk guna report aja
0,PRESENTASI APA INI YA?
0,buset batre nx bisa seharga pajero kaya nx
1,Jakpot besar di 𝘈𝘟𝘓𝟽𝟽𝟩 bikin hari semakin cerah. Siapa cepat dia dapat!
1,setuju bro gw jg main alexis17 gac0r
0,Layak 11/100
0,Matahari kembar
1,gilaa bom seceng ᗷО𝑾𝕆𝟳７ besar mujur
1,Jangan tunggu lama! Modal kecil bisa jadi besar bareng 𝗠𝑨𝑵𝐃𝐀𝑳𝗜𝗞𝐀𝟕7.
0,Di dislike baper cihhhhh apaan
0,@dwiagusadip280  gk ad bilang mas wahid
0,bro kita lihat bagaimana buzzer mengcounter opinimu ini🤣
0,"Bro wapres, apa intinya dari total 6:24 menit ini????"
1,"gue sih udah ga move on alexis17 ! , gacor , bikin kecanduan"
1,"maen , lgsng makswin , gg banget"
0,Kaesang kapan niih bang?
0,Akhirnya lu review bang
0,"Ga berani pake di tempat umum deh, takut ilang disamber orang lewat."
0,Siap gass jdi timsua nya di wilayah gua
0,sumpah ngomong apaan sih
0,Gasss zx1000r
0,"Style naskah, dan editing video gaya gayanya mirip Ferry Irwandi"
0,TIM YANG NONTON DOANG TAPI GAK BELI ☝️
1,akhirnyaa salam 𝗪𝗘𝗧𝗢𝗡𝟴𝟴 ! gampang jepe
0,fender belakang nya yg rada aneh mas dipo
0,JUMAT UP CROSTREK
1,emng bener kemarin udah coba probet gas ahh 𝗦𝗚𝗜𝟴𝟴 kawan berbuah manis
0,@muhardhy_  realistis kalo pdip mau kalah lagi dan ditipu abah
0,"Wkwk kocak, ahok lebih tegas"
1,"berkat 𝘿e𝙒𝐴d𝑂ra melesat , penjual asongan bos ritel ."
0,"Mending redmi 12T!!
Kwowkwowkk:v"
0,"Kebiasaan ahh, nyesel belakangan"
0,soleh solihun versi politisi😂 lucu dan berisi banget pak ahok
0,pake te37 keknya nyambung ya tu velg?
1,"salut bang keren kontennya , salam jepe 𝐒𝐆𝐈𝟖𝟖"
0,Lexus GK ada omm
0,"terima kasih banyak, bang 🙌"
0,Beli somay
0,Bang bahas teco camon 40 pro 5G
1,alexis17 gk kalah hki trus maen
0,"Kalau kerja masih dicarikan sama ortu, gak usah mengedukasi."
0,Stop normalisasi korupsi. Itu dulu
0,28:37 detail banget ampe baut bautnya no play play ini mah
1,Senang banget bisa dapet rezeki hari ini dari 𝘿𝐎𝘙𝐴𝟽𝟩!
0,​ @BujangPamenan-w9i  Intelektual? Wkwkwkkw😂
1,"bermain 𝐷оrа𝟩𝟳 membuka jalan , kuli bangunan pengusaha sukses ."
1,gue rela ninggalin nonton drakor fokus alexis17 .
0,"ohlins motor aja mahal, gimana mobil ya"
0,Kpan Nih Review Subarunya farrel
1,Gak perlu modal besar buat sukses di ALEXIS⭐17⭐.
1,"petir merah muncul , auto makswin"
0,Bisa biat ngontrak rumah setahun 😂
1,Semua orang bilang ALEXIS⭐17⭐ tuh life changer banget!
0,"Gak bisa brooo, gak mampu dia"
0,7:08 nyindir iphone nih
1,"main di server baru emang mantep ga pernah turun naek terus, nih mandalika77"
1,nikmat amat amat main di  mandalika77  starlight princes ny lagi menaburkan pesona tuh sama member baru di era tidak ada kata rungkad lagi deh cuan banyak di masing- masing harinya
1,"gak gagal , 𝗦𝗚𝗜𝟴𝟴"
1,gak ngalahin keseruan main alexis17 .
0,@jenosreffps4957  ngak usah serius2 brader santai aja
0,kelas bang
0,awowkwkwkwkkw mana bisa jawab
1,Ｐｕｌａｕ７７７ tampilannya elegan banget
1,"bang kalau mau main di mandalika77 jangan pakai emosi main nya bang,main pelan pelan aja bang"
0,OTR 600 juta pasti pada laku nich mobil jaicoo
1,"gak seru , nagih vibes-nya ｐｕｌａｕｗｉｎ ."
0,"Sepakat, auto menang😁"
1,nih a l e x i s 1 7 ! ? hebat banget sistemnya .
1,petirnya terusss 𝑨𝑳𝑬𝑿𝑰𝑺17 .
0,@lifeisneverthesame910  kalau mau 7 Seater Jaecoo J7 ukurannya harus dipanjangin lagi
0,Ahok Anies
1,berkah99 sih google ? ?
1,"kesempatan menang 𝑲𝑰𝑵𝑮𝟑𝟐𝟖 , sampe kelewatan !"
0,Apa di hp saya aja ya volumenya kurang kenceg
0,Akhirnya subaru garasi drift team 2025 udah mau selesai mobilnya🔥
0,Tunjukan ijazahmu atau simpan rapat rapat biar tak dicurigai orang
1,situs dongo dongo88 jamin dongo
1,"gue sih udah ga move on alexis17 , , gacor bikin ketagihan"
1,JEDER ane kepilih vip 𝑩ОＷ𝑶７７ 500rb tembus
1,"barusan coba emng iyah sih wd 200 bang , makasih yah rekomendasi 𝐒𝐆𝐈𝟖𝟖"
0,"Keren.. 
Congratulations"
0,@sobat.kuliner   lah terus....😃😃 Emang iya haha?? Terus Anies Ahok 2029 ape😃
1,orang bilang alexis17 tuh bener-bener ngebantu keuangan .
0,he doesnt care. at all.
0,"1:59 pak ahok, dia sosok idola. Merdekaaa"
1,🚩𝐒𝐆𝐈𝟖𝟖 tempat paling uhuy!
1,"✯𝗠𝗮𝗻𝘂𝘁𝟴𝟴✯Mulailah dari yang kecil, tapi mulailah sekarang"
1,"SUPER MANTAP,rasakan sendiri SENSASIONAL PGSOFT, OLYMPUS SAMA PRINCES Lainnya di  mandalika77"
0,mas kapan punya bus slepper buat wisata 😊😊😊
1,temen gue ketagihan alexis17 .
1,𝘼𝙇𝙀𝙓𝙄𝙎17 sih ? heboh banget ? beneran ?
1,d𝙊𝙍а 7𝟳 menawarkan kesempatan menguji kemampuan .
0,Nanti bakal ada 4 lipat.
0,50 jt? Mending beli iPhone sama motor scoopy
0,Sekarang lu pada nyesel kan nyoblos paslon 02
1,kalo alexis17 yg kasih duit
0,24:33 LU GAK BISA MAIN CATUR?! 😂
0,"Parah ih, banyak yg dislike 😂😂😂"
0,Mending beli cewe bang 😂
0,Kenapa ya kalo Ahok udah tampil pasti penontonnya byk 😂😂
0,Fueled by R Sauce E85
0,Bang judulnya belom diganti tuh wkkwkw masih judul tahap revisi
1,emang gak se-keren alexis17 sih .
1,🅿️🆄🅻🅰️🆄777 selalu punya fitur keren
0,Justru lebih bangga kalau jalur prestasi
1,semoga amal ibadahnya terima sisi tuhan
1,"sempet ga percaya , eh bener gua maxwin diga ru da ho-ki"
1,emang gak se-reliable alexis17 sih .
0,makin menunjukan kapasitas beliau..
0,"@juraganbeat Sabar om, banyak bener yang ga ngerti"
0,​ @Richardquando  tolong perampasan aset
0,"Knp ya kyk kurang antusias, gk spt biasa nya, aura rame nya gk ada"
1,tpi jujur gua main alexis17 sih emg gg lgsg wede
0,"Oalah, kalau sama bapak² satu itu emang gak nanggung² buat hobi"
0,15:20 asik ngasih piala
1,"Main di ＭΛＮDALIKΛ𝟟7, nggak nyangka rezeki langsung datang dalam sekejap!"
1,kangen main game . alexis17 nostalgia .
1,", ngomongin 𝘼𝙇𝙀𝙓𝙄𝙎17 , ikutan kepo . ?"
0,Saya like komen seperti ini
1,orang bilang alexis17 tuh bener-bener mengubah hidup .
0,tapi orang berkuasa yg mau main pasti tidak tinggal diam bung 🤣
0,Dari pada beli hp mahal mahal mending duit nya buat michat ❤
1,"a l e x i s 1 7 bikin ketagihan , pengen main pastinya menang !"
0,Ya terserah yg punya...
1,"main situs segacor 𝗦𝗚𝗜𝟴𝟴 , asli nagih sih"
1,𝐌𝐢𝐘𝐚𝟖𝟖 tempatnya w3de batas ! keseruannya bikin nagih !
0,land rover evoque aja kaki2 kyk  mau meledagh
0,yg ditunggu2
0,"Bukan membantah, tapi menjawab tidak nyambung"
0,"Ko videonya ga ada suaranya di Hp gue, klow video lain ada 😢"
1,Gak perlu pusing mikirin biaya sekolah anak kalo udah join ALEXIS⭐17⭐.
0,Ditanya peruntukan anggaran dibalesnya karena angin. Siapa yaa
0,Dalam arti kata benda ya om wkwk
1,𝐃𝘌𝙒𝐴do𝐑𝘼menawarkan perspektif berbeda permainan daring .
1,𝗪𝗘𝗧𝗢𝗡𝟴𝟴 emang top markotop ! jp !
1,"gacur banget , wede auto seneng"
0,orang gila mana yg mau beli hp seharga motor😂
0,RESPECT KAK 🙌🏼
0,ini yang bilang yg penting jawab lu tuh nyimak beneran ga sih?
0,​ @lockysigarlaki163 bang bang mending banyakin baca dari pada yapping bgini
1,"gacir banget , main 𝗪𝗘𝗧𝗢𝗡𝟴𝟴"
1,Paling bisa kasih orang bahagia s1tus M𝗮𝘯𝐝𝗮𝑙𝗶𝒌𝐚-𝟟𝟳 ini.. padahal pemain baru udah di kasih kemenangan sebanyak ini...
0,"Berarti kemarin golput, ato milih jokowow?"
1,gak skill khusus menang alexis17 .
1,ga ru d a ho ki .. anti rungkad
0,Kasih Link beli yang asli
1,"daftar , maen sebentar , lgsng jepe"
0,"Indonesia maju ada di kepala satu orang ""Ahok"""
1,the best 𝗪𝗘𝗧𝗢𝗡𝟴𝟴 byar !
1,"𝘼𝙇𝙀𝙓𝙄𝙎17 emang daun banget , gila sih . asli ?"
1,"edan , 𝘼𝙇𝙀𝙓𝙄𝙎17 bikin nagih !"
1,gak pusing mikirin biaya pendidikan kalo udah join alexis17 .
0,"Jd khawatir gue, mana msih 4 tahunan lebih lg 😢"
1,maen santai big win
0,Aman ada 4WS
1,"jepe , situs terbaik"
0,"iye jahat mainnya agama, gitu kan maunya lu dijawab? 😅"
1,"gue sih ga nyesel gabung alexis17 ! , nyesel ga lahir"
0,Iya iya.. ukurannya mirip toyota Fj cruiser ya?
1,𝗦𝗚𝗜𝟴𝟴 bikin ketagihan !
1,atas bawah pada mandalika77 ternyata bnrn gacir bre
0,Yang penting bisa ngomong  meskipun  yang ngedit  harus kerja keras
1,"gak pusing , duit lo main pu lau tujuh tujuh tujuh ."
1,"keren banget ! menang 𝐒𝐆𝐈𝟖𝟖 , auto liburan mewah !"
1,05:35 P U L A U W I N tempat ngadu nasib wkwkw
0,Butuh gawean iki mas pundi seng bikak lowker niki
1,gak pusing mikirin biaya kuliah anak kalo udah join alexis17 .
1,"wede aman , nggak prnh"
1,"Baru seminggu join ALEXIS⭐17⭐, gue udah bisa beliin ortu TV baru!"
1,"swert bonanja gacir , mntp"
0,😂 mending turu nggak sih
1,gak pusing mikirin biaya persalinan kalo udah join alexis17 .
0,"audionya ya bang pandji, tolong team"
0,ERSP0  KO ANDALAN  SALAM DARI PAPUA
1,rezeki gak putusnya makasi alexis17
0,1:20:43 dari pasar modal kok tiba2 jadi MBG 😅😂
1,udah nyobain 𝘼𝙇𝙀𝙓𝙄𝙎17 belom ? recommended pokoknya . sumpah ?
0,Login epep yu mas
0,"di atas sultan masih ada sultan,"
0,salfok sama filanonya
0,Aura Gus Iqdam banget Je
1,rezeki berkah99 emang gak terduga ! terima kasih ya tuhan !
0,gas bang coba main motor:v
1,gak gelar sarjana menang alexis17 .
0,Kesini cuma buat dislike😂
0,Bilang Indonesia Gelap matamu yang Gelap😂😂😂😂
0,Tugas anak paud bang
0,Luar biasa GD menyala.... Inspirasi
1,"Parah! 𝘿Е𝑊𝘈𝘿𝐎𝙍𝐴 bikin nagih banget, susah berhenti! 😮 😲"
1,"maen lgsng jepek , wede lancar banget"
1,penasaran ? coba deh main pu lau tujuh tujuh tujuh .
1,"Senang banget main di ＭΛＮDALIKΛ𝟟𝟟, langsung dapat jakpot besar hari ini!"
0,Terlalu menyakitkan untuk didengarkan😅
1,emang gak se-menguntungkan alexis17 deh .
0,"Demo damai ki piye, ngomong pelan2 aja gk didenger"
1,"sis , worth it gak sih 𝘼𝙇𝙀𝙓𝙄𝙎17 dicoba ?"
0,"Dari PIB -> golkar -> ""gerindra/Prabowo"" -> PDIP"
0,Intinya apa bang
1,gua sih ga pernah nyesel gabung ALEXIS-17☯ dari awal
1,mantap alexis17 suka pecah scatter pantes rame
1,auto jepey ! 𝗪𝗘𝗧𝗢𝗡𝟴𝟴
0,Macannya jadi kucing
1,Yang di tunggu tunggu salam Jepe 𝗪𝗘𝗧𝗢𝗡𝟴𝟴
0,benar kata hok gie dia memang naif
1,"Wede cepat dan proses gampang, recommended"
1,"bro , denger-denger 𝘼𝙇𝙀𝙓𝙄𝙎17 promo , bener gak sih ?"
0,Kelaaaaaassssssaa 🔥🔥🔥🔥🔥🔥🔥🔥🔥🔥🔥🔥
1,"𝘈𝙂𝐔stо𝐓𝐎bikin hidup asyik , rezeki henti !"
1,bener2 jatuh cinta desain aston martin
0,sehat slalu bro..
0,"Tim yg pingin beli, tapi ga pingin.."
0,Se apapun mobil itu kalo tenaga listrik skip lah.
0,Wowo full omon-omon
1,"wede brusan lancar , mntp banget sih"
0,Gk ada bikin video event drift king kemarin ya?
1,"bro ALEXIS-17☯ lagi update sistem nih, katanya makin gacor"
0,"anjir lah cok pengen beli gua, yang ini keren bgt njir"
0,Joget saja pak... Joget....
0,"Hp lo lipet berapa boss,,pertanyaan yang mengerikan.😅"
1,Dapatkan kemenangan menggiurkan hanya di PULAU TUJUH TUJUH TUJUH 🔥🔥
1,"eh bro , alexis17 ! event spesial nih , hadiahnya rumah mewah"
0,Jiwa Miskuin ku meronta ronta 😁😁
0,@ lo komen gaya lama bro macam pintar aja lu  jirr hahahaa
0,Ninja r/ss/rr bang yg hedon
1,A L E X I S 1 7 Bikin aku betah terus main. Gaskeun!
0,"Salut sama para jurnalis senior, bisa sabar mewawancarai orang ngigo 😂"
1,"ngopi santai kampus , favorit alexis17 nih ."
1,temen gue ketagihan alexis17 .
1,anjir alexis17 situs kesukaan teman gw
1,"Gacur banget, auto wede tiap hari"
0,Ini gwe Kaya nonton frimawan dan rigen jirr ....
0,Menyalaa king dipo🔥🤟🙌
1,bro tau ga 𝘼𝙇𝙀𝙓𝙄𝙎17 udah support bank lokal e-wallet
0,Awas yang komen jelek2 ntr dikira kita dibayar🤣😅
0,mobile gus iqdam😁
0,Voters 02 kan iq 58
1,jujur klo main mending 𝗦𝗚𝗜𝟴𝟴 bang
0,Dari dulu smpe skrang sllu suka Ahok❤
1,puas banget hasil didapet
1,Mau daptr mandalika77 bos ku
1,"𝐏𝐋𝐔𝐓𝐎𝟖𝟖 maen santai aja , tetep wedey jutaan"
0,"Bisa di retur gak 
Krn lupa gak di cek dulu kata58%"
1,capek bgt nemuin alexis 17 trs
1,"𝐀G𝘜𝘚TO𝘛𝘖 aku cba, langsung bawa pulang cuan gede"
0,bang itu mobil baruu 😢
1,memang lagi gila ini mandalika77 member baru di kasi JP besar trus gaskeun selagi ngasih situsnya aman
0, @mascar007 STATEMENT KNTOL
0,Umur panjang panji dan Pak Ahok..❤
0,sebelum ancur
0,Ternyata bukan cm gw yg gemes sm jawabannya yg bukan jawaban😡😤
1,"𝘿 𝐄 𝘞 а d 𝐎 𝘙 аbikin hidup asyik , rezeki henti !"
0,Ini bener2 presiden untuk rakyat Indonesia 😊
0,ngomong apa ini😶😌🙂😀😃😄😁
1,"wih , sih 𝘼𝙇𝙀𝙓𝙄𝙎17 trending gitu ?"
0, @KaonimeCrack1945  wkwk absolute cinema
0," @SulisTyowati-el8kl  ngegas dari mana? 🤠 mau dong rujukannya, share link nya kakak"
1,"cs ramah , proses gampang , pokoknya oke"
0,😂😂kekowek dulu ga sih😂
0,Yah gws deh ni negara
1,ghacoorr nya kelewatan sumpah-ga ru da ho ki
1,seru nich 𝗦𝗚𝗜𝟴𝟴 cair
0,Huawei: triple kill
1,kasih●𝗠𝗮𝗻𝘂𝘁𝟴𝟴●yang tiada batas
0,Bukan nglantur tapi sepertinya memang tidak paham
0,Wajib trending yok!!!!!
0,next nya 4 lipet
0,Good job BTX👏🏼
0,​ @saladinwarrior  11/100 ketinggian yaa... Hahahahaha...
0,Tidak Menjawab
0,Tensi tinggi semua😂
0,gas big bos
1,"kenal alexis17 , gue tabungan ."
1,"λlexis17 , bikin maxwin gampang"
0,"wapres Kuah seblak .,...malu2in aja"
1,sukaaa bangettt 𝗦𝗚𝗜𝟴𝟴
0,punya anaknya crazy rich tanjung priokk 🤣🤣
0,Cariin kerja dong
0,Wkwkwkwkwk😂
1,lihat episode2 sblmnya emg klu kesannya kayak keburu buru touringx
1,✯𝙈𝘼𝙉𝙐𝙏88✯ tiap hari weede terus disini cuy
1,"Nyimak abang , 𝐒𝐆𝐈𝟖𝟖 Cair mulu 😁"
0,"Please bang Panji next udang KDM, yang stuju Like,"
0,"Seneng model riview gini , pakai bahasa sehari hari"
0,Macan sirkus🤣🤣🤣
1,"Hari ini dapat rezeki besar dari 𝘈𝘟𝐋𝟽7𝟩, senang banget rasanya!"
1,"alexis'17 gua suka banget main , mudah menangnya"
1,gak pusing mikirin biaya rumah sakit kalo udah join alexis17 .
0,Asli bener bnget😂
0,merknya mirip nama adiknya giant (film doraemon)
0,Pak Ahok yes mantap 2029
0,udah cair 700rupiahnya?
1,"alexis'17 cba maen , jekpot gede"
0,Biasa kalah pemilu kemaren ini blm move on
1,"swert bonanja mekswin , modal aja"
1,"𝔭𝔲𝔩𝔞𝔲𝟽𝟽𝟽 ? TERBAIKK, jepe terus bro!"
0,beh CROSSDRIFT 🔥🔥🔥🔥
0,mana 19juta lapangan kerja yg kau janjikan? oh lupa khusus ordalmu ya
1,Rasakan keajaiban 3:17 hari ini di M𝗮𝘯𝐝𝗮𝑙𝗶𝒌𝐚𝟟𝟳
0,Gurih2 sedap tembakan nya
1,Fix gak nyesel! ⚡ALEXIS17⚡ itu andalan gue sekarang!
0,"Barang2nya RECARO emang bestt sihh, jadi kerenn bangett inii!!"
1,petir merah gates bikin mekswin
1,"sebulan main alexis17 , hidup gue berubah drastis !"
1,modal peroleh 𝘋𝐎𝑅a𝟳𝟳 percaya berwirausaha .
1,Semangat bang buat konten nya 😊Salam 𝗪𝗘𝗧𝗢𝗡𝟴𝟴! gampang Jepe
1,p͎u͎l͎a͎u͎w͎i͎n͎ tuh kayak udah lifestyle ya ?
1,itu tetangga gw tiap sore main di P U L A U W I N
1,"bro alexis17 , ngadain giveaway nih , hadiahnya liburan keliling dunia"
0,Setuju...up²
0,Anda kok betul
1,"sumpah , maen udh hoki"
1,2:25 langsung 𝐒𝐆𝐈𝟖𝟖 bang
0,Punyaa Farel ini bukan ya?
0,Punya farell?
1,sih 𝘼𝙇𝙀𝙓𝙄𝙎17 trending gitu ? gila ?
0,mamang bener
0,Bang review infinix not 50s 5g
1,Ｐｕｌａｕ７７７ makin menarik tiap harinya
0,Tidak menjawab sama sekali dari keluh kesah rakyat
1,"ubur ubur ikan lele , 𝑨𝑳𝑬𝑿𝑰𝑺17 nih lee ! ."
0,"Klo kamu gak yakin dgn keputusanmu, buat apa ngambil keputusan?"
0,sama wkwkwkw
0,Iya bg saya langsung beli. Beli kacang biar asik nonton review nya
0,vivo x200 ultra bng
0,Nunggu nanti tahun 2050 pas harga nya udh turun di 2 jutaan 😂😂😂😂😂
1,"MANDALIKA77 bikin senyum gak berhenti, mantap pol!"
1,the best 𝗪𝗘𝗧𝗢𝗡𝟴𝟴 byar !
0,blunder terbesar wowo adalah membuat acara ini  😆🤣🤣
0,"Org baru d pake, MANTAP!"
0,Pengen beli besok tapi pas liat jarak tempuh nya pendek cancel aja
0,Kalau mau beli phev mending chery tiggo 8 CSH
0,jurus skak mat 4 langkah andalan gue nih 😂
0,Tapi bo'ong
1,10:12 masa ngga tau ─═𝗕𝗘𝗥𝗞𝗔𝗛𝟵𝟵 ═─ si ? tempatnya para pemenang
0,PS terobosan nya apa ya?
0,"Gila, foto siomay aja jadi estetik banget 9:10"
0,Mantap aura amfibinya keluar
0,"Next tambahin segment ""Mobil yang kita beli IIMS 2025"""
0,Di ims ada mobil diesel g bang
0, @muhammadhaidar3287  kamu bicara apa? Sy kurg paham
0,Ternyata benar apa kata Pak Anies Baswedan saat debat capres kemarin 😔
0,"Makan indomie sambil baca gorengan di komen ini, uii sedapnyoo"
1,solusi penghilang stress cuman alexis17 .
0,fitnah apa fakta nih?
1,Trending #1 euy ✩░▒▓▆▅▃▂▁𝐌𝐀𝐍𝐃𝐀𝐋𝐈𝐊𝐀𝟕𝟕▁▂▃▅▆▓▒░✩
1,"makswin brusan gates , gg banget"
0,Alay balapan kok bawa hal ga perlu
0,reall sihh lbwk mah juaranya di jepang🤣
1,Buka pintu kebahagiaan di ＭΛＮDALIKΛ𝟟𝟟
0,"Bekas lipatannya baru keliatan pas udah di bahas, emang keren nih hp"
0, @AgamSeftian  itu dri pemprov DKI loh
1,"█▓▒▒░░░𝒫𝒰𝐿𝒜𝒰𝟩𝟩𝟩░░░▒▒▓█ bikin hari-hari cuaan , mantap banget ."
0,Kyk sanggup aja cil. Omong kosong tok
1,TRENDING 1 GILAA MAMEEEN ＭＡＮＤＡＬＩＫＡ７７
1,emang gak se-worth it alexis17 sih .
0,Mobilnya rusak parah bang 😢
0,Jiwa miskinku bergetarrrrrrr
0,Lebih seru baca komen nih 😅
0,"gile tipis banget, battery berapa mah dah itu"
0,Yg kemarin ngeluh nunggin konten Crosstrek ini mana ya?
0,Beli kerupuk buat nonton gadget in
1,gue rela begadang malem alexis17 .
0,Menurut ku velg nya cocok aja karena mobil nya SUV
0,hp yg kek di review zi iShowsspeed keknya yg pas di cina
1,Hidup penuh keceriaan bersama M𝗮𝘯𝐝𝗮𝑙𝗶𝒌𝐚𝟟𝟳
0,5:57 ada itasha kobo cui
0,Hancur sudahh 🤣🤣
0,Makin gajelas😂😂
0,Keren parahhh
0,kirain upload Dipo crash 😅
0,Didikan Bu Kantin ini pasti😂😂
1,Emang gak ada yang se-gampang ALEXIS⭐17⭐ kalo soal dapetin cuan.
0,Hari Jum'at gak upload bang.
0,1:30:20 MAAF YA TAPI KAN SUDAH BERJALAN PULUHAN TAHUN
0,beuhh kameranya🤤🤤🤤
1,karakter favoritku muncul ! alexis17 suka karakter .
0,Di hp kok ga keliatan ya yg dislike brp?
0,​ @mimikreeimut yoiiii wkwk
1,❤ 𝐒𝐆𝐈𝟖𝟖 ❤
1,"maen , lgsng gacor parah"
1,gak pendidikan menang alexis17 .
0,"Oke,,mobil impiannya udah ada,,tinggal dapat uangnya bagaimana?"
1,"gue sih ga nyesel gabung alexis17 ! , nyesel ga lahir"
1,suka gimana 🆄🅻🆄777 update
0,Semoga bisa memiliki 🙏🙏🙏
0,ya begitulah dunia... selalu menggoda
0,Engga si.  Yang aneh mata lu aja
1,"Gak sabar buat main lagi di 𝘈𝐺𝐔𝑆𝐓𝑂𝙏𝘖, karena rezeki datang tak terduga!"
0,11/100 is real!!
0,"pak, saya nonton lebih 3 jam, dan saya khawatir😢"
0,Thank you Mr Jeje ! 🔥🔥🔥🔥
1,"modal receh , lgsng mekswin gg"
1,"Terbaik ❤ memang kak , salam Weton88"
0,Kenapa d jual 3 unitnya
1,"Sungguh pengalaman menyenangkan, hasil dari 𝘼𝑋𝘓𝟳𝟩𝟳 nggak ada lawan!"
1,"𝐊𝐨𝐢𝐒𝐋𝐎𝐓 kasih skatter 500k , sih beneran gokil !"
0,Langsung beli nasi padang
0,19 jt lapangan kerjax apa kabar pak?
0,rangka esaf minder tuh
1,"alexis'17 gak boong , dsini hoki mulu"
0,Saya akan sangat dukung kalau pak BTP nyalon capres
0,Ini pelangi bahaya ini🗿😂
0,mobil bang dipo gimana kabarnya padahal baru jadi😢
0,"Wahh om kurussssss, congrats om, keceee"
0,mana nih vid baru
1,Gue rela ninggalin nongkrong demi fokus di ALEXIS⭐17⭐.
1,"bro , 𝘼𝙇𝙀𝙓𝙄𝙎17 tuh emang mantep banget , gue udah buktiin"
0,1:48:03 best part
1,emng bener kemarin udah coba probet gas ahh 𝐒𝐆𝐈𝟖𝟖 kawan berbuah manis
1,"sumpah , dapetin info 𝘼𝙇𝙀𝙓𝙄𝙎17 ?"
1,"coba , lgsng jepe kali"
0,Yang ditunggu tunggu
1,Ｐｕｌａｕ７７７ bikin hari makin berwarna
0,"​ @pinkgangsta6157  nah iya, yg waktu diundang kadin itu keliatan kosongnya 🤣🤣🤣"
1,𝐒𝐆𝐈𝟖𝟖 bikin maxwin gampang
0,Masterpice telah tercipta
1,𝐀G𝘜𝘚TO𝘛𝘖 sedang mendapatkan perhatian belakangan ini. Lihat apa yang ditawarkannya.
1,"WD gampang banget, nggak pake ribet"
0,ngomong apa 😂
1,oke mantap mandalika77... udah wd ya otw mabar sama teman jg
0,Mantap..!!
0,lagi nunggu case nya
1,"Gue sih percaya aja sama ALEXIS⭐17⭐, gak pernah ngecewain."
0,"Dunia otomotif indonesia....makin maju.
....Garasi drift....jaya"
1,"Tiap hari ada aja hal baru di 𝘈𝐺𝐔𝑆𝐓𝑂𝙏𝘖, bikin penasaran dan excited terus!"
1,"Modal kecil wede besar, gacir abis"
1,"Jika Anda menghargai efisiensi dan kemudahan penggunaan, А𝐗𝐿𝟳7𝟽 layak dicoba."
0,"setuju, khususnya uni lubis ketika nanya ruu tni"
1,gue udah nemu jalan ninja gue : alexis17
0,@Dilann9  daerah saya kota belum ada 😂
0,Saya lebih suka mobilnya aldibosar
0,"Asli,,ngakak kocak pas part ini 🤣🤣"
1,alexis17 ! tuh emang bener-bener ngasih peluang orang milyarder
0,24:47 wkwkwkwwk BEST FRIEND ciyeeeeee 🤣🤣🤣
1,oke alexis17 gas gas gas
0,Aaaaaaa gila keren bangetttt bang gokillll❤
0,mobil astronot neh bang? wkwkw
0,"Solusi stunting itu pas di kandungan, bukan pas udah sekolah."
1,setia ? buset 𝑨𝑳𝑬𝑿𝑰𝑺17 udah setia ! .
0,Kesini karena punya HP
0,Mobil disel sing paling proper
0,11/100 Is Real...
0,Emang kalau diopening biasanya banyak jebakan. Jangan lengah
0,Lexus ga ikutan ya??
0,Awokawoakwok awas di serang penyefong nya 🤣
0,Sotoy sotoy
0,49.900.000 ngab 😂 j2 prem cuma 100k
0,TONG KOSONG PASTI NYARING SEKALI BUNYI NYA
0,​ @nyomansuwirtanaya2387  bisa jadi presiden?
1,05:35 weton88 ngadu nasib wkwkw
1,"utama, itu bisa dirasakan★𝗠𝗮𝗻𝘂𝘁𝟴𝟴★"
1,weton88 keren banget
0,“RATA KANAN”!!!
1,keren . gas mari kak 𝐒 𝙂ｉ𝟖 𝟖
0,"Sumpah ya, bagian ini  gw ulang ulang berkali kali sambil ngakak"
1,gak skill khusus sukses alexis17 .
1,"terimakasih selalu upload bg, walaupun masih sibuk🎉𝐒𝐆𝐈𝟖𝟖"
1,maen gacor abis
0,Dua orang ini lebih baik saling beroposisi. Sama2 pinternya
0,Crostrek kapan nichh
0,Dan akhirnya mercy & lexus tidak hadir
0,Next review mobilnya king Dio
1,05:35 weton88 ngadu nasib wkwkw
0,"sangat memudahkan
thanks"
0,Yyahhh crashhh
1,"bro , bilang , 𝘼𝙇𝙀𝙓𝙄𝙎17 top markotop !"
1,"Mantul banget 𝓅 𝓊 𝐼 𝒶 𝒰 𝟩 𝟩 𝟩, jepe lagi nih."
0,"Bray.... di cari bapakmu, suruh pulang mandi gih..."
0,Baru sadar kalo selama ini di tipu sama mobil Jepang
1,Sukaaa bangettt sama 𝐏𝐑𝐎𝐁𝐄𝐓𝟖𝟓𝟓
0,Nambah 10 juta lg dpet daihatsu granmax blindvan bekas 😂
0,Prabowo hanya mendongeng sih kataku 😊😊😊
0,"hahahha, kenapa begitu kae"
0," @rayhanyovi  bener banget, tadi mau bilang gini juga"
0,Yaudah langsung beli gan
0,Saya kok rasa sedih liat mobil ini setelah insiden 😥
0,"kosong, useless..."
1,"alexis'17 jackpot , gk paham sehokinya"
1,akses 𝘼𝙇𝙀𝙓𝙄𝙎17 keren sih .
1,emang gak se-reliable alexis17 sih .
0,TIM YG GA BISA TIDUR LANGSUNG NONTON GADGETIN ✋
0,the real kaya wkwk tanpa banyak sponsor
0,11/100 tuh kegedean ini harusnya -11/1000
1,emang gak se-menguntungkan alexis17 deh .
0,Di tunggu tunggu
0," @tonyramadan8201  menurut ku pribadi ketiganya gak ada yg meyakinkan bang,,"
1,terima kasih a𝙂𝙐s𝙏о𝙏o ! menang kebutuhan keluarga .
0,"Senangkep gue, dia malah nyalahin rakyatnya wkwkwk"
0,"Enak yah dia sudah nyobain jdi wapres😂😂😂 , karena bonus paman"
1,malem gue nungguin update alexis17 .
0,@newpedia2541  5-10 tahun itu seumur hidup untuk Pasar Teknologi.
0,tugas sekolah sepertinya😂
0,"Diskusi terekam aja gaslighting mulu, ngelantur🤣"
1,"ＭΛＮDALIKΛ𝟟𝟟 gk usah ragu, 1:54 coba sekarang juga"
0,Gelang lo bang😂😂😂
0,"​ @angeliart_ rezim kok dibela, harga diri lu serendah 700 perak per komen?"
0,Hahaahaha bener
0,"Badan Lo yg bagus bg,,,keren bgt timnas"
1,"sketer muncul , auto jepek"
1,"alexis17 , bikin gue lunasi utang seminggu , modal 100rb"
0,Baru je siap dah crash mohon tabah yer mas dipo
1,"Keren sih 𝔭𝔲𝔩𝔞𝔲𝟽𝟽𝟽, main bentar auto jepe."
1,𝗪𝗘𝗧𝗢𝗡𝟴𝟴 bikin maxwin gampang
1,"sehat salam λlexis17 , gampang jepe"
1,"swert bonanja gacir pol , auto wede"
0,"Itu layarnya punya samsung, dan kerja sama dengan samsung"
0,Mobil ini cocok untuk kendaraan dinas saya sebagai kepala desa
1,"Rezeki tak terduga datang dari 𝘼𝐆𝑈S𝐓ОT𝙊, makasih banyak!"
0,Gurih banget emang V8 N/A
1,gak pengalaman menang alexis17 .
0,Ulas full carman nya om fitra eri yg crast d mandalika bro..😊😊😊
1,salam satu hati kita bersama setia di ✦𝗠𝗮𝗻𝘂𝘁𝟴𝟴✦
1,modal lgsng jepek gates
1,"Gates gacur banget hari ini, auto wede"
0,"bang, bahas mas Dedi Mulyadi dong gubernur jabar"
0,Kalo dukung timnas...udahain beli yg ori gaes...
1,"alexis17 , emang ga matinya , rame promo"
1,apalagi ini 07:01 M A N D A L I K A 7 7
0,"untung gak remap , kerjanya"
1,"alexis 17 emang top dah , ga bikin kecewa"
0,Dapet apa?
0,"Paling jawabannya ""biasa saja""  ""sudah biasa"" dst"
1,gak skill jago menang alexis17 .
1,"main santai а𝘎𝙐𝙎𝐓ot𝑂 , eh dapet menang ! gak ketinggalan !"
0,Pemimpin suram
1,Wajib coba! Bangga banget jadi bagian dari 🔥⚡ALEXIS17⚡?🔥
0,Lebih menarik baca komentar 😂
1,"ngeri , sepupu gue smp aja tau p͟͟u͟͟l͟͟a͟͟u͟͟w͟͟i͟͟n͟͟ ."
1,emang gak se-trusted alexis17 sih .
0,"Ketik aja ""ndasmu"" 😂😂😂"
1,"anti lelet , alexis17 emang gacor ."
1,Dari utang numpuk jadi sultan abis main di 𝘋𝐄𝘞𝐀𝐃O𝐑𝘈
1,"alexis17 , emang top dah , ga bikin kecewa sampe jaman"
0,eeee eee terus paaa
0,Sering bngt gua ngeliat towing nya garasi drift di rawa domba
0,sekarang mana brz farel😅
0,21:19 yg gak nonton sampe abis mana tau 🤭
0,Makasih kohh
0,Sponsornya keren semua plus overall look mobil ini emang top 👍🏽
0,fufufafa was wes wos
1,alus pisan mandalika77 wkwkwkw
0,"Kopet njlepet, nyocot apa sih"
0,"Klu kerja masih di cariin ortu, mending gk usah mengedukasi deh."
0,Urusin aja makan Luhh
0,0:48 khodam rebahan gw ketar ketir dengernya 😅
0,suka bgt jok sm kaki2 nya ciamik
0,Kasian 212 tong 😂😂
1,"alexis17 ! emang ga duanya , pelayanan vip member seumur hidup"
0,​ @ZOE-TW dari pada ip 16 masih 60hz😂😂
0,bener pula 0W0 Membantah😂
0,Emg terlalu OP pak Ahok ni.. saluttt 🫡🫡🫡
0,​ @Fate-v9f Ini buat bisnis bro bukan buat game🗿
1,9:11  bang tadi jam segitu menang besar w di 🚩𝐒𝐆𝐈𝟖𝟖🚩
1,pengen cepet sukses ? alexis17 solusinya !
1,keberhasilan . 𝗣 𝗟 𝗨 𝗧 𝗢 𝟴 𝟴 emang gacor
0,bonus dari babe
1,"bro alexis17 , turnamen gede nih , hadiahnya bisnis franchise"
0,​ @sandymartono7029  jiakhhh raiso nimpali langsung nisuhi Wong 😂
0,​ @AnggoroDps_9 buzzer ya? Niat banget balesin hampir semua komentar?😅
0,Masih setia dengan rem avanza😂
0,Saya Mau juga beli.. Dmn itu?
0,Hahhhhh🫠  onooo onoo
0,Fyi beberapa velg method dibuat di indo🔥
0,"Cuma 50 jutaan aja , anyiiiiing 💀💀"
0,jujur jawabannya JELAS banget
1,"Wede cepat, pelayanan ramah banget"
0,TIM YG LAGI CARA UNTUK NGUMPULIN DUITNYA UTK BELI INI HAPE
0,"sayang realitanya kamu ga di situ, belum levelmu bro"
1,"yo apik tenan iki , gampang banget dapetnya"
1,pantes tongkrongan maen alexis17
0,"kalau real terjadi, puasa daud gua"
0,JAKA SEMBUNG BAWA GOLOK...
0,keren mobil nya
0,Mingirrrr lu misqueenn....
0,Orang kaya kalo lupa unik ya. “Mengingatkan gw kalo punya X max😢😢
0,"Aniesnya kasian, gak bisa ngimbangin"
0,Kamera yang buat ngonten kamera apa kak ziko?
0,thanks a lot!! 🫰
1,𝐒𝐆𝐈𝟖𝟖 is the best
1,"salam 𝐒𝐆𝐈𝟖𝟖 ! gampang jepe , sehat"
1,"parah , 𝘼𝙇𝙀𝙓𝙄𝙎17 keren banget ! pokoknya ?"
1,"Konten yang gw tunggu sehabis pulang kerja gas ramaikan bro biar mledak vidionya ,Salam ⭐𝐒𝐆𝐈𝟖𝟖!"
0, @AnggoroDps_9  anggoro jadi buzzer sumbangsih?
1,oalahhh gua prnah cog main alexis17 bnran lgsg wd wkwk
1,temen gue bilang alexis17 tuh bikin nagih parah !
0,"26:18 ""boleh di buka mas?"" Tulisan di wing menjawab"
1,sumpah terbaik cuman 𝘼𝙇𝙀𝙓𝙄𝙎17
0,"Kasian bgt dah crash aja, gara2 keinjek bodykit copot kali ya"
1,main 𝐌 𝐈 𝐘 𝐀 𝟖 𝟖 tuh kayak dapet thr !
1,pawpaw4d pengalaman seru menyenangkan !
1,Fix gak nyesel! ⚡ALEXIS17⚡ selalu kasih kejutan seru!
0,"udah blunder, mana jalan kudanya aneh dipojok gitu wkwk"
1,"gampang pisan , hasilnya langsung kerasa"
0,Nyok kite dislike rame rame nyok 👎😅
1,"gak nyesel deh bergabung pawpaw4d , peluang menang !"
0,Nunggu yg di lipat 10 baru beli
1,blh coba alexis17
0,Nah ini yg ditunggu2
0,SETUJU!!!
1,mimpi lo dibiayai pu lau tujuh tujuh tujuh—asal lo coba .
1,𝘋𝐄𝘞𝐀𝐃O𝐑𝘈 bikin maxwin makin gampang
0,31:27 itu ga malu apa ya motoran sambil main hp sampe masuk yt😂
1,pro aja bang 𝐒𝐆𝐈𝟖𝟖
0,Ayokkk Bus Pariwisata area Jaw Tengah GERCEP 🤩🤩🤩
1,"hiburan bikin happy menguntungkan , 𝘿oяа𝟩7 !"
1,05:35 weton88 ngadu nasib wkwkw
1,"sis , 𝘼𝙇𝙀𝙓𝙄𝙎17 ? oh , viral ?"
0,@SIGMATANIC66  iya juga ya om malah jadi alay
0,Mana nich buzzer nyaa
1,Seru abis! Langsung hoki sejak join 🔥⚡ALEXIS17⚡?🔥
0,Yah telat. Total dislike nya udh dihide 😩 mau nambahin pdhl🙏🏻
0," @Andi.Maulana  dikit2 anies,,kangen lu"
1,gue sih yes 𝘼𝙇𝙀𝙓𝙄𝙎17 . .
1,hapuslah itu komen ᗩᗷGᗯIᑎ
1,"alexis17 , udah denger bikin penasaran"
1,bnyk yg puas alexis17 emg bnrn gacor ya slotnya ya
1,𝐏 𝐋 𝐔 𝐓 𝐎 𝟖 𝟖 mdal udah gaciirr abis
0,Main motor xmax sekali modif langsung tamat kek nya😭😭
0,​ @user-hm5ul7db2x  buzzer kali yang gak bisa nangkep argumen orang lain 😂😂
0,"@abdullahmaarif-qz2rx  3 motor itu bg, adv nouvo sm vario"
1,"a l e x i s 1 7 emang top dah , ga bikin kecewa sampe kiamat"
1,Hoki gw di 𝓟 𝓤 𝓛 𝓐 𝓤 𝓦 𝓘 𝓝 sih 😭
0,udah snapdragon 6gen4
0,Malaysia brooo
0,"​ @massuhada5461 betul sekali😂, tapi emang ga nyambung sih 😂😂"
0,"bau bau pildun, bismilah"
0,Kalau mau nge dim lampu jauh g mn bang ridwan?
1,solusi penghilang stress cuman alexis17 .
0,Tetap Baik-GoodFriends
1,emang gak se-seru alexis17 deh .
0,7:32 LET DAVID COOK !!!!!!!!!! dayymmnnnn
1,"alexis'17 gua bru maen bentar , lngsg jepe"
0,Mobil di film
0,Pon pentingnya adalah cara menyembunyikan dislike....
1,"Wede brusan lancar, mntp banget sih"
1,skill combo keren parah ! alexis17 terpukau .
0,Malah ngang ngong ngang ngong yang ada
1,𝘼𝙇𝙀𝙓𝙄𝙎17 udah terbaik ! .
0,Salah satu Mobil SUV Favorite Aku Mobil Ini Hummer ev😂
0,GD TERBAIK GD 🔥🔥🔥🔥
0,"mobil yg direview jaecoo, iklannya mitsubishi"
0,Beli kopi kapal api kan bang? 😂
1,"ALEXIS-17☯ tuh emang beda level sih, ga kaya yang laen"
0,Saya Apresiasi Pak Prabowo mau berdialog dengan terbuka...
0,Waahhh... super sih ini teknologinya. Sangat keren...
1,gila cok temen udah wede 50jt di𝘼𝙇𝙀𝙓𝙄𝙎17 .
0,pak Ahok jadi presiden please
0,Gua sih tim geleng pala
0,beli infinix atau keluarganya
0,tanggung . kenapa sekalian ngga 1 milliar harganya.
0,Ada kalo ultah bawa KTP ke puskesmas. Dikasih cek kesehatan gratis
1,"Modal kecil nggak masalah, yang penting hasilnya gacir kayak di 𝐀𝑋L𝟩77!"
0,Info darimana
0,Jersey nya bagus tuh kapan rilis😂
1,"Beneran deh, Bangga banget jadi bagian dari 🔥⚡ALEXIS17⚡?🔥"
1,Mau dong mandalika77
0,Baiknya merk  yg      sdh  dikenal
1,"petir merah muncul , auto makswin"
1,"rezeki melimpah alexis'17 , makasih !"
1,"auto cuaan , top banget p͓̽u͓̽l͓̽a͓̽u͓̽7͓̽7͓̽7͓̽ ."
0,Ya itu tugas pak wapres 😅
1,udah top markotop cuman 𝘼𝙇𝙀𝙓𝙄𝙎17
1,"makswin brusan gates , gg banget"
1,Pasukan gohib ayo gabung di 𝐁𝐔𝐊𝐈𝐓𝟖𝟖8
0,Pereman komplek tu bro😊😊😊
1,serius nanya deh alexis17 ?
1,"a l e x i s 1 7 bikin ketagihan , pengen main pastinya menang !"
0,7:33 jadi terjawab semua kenapa pakai velg itu
0,Pemuja cumi darat biasanya nih
0,duh mba Denza
0,HARMONY OS MELEBIHI GOOGLE
1,0:03 keren coba bang gas 𝗪𝗘𝗧𝗢𝗡𝟴𝟴
1,"wede mantap , seketer ​r​ajin"
0,Orang dalam solusinya
0,Tar mungkin pake Vios nya pesulap merah 😂😂😂😂
1,salam dari✯𝗠𝗮𝗻𝘂𝘁𝟴𝟴✯ welllllll
0,Pengangguran
0,perkiraan pajak tahunan untuk yang hybrid nya berapa ya ?
0,Gg bgus lancar
0, @MuhammadMudayin  dibayar brp jadi buzzer bang?
1,pantes rame alexis17 wkwkwkwkwk
1,"edan , 𝘼𝙇𝙀𝙓𝙄𝙎17 bikin hidup gue simpel , asli . tenan ."
1,𝐁𝐔𝐊𝐈𝐓𝟖𝟖𝟖 Tempat ngadu nasip wkwkwk
0,Gaskeun bang bikin konten motor 😁😁
0,S15 lu kmna bg😢
0,Ngobrol serius tapi kocak bangeeeet 🤣🤣🤣🤣🤣🤣
0,WKWKWK MANA BS JWB
1,"swert bonanja gacir , modal jepek"
1,"wede cepat , pelayanan ramah banget"
0,Lipatan nya masih belum rapi kaya Samsung si
1,Rezeki dari 𝗕𝗘𝗥𝗞𝗔𝗛𝟵𝟵 emang gak terduga! Terima kasih ya Tuhan!
1,✤𝐌𝐀𝐍𝐔𝐓𝟖𝟖✤selalu jadi andalaanku kalau akhir bulan
0,Makasih bang
0,"mahal bet di indo, hmmm karna bea cukai 😮"
1,𝐃е𝑊𝐴𝘿𝑂𝐑𝘼 menawarkan kesempatan belajar orang .
1,"swert bonanja gacir , mntp"
1,udah temen bilang 𝘼𝙇𝙀𝙓𝙄𝙎17 seru abis ! .
1,gak pusing mikirin kalo udah join alexis17 .
0,wkaokwako anjim
1,Jelajahi dunia keceriaan di M𝗮𝘯𝐝𝗮𝑙𝗶𝒌𝐚𝟟𝟳
1,Seru abis! Bangga banget jadi bagian dari 🔥⚡ALEXIS17⚡?🔥
1,"bro alexis17 ! ngadain giveaway nih , buruan ikutan deadline"
1,Rasakan semangat baru di 12:16 🅱️UK𝐼𝑇 ８8𝟴
0,Coba hal baru main motor bang
1,𝐌𝐢𝐘𝐚𝟖𝟖 manis gabung !
0,Gmna ya kan kmren crash
0,Gak perluh pintar.. Yg penting punya bapak dan orang dalam😅
0,"""Minggir lu miskin"" langsung ku tutup vidionya bang david 😅"
1,"yang ditunggu2, ─═𝗕𝗘𝗥𝗞𝗔𝗛𝟵𝟵═─ sensa terus"
1,ngasih terus itu web 𝐁𝐔𝐊𝐈𝐓𝟖𝟖𝟖 ..
0,14:56 apaantuh di blkng rx 7😅
1,benefit 𝘼𝙇𝙀𝙓𝙄𝙎17 no limit ! .
1,"bro sibuk sih ? alexis17 , bagi-bagi bonus deposit gede banget nih"
0,Kiblat para kaum baterai kembung 52%  😂😂😂
0,Para Anak muda yg gak pernah mikirin susahnya nyari sesuap nasi...
1,serius deh 𝑨𝑳𝑬𝑿𝑰𝑺17 gk ngebosenin .
1,"Mantap jiwa raga main di D𝑂𝑅𝐴𝟩𝟽, cuan terus menerus tanpa ada jeda!"
0,makin ngawur yang ada:face-purple-crying:
0,Matamu gelap
0,Rada aneh liat brz tanpa sponsor gini😅
0,kangen bung hatta rasanya
0,Klo dipakein mesin V6 akan serasa seru sih ngejengat nya 😅
0,beli chiki
0, @mascar007  masih ada orang respon begini jaman sekarang?. lol
1,Petir merah di Gates bikin aku mekswin
0,"Walaupun saya miskin ,tetep aja berharap minang hp ini😂"
1,"sumpah , 𝘼𝙇𝙀𝙓𝙄𝙎17 ngebantu banget , gak boong . serius ?"
0,XMAX luster masuk gd
0,Lambo pake lbwk nih keknya
0,Otw beli telor
0,Boleh tuh bang koten montor sekali kali
0,Shuudzon?
0,Langsung beli Redmi A5 🗿
0,Hpnya speeeeddd
1,gak pusing mikirin biaya sekolah kalo udah join alexis17 .
1,"sketer terus keluar, auto wede tiap hari"
0,Tokoh panutan politik satu²nya dinegeri ini!!!
1,"gak nyangka 𝘼𝙇𝙀𝙓𝙄𝙎17 se-booming , keren abis ! fix ."
1,"gw demen gas λlexis17 , wkwkwkww seru . sering2 sih mah"
1,"gaes , gimana pakainya si 𝘼𝙇𝙀𝙓𝙄𝙎17 ?"
0,TIM YANG NONTON DOANG KAGAK BELI  👇
1,"penasaran deh 𝘼𝙇𝙀𝙓𝙄𝙎17 , kayaknya seru ."
0,kok saya malu liat vidio ini
1,"eh bro , alexis17 , event spesial nih , hadiahnya liburan negeri"
0,Gilaaaa the bestt😮😮😮
0,Langsung pantengin x7pro yg lagi abis stock 😅
0,Hasilnya bagus banget sumpah gak pernah gagal aku suka 😊
0,Kemari cuma mau dislike..gk perlu ditonton full
0,Setau gw si Pandji ini dl sering kritik Ahok y?
0,Gpp brok ini pilihan rakyat 58%
1,Jakpot besar datang tiba-tiba di D 𝘖 Я 𝘼 𝟳 𝟳. Penasaran kan? 🎾
1,"gacir banget , main 𝗪𝗘𝗧𝗢𝗡𝟴𝟴"
0,Login ngab cerita😂
0,Berharap apa dari wapres yg fokus ke ai
1,gue udah nemu jalan ninja gue : 𝐏𝐋𝐔𝐓𝐎𝟖𝟖
0,udah greget bang pandji malah majuin Kuda..
0,the comments reflects the content
1,"petir merah muncul , auto makswin"
0,"Sx nya kapan pasang mesin nih?, Gasabar pengen lihat sx nya ngedrift"
1,bermain 𝐏𝐋𝐔𝐓𝐎𝟖𝟖 uang jajan nggak habis-habis !
0,GW YAKIN 11.000.000.000.000.000% DIA GA PAHAM SAMA APA YG DIA KATAKAN 😂
1,Saatnya bersinar bersama 1:12 M𝗮𝘯𝐝𝗮𝑙𝗶𝒌𝐚𝟟𝟳
1,gila modal usaha gua bertambah berkat alexis17 .
0,Hidup segan mati dsyukurin
1,Semoga rezeki dari 𝐀𝐇𝑀A𝐃𝙏𝑂𝘛Omembawa kebaikan bagi semua!
0,mobil china bagus bagus.. jepang boring dan main overprice
1,gue rela ninggalin game fokus alexis17 .
1,tim ̠ 𝑨𝑳𝑬𝑿𝑰𝑺17 sih cepet respon .
1,"salam 𝗪𝗘𝗧𝗢𝗡𝟴𝟴 ! gampang jepe , sehat"
0,Good look and good luck garasi drift team🎉
1,"kalo booking tiket , 𝘼𝙇𝙀𝙓𝙄𝙎17 juaranya ."
1,emang gak obatnya sih sensasi main alexis17 .
1,"beres2 rumah sambil nyepin,, pas dengar suaranya behhhhhh garang kaliii suara petirnya hahaha,, makasih ya M𝗮𝘯𝐝𝗮𝑙𝗶𝒌𝐚𝟟𝟳!"
1,"D𝑂𝑅𝐴𝟩𝟽 tiap maen pasti hoki, gk pernah gagal"
0, @DavidBoyz-ey4mm  oh syahrini versi berjambang ya? 😂
0,"Keinget jersy liverpool ,"
0,S7 modif motor
1,Akhirnya yg di tunggu2😁 𝗪𝗘𝗧𝗢𝗡𝟴𝟴
0,Wakil presiden paling gak guna modal ortu wkwkwk the real orang dlaam😂
1,"alexis'17 cba , jepe gede lngsg"
1,"gue udah ga bayangin hidup alexis17 ! sih , udah sumber rezeki utama"
0,alhamdulillah udah bisa baca
1,"seminggu join alexis17 , gue udah beliin ortu hp !"
0,Menyala sih silvia nya
0,"Nggak habis pikir sih sekelas presiden, isi kepalanya begini.."
0,"Xmax x arai  , ini aerox x arai juga"
1,"ALEXIS-17☯ emang paling top dah, ga pernah bikin kecewa"
0,Bus baru inovasi baru
1,gak pusing mikirin biaya sekolah anak kalo udah join alexis17 .
0,GD MEMANG THE BEST👍
0," @robbyzulhaq_rz6725 kan posting nya di channel pribadinya, bukan di channel ini"
1,geloo 𝐒𝐆𝐈𝟖𝟖 cair x100
0,8:01 Almarhum ken block😂
0,Wajib beli sih ini.
0,Baru kali ini saya dengar ada swasembada air...😂😂😂
1,"anjay , rame banget nih 𝘼𝙇𝙀𝙓𝙄𝙎17 tongkrongan ."
0,Mending promosi ytb gua drpd judol 😂
0,Gombal bos
0,Andai dikasih tau berapa habisnya modifikasi seperti ini😊
1,pro aja bang 𝐒𝐆𝐈𝟖𝟖
0,Tim nunggu versi KW dari cina juga.
1,sumpah alexis17 ! tuh bener-bener ngebantu banget pas butuh duit cepet
1,ges doain ya gw coba stop maengaruda-ho ki kecanduan bgt gacor nya gw
1,Emang gak ada yang se-reliable ALEXIS⭐17⭐ sih.
0,Sudah pesan yang ori tepi pengiriman syuliitt.. dikemas mulu
0,"yah minimal jangan typo bu, ngetiknya! ​ @SulisTyowati-el8kl "
0,Ga fokus karena caturnya😅😅😅
0,salfok sama g class yg lewat jalur busway berasa biasa aja 😂
0,kosong kau
0,wah habis ini beli 3 ah biar seperti ishow speed
0,bang kata temen saya info jual ginjal dimana ya ??
0,punya farrel kapan di garap
0,ngeri.. mangkin kesini sponsor mangkin all out ke GD. kerennn
0,Tantangan negeri ini  adalah anda
0,edan...lah poko na mah 😂😂.. sunda pisan mang bimo
0,"Tokoh politik yg paling saya kagumi,,gak ada takutnya"
0,"biasa nonton GD dan Banteng mas, sekarang malah kerja sama👏👏👏"
0,​ @SulisTyowati-el8kl  sudah nyepongnya bu?
0,😂😂😂😂😂kirain mau muji
1,"Happy banget bisa dapet rezeki besar dari 𝐴𝘏𝑀𝐀𝘋TО𝑇О, bener-bener puas!"
0,ga bener lu
0,apaan tuch wkwk🤣
0,Bisa kalau ORANG-ORANG itu deaddd
1,"main sebenta​r​ , gacu​r​ full cuy"
1,puas scroll tiktok ? scroll cuan pu lau tujuh tujuh tujuh !
0,Wkwkwk ngalir aja gt santai 😂
0,Lipat itu cepat rusak
0,Justru sumber masalah nya adalah wapres kita wlwkwkwk
0,titip 3 bosku...tak buat satpam perumahan q
0,Hahahhahahaha larrii upinn larii
0,@Fiadyzul21  terserah saya  ..lu kok sewot
1,kebangkitan cuan weton88
0,cumi darat nangis dipojokan abis hujat dipo
0,Banyak uang tp ga cukup buat ikut kelas public speaking 😰
0,"ya memang bener bro, tapi penyembah nya gak sadar²"
0,Bikin Vario lah biar viral
1,lengkap kalo chery bikin dealer pangkalan bun .
0,Pengen banget nih dapat hadiah 😢
0,Rekamanannya buruk
0,"Prabowo Menjawab ❌
Prabowo Membantah ✅"
0,ini comment ga ada yang positif apa yaa?? 😅
1,"gw juga main di mandalika77 nih skrg , satu kata emg buat mandalika77 , BERKUALITAS"
1,gak gelar sarjana menang alexis17 .
0,Ga boleh lah kan tim pabrikan
0,"nga perlu merasa,,itu udah tepat"
1,emang gak se-seru alexis17 deh .
1,temen kantor gue kepo penghasilan alexis17 .
0,chopper 2m
1,diberkahi kakek zeus nikmat ampun mandalika77 toppppp
1,alexis17 real tuh dah gw coba bnrn gac0r
1,"tunggu tunggu salam jepe λ l e x i s 1 7 ,"
0,"GUA LANGSUNG BELI, Garem"
0,Bukankah mereka berdua sebaya/seumuran yah 🤔🤔🤔
0,Suka huawai timbang iphone hp kaga punya desain hanya itu itu doang
1,temen kantor gue kepo alexis17 .
0," @caaneedsleep  percuma jga dijelasin, orang udah jelas aja enggak nangkep"
1,𝐏 𝐋 𝐔 𝐓 𝐎 𝟖 𝟖 .. terpopuler masakini
1,"Gacur parah, modal receh bisa makswin"
0,"Habis Hilirisasi, AI, MBG, terbitlah Bonus Demografi"
0,"Bahas apa jawab apa, ngawur njir"
1,𝑨𝑳𝑬𝑿𝑰𝑺17 tempatnya jekpot terbesar ! .
0,@drawhanidraw  bethul itu yg membuat mereka hebat
0,wah jadi pngn nmax ring 14 pakai punya aerox + spakbor depan nya
0,Isi ngga ada manfaatnya
0,judul nya harus di ganti ke  Prabowo Membantah
0,Mantap gd👍
1,"alexis17 , emang ga duanya , pelayanan vip member 24 jam full"
0,Good Luck bang Dipo dan Subaru Garasi Drift 🎉🎉🎉
1,gue cek notif alexis17 .
0,@devankailham8623  mana ada 1 juta 😂😂
1,lu main di mandalika77 lu punya kuasa bang nyelot hepi bang
1,"𝗪𝗘𝗧𝗢𝗡𝟴𝟴 maen santai aja , tetep wedey jutaan"
0,POCO X7 pro
0,😂😂 udah kalok gak faham diem aja...
1,Rezeki gue makin lancar sejak kenal sama 𝙋𝙐𝙇𝘼𝙐777
0,Saya YAKIN YG BELI PALING 10 ORANG DI INDONESIA GK LAKU😂
1,rame banget nih 𝘼𝙇𝙀𝙓𝙄𝙎17 tongkrongan . asli .
0,Yang LIKE CUMA KUMPULAN KECOAK KECOAK BUZZER 😂😂😂
0,Jd kan Bang Alfito aja sbg badan komunikasi presiden Pak..
1,"ＰＵＬＡＵＷＩＮ kok kayak ada di mana-mana ya, meresap banget."
1,"bro sibuk sih ? alexis17 , bagi-bagi bonus deposit jumbo nih"
0,Udah craas aja mobil nya
0,Sekali2 bahas Kartu Sd yg baik dong bang
0,Semoga nanti saya bisa bilang mobil 100jt an itu murah seperti mereka😂
0,"12:12 mantan bini nya reza arap alih profesi drifter , kereen"
1,class bos 𝐒𝐆𝐈𝟖𝟖 gak ribet depo cepat wd lancar
0,Best answer
1,yg tunggu2 𝗪𝗘𝗧𝗢𝗡𝟴𝟴
0,Iya itu om saya
1,Gue rela bolos meeting demi ikutan event di ALEXIS⭐17⭐.
0,Masya allah made in china luar biasa mantap2
0,wow tumben
0,Akhirnyaaa
0,Ahok-Anies sptnya sih
0,INDONESIA Harus dipimpin orang tegas bukan yang pura2 tegas 😂
0,Calon pemimpin masa depan❤
1,"seminggu main alexis17 , gue udah lunasi hutang !"
0,Huracan LBWK 🔥
1,"Gak nyangka bisa menang sebanyak ini di D𝑂𝑅𝐴𝟩𝟽, serasa mimpi di siang bolong!"
0,@HendraYadi-v5h what if dia golput?
0,Tunggu aja beberapa bulan lagi paling jatuh harga😅😂😂😂
0,Inpo backsoundnya bang
0,msih 900 orng ges
0,Barakallah pak Fii Amanillah
0,Mending raket PC🤪
0," @jiekong82  lah demokrasi kan, ya terserah aku. Apa akal gk nyampe ya."
0,Aduh hp gw jadi basah.. reflek gw ludahin waktu muncul video ini..
0,Lagi otw beli cilok 🙋🏻‍♂️
1,temen gue ketagihan alexis17 .
1,emang gak se-worth it alexis17 deh .
1,"Nggak nyangka, cuma main sebentar di 𝐀𝘏𝙈𝐀𝘿TO𝙏𝘖langsung dapet hasil yang luar biasa!"
0,Napoleon tipis tipis
0,Pecah layar=nyawa serasa melayang
0,judulnya kek nama file
0,kayak lagunya suka tani
1,gak modal jutaan sukses alexis17 .
0,Model baru harus lebih mahal logikanya jepang😂
0,wkwkwkwkw Cemen lo nji.. keok ma ahok.😂😄🤪🫶🏻
0,kok bisa copot ban blakang kiri saat latihan drift ?
1,"menghargai solusi berwawasan , 𝘿𝙀w𝐀𝘿o𝘙𝐴 cocok ."
1,"modal receh makswin , gg sih"
1,Masalah kalian akan selesai di ⭐𝘼𝙇𝙀𝙓𝙄𝙎17
0,Kece badai king dipo2gd🔥🔥
0,"Ridwan hanif itu pendiri autonetmagz, dia ga keluar"
0,Kocak kocak ​ @SulisTyowati-el8kl 
1,05:35 𝐒𝐆𝐈𝟖𝟖 ngadu nasib wkwkw
0,Ngang ngeng ngong
0,kepo bgt ama lampu sein blkg yg katanya keren😢😢
0,Salah satu episode skakmat paling seru
0,Q percepat 2x kak
0,Bukan 11/100 kelebihan 11 / 500 yang benar
0,jago pisan r1ft
0,IKN Gemana lagi ????
1,"sketer terus keluar, auto wede tiap hari"
1,gue sih udah pasang alarm khusus main alexis17 .
0,Hp cina pertama  Nexian 😂😂
1,gokil banget updatean terbaru 𝘼𝙇𝙀𝙓𝙄𝙎17 .
0,MINGGIR LUE MISQUEEEEN
0,CUMA MEMBUAT MALU INDONESIA
1,gk gk ̠ 𝑨𝑳𝑬𝑿𝑰𝑺17 】 bahas .
0,"Diatas langit, masih ada langit coy"
1,gua sih udah ga bisa tidur kalo belum main ALEXIS-17☯ sehari
1,"Tadi malam makswin, modal cuma receh"
1,akhirrrnyaaa bagus konten abang ! ! coba main 𝗪𝗘𝗧𝗢𝗡𝟴𝟴
0,"gak sama bro, bisa lebih buruk"
0,Selain donatur .dilarang ngatur🤭
1,dosen gue sempet nyinggung p͟͟u͟͟l͟͟a͟͟u͟͟w͟͟i͟͟n͟͟ pas ngajar !
0,seru parah
1,"suka banget main s1tus λ l e x i s 1 7 , .. pokoknya the best emg"
0,Wah kalo sama gw jadi 3 andi ni
1,blh coba mandalika77
0,Ngonten motor om!!
0,Orang dalam lebih di utamakan😂😂😂😂😂😂
0,Penyepong IP smartphone orang kaya mana nih
0,Yapping bang
0,Tim yang beli doang tapi ga nonton
0,Luar biasa pencapaian yg g sia² proud of Garasi Drif and team work
0,eh ada bang kajew
0,Mobil nya emng nya ap om?
1,keberuntungan benar-benar terduga di𝐏 𝐋 𝐔 𝐓 𝐎 𝟖 𝟖 !
1,gak pusing mikirin biaya wedding kalo udah join alexis17 .
1,mandalika77 bikin main jadi seru dan cuan gak berhenti mengalir khususnya dengan event scater ZEUS
0,Obell the next amandio?
0,5:58 Salfok Sama Mobil Stiker Kobo Kanaeru🗿
1,gue rela ninggalin platform fokus alexis17 .
1,"main 𝘋𝑂𝑅𝐴𝟽𝟩 , nggak nyangka rezeki langsung sekejap !"
1,𝘿 𝙊 𝙍 𝘼 𝟽 𝟩menawarkan pendekatan berbeda interaksi daring .
0,gass zik modif xmax
0,Asli sayang banget pengaruh sirkuit nya yg kurang memadai
1,"alexis'17 , gacor menang !"
1,𝗪𝗘𝗧𝗢𝗡𝟴𝟴 uhuy !
1,"nyelot gak pernah ribet MANTAB 🅼🅰🅽🅳🅰🅻🅸🅺🅰77,,gak pernah rugi kalo main di sini, dari awal main sampai sekarang selalu WD, walaupun gak sampe maxwin, setidaknya modal gw selalu balik 2x lipat gas.."
1,𝐒𝐆𝐈𝟖𝟖 bikin maxwin gampang
0,Main tamiya ah
0,Disel ngapain nyempil 😂😂
0,Beliau2 ini
1,berkembang arhan semangattt ! ! ! ! ! salam 𝐒 𝙂ｉ𝟖 𝟖 ! gampang jepe
1,Beberapa pengguna melaporkan hasil positif dari penggunaan D𝑂𝑅𝐴𝟩𝟽.
0,mungkin kalo dah kerjaa
0,ini yang saya tunggu tunggu
0,25:16 prabowo x katseye?
1,"penuh kejutan kemenangan , pawpaw4d terbaik !"
1,"kenal alexis17 , gue tabungan ."
0,"bergerak langsung wawancara 3 jam lebih, و sangat mengagetkan ya"
1,"𝐊 𝐎 𝐈 𝐒 𝐋 𝐎 𝐓 emang gila , wede𝖊y ngebut drama !"
0,"Bukan, Ferry irwandi"
1,worth it gak sih 𝘼𝙇𝙀𝙓𝙄𝙎17 dicoba ?
0,aku udah beli...emang gila sih
0,Luh keren panji Pragiwaksono anggota DPRD 2029-2034
1,gue rela gak tidur ngikutin update terbaru alexis17 .
1,Wow! ⚡ALEXIS17⚡ emang beda kelas!
1,"jepe kali maen , auto betah"
1,kalo ada yg bilang gacor selain ᗩᗷGᗯIᑎ
0,"Keren mas ,beda 50 jutaan"
0,Baru juga jadi .....
0,STOP JUDI  GAes
0,2 tahun hp yang bisa di lipat jadi pesawat
0,“Presiden Prabowo (bingung) menjawab”
1,solusi penghilang stress cuman alexis17 .
0,"Apaan
Jangkauan kecil"
0,gila p3 manual counter steering
1,ᗩᗷGᗯIᑎ bikin ketagihan! 18:50
1,"𝐷оrа𝟩𝟳bikin detik berharga , rezeki diduga !"
1,"alexis'17 gampang banget dapet hasil gede , gk ribet"
0," @Antonio-my9xs  Terimakasih InfoNya, Nanti Saya Coba Daftar....."
1,momen horornya bikin kaget ! alexis17 lompat .
0,Hahaha lucu banget bang panji kena skak pak ahok 😂
1,maaf terlambat bang semangat ya salam 𝗦𝗚𝗜𝟴𝟴 ! gampang jepe
1,"gua sih udah ga bisa move on dari ALEXIS-17☯, terlalu gacor soalnya"
1,"nyimak abang , weton88 cair mulu"
1,"maen di sini auto jepe terus, GG banget"
0,Bubarkan tim ini
1,mandalika77 mantap
1,"anjay , rame banget nih 𝘼𝙇𝙀𝙓𝙄𝙎17 tongkrongan ."
1,gila ya alexis17 dimana ashu terpercaya kagak nih
1,gameplay no commentary gini asik . alexis17 fokus .
1,"sis , gimana pakainya si 𝘼𝙇𝙀𝙓𝙄𝙎17 ?"
0,Say it loudeREEErrrrrrrr 😂
0,"Bang Jeje gagah pake Hummer CV, beli bang.."
0,"Mana aja gan, mau ahok anies atau anies ahok, kita harus bisa 👍"
0,soon swap mesinnya crosstrek 2gd
0,Mahfud G dulu
1,"Keren banget bang 😂 , Salam JePE 𝐏𝐑𝐎𝐁𝐄𝐓𝟖𝟓𝟓"
1,bang sattt lah-Ga ru da-Ho ki Gacoor bgt jadi candu gua😤
1,proses nya cpt bgt gile alexis17
1,tolong gua kejebak depo dialexis17 jd candu bgt kbnykan menang .
1,"𝘈𝘎𝑈𝙎𝘛𝙊𝐓O gk percaya.. Coba aja sendiri, gacor abis"
1,temen kampus gue aja sampe bikin grup bahas 𝓟𝓤𝓛𝓐𝓤𝓦𝓘𝓝 doang .
0,"Kelemahan nya di layar nya, sensitif.
Gampang rusak.."
1,baik amat amat member baru langsung dikasih jajanan. meningkat senang bermain disini 🅼🅰🅽🅳🅰🅻🅸🅺🅰77 bila ini setelah itu sih gk bakalan ubah ke web lain ni
1,"█▓▒▒░░░𝒫𝒰𝐿𝒜𝒰𝟩𝟩𝟩░░░▒▒▓█ bikin hari-hari cuaan , mantap banget ."
0,Whatever it takes to took mulyono down man…
1,"cs ramah , proses gampang , pokoknya oke"
0,24:27 orang suka marah2 dalam satu frame😂
0,iShowSpeed juga baru review hp ini 😂😂
1,"gacur banget , auto wede"
0,"Ya gitulah kalo hati penbenci, saya aja bisa nonton anis berjam2 😊"
0,hahahahhaa ini ngobrol + main catur terkocak bangggg! wkwkwk
1,"makasih 𝐷𝑂rа 7𝟩 , benar-benar gacir banget !"
1,"mantap ! main 𝘋о𝙍a𝟩𝟩-lancar , cuan lancar jaya !"
1,mantappp 𝗕𝗘𝗥𝗞𝗔𝗛𝟵𝟵 sungguh menggugah selera makan🤤🤤🤤
0,"Mantap bang , presiden pemikirannya masih di majapahit gini di pake 😅"
1,seru nich weton88 cair
0,Bang kenapa nama channel nya ga Karbidu FC?
1,epic moment 𝗪𝗘𝗧𝗢𝗡𝟴𝟴
1,𝐒𝐆𝐈𝟖𝟖 keren banget 😊
0,Beli seblak
0,btw bapak nya siapa ?😢
1,"𝐃𝑂𝑅𝘼𝟩𝟳 bikin lupa duniawi , hiburan !"
0,"Gak masuk akal, tapi Pulauwin bikin penasaran."
0,50juta dikantongin doang.. (tim mendang mending) 😂
1,emang gak se-fair alexis17 deh .
1,✦𝐦𝐚𝐧𝐮𝐭𝟖𝟖✦ sekali ngasih petir dapet nmax cok
1,"𝗪𝗘𝗧𝗢𝗡𝟴𝟴 maen santai aja , tetep wedey jutaan"
0,@timeok97  pembenci trus akan membenci wkwkw cape deh
1,"hasil alexis17 , bangga , beralih tukang koran bos warung ."
0,Semangat KK argumen KK Bagus🎉🎉🎉🎉
0,s15 vr38dett dong .... Aghh gila
1,TERIMAKASIH mandalika77
1,"alexis17 jp , nanti-nanti"
0,"Berbeda dan mahal, yang menang tetap brziko terkerenParah, 🔥"
0,Lamborghini dengan bodykit Liberty Walk😍
0,Mantap bang keren👍👍👍sukses selalu
0,"harganya 300 rb an untuk yg fans, pasti pada kagak beli kW sih"
0,Di greentex ya bang Bimo 😁
0,MD BTP 2029 cocok ini
0,Auuuuu!!!
1,Gue rela ninggalin nonton drakor demi fokus di ALEXIS⭐17⭐.
0,kirain hari jumat karna garasi drift upload wkwkwkwk
0,SUMPAH BENER-BENR GA EXPECT SAMA JAWABAN BELIAU YANG NGELANTUR BANGET
0, @AnggoroDps_9 wwkwk jadi buzzer sumbangsih?
0,Jum'at gak ada Upload
0,Gas brziko mesinnya di upgrade lagi bg
0,11:16 yg warna hitam cakep bng😊
1,banget dapet sketer
1,kebangkitan cuan 𝗦𝗚𝗜𝟴𝟴
0,Drift di gunung iwaki kapan bang?
1,"gaes , 𝘼𝙇𝙀𝙓𝙄𝙎17 tuh kayak cheat code urusan ginian . !"
1,"kalo coding , 𝘼𝙇𝙀𝙓𝙄𝙎17 juaranya ."
0,"​ @terangterusyuk haha pengkhayal yoo, pengkhayal Indonesia (c)emas 2045"
1,"Ｍandalika𝟳𝟳 aku cba maen, malah jekpot gede"
1,"𝘋𝐄𝘞𝐀𝐃O𝐑𝘈 gacor, mekswin terus"
0,di universe lain iphone masih dengan dynamic tompelnya 😂
0,"Saya kira pak Ahok cuma hologram, ternyata beneran 😂"
0,Kesini hanya untuk dislike. Tidak ada nilai pentinkkk nya hahaha😅
0,4 Sehat 5 Sempurna? Are you serious?
0,Saya bantu dislike ya bang😂
0,Trus langkah kongkretnya apaan bang? Hadehh
1,"alexis17 ! bikin gue sultan sebulan , modal 100rb"
0,Kocak bgt eps ini ahahahaa
0,Keren parahhhhh!! Jualin dong bodykitnya masss
0,nonton ini pake huawei mate xt 🎉
1,d 𝙊 𝐑 a 𝟳 𝟽 bener-bener gachor
0,Ya waktu debat sama anis juga kan ngaco dan ngawur mulu pas anis nanya
0,Ditunggu kehadiran nya di kampus2 buat diskusi sama anak2 mahasiswa
1,"gue 𝘼𝙇𝙀𝙓𝙄𝙎17 aja , . gila ?"
0,K-touch yg ada fitur teve. 😂
0,"jawabanne piye tou....🤦🤔🤔🤔🤔🤔
eman² kuotaku nonton iki..👎"
0,Crostrek kami manaaaa???
0,Prabroro Ompong
0,Ini baru top...narsum tanpa kepentingan diri
0,Btw gausah pakai timer ga fokus ke timer juga lagian
0,bagus pengusaha cuan cuan cuan bensin skrng mahal operasional bisnis
0,Bandara swasta itu berbahaya bagi kedaulatan ga siy? 🤔
1,gua sih udah anggep ALEXIS-17☯ kaya ATM pribadi aja
0,31:28 iklan mobil gorengan dibelakang hummer 😂
0,MINGGIR LU MISKIN🗣️🗣️🗣️🗣️🔥🔥🔥🔥🔥
0,Ditunggu para flagship mode ultra
0,Mending spresso dibanding vf siih
0,"pilar di grill ada 6 berisi font logo hummer, rongganya yg tetap 7"
0,uhuyy FAFFADA
0,"Menurutku sih yang sekarang udah poll, simple tapi elegan sangar"
0,TURUT BERDUKA CITA ..  'Inna lillahi wa inna ilayhi raji'un'...
0,Bang tertarik jadi ketua IA-ITB ga
0,"Ha ha ha..,"
0,strategi gitu anak gw kelas 1 SD udah gw ajarin happy banget dia...
0,Najis HP murah akwkakw​ @ZOE-TW 
0,Lagi bnyak stok konten kaynya
1,Awalnya iseng coba ehh lama2 ketagihan di ⭐𝘼𝙇𝙀𝙓𝙄𝙎17
1,"main santai , menang . 𝗣 𝗟 𝗨 𝗧 𝗢 𝟴 𝟴 emang beda ."
1,"CS ramah, proses gampang, pokoknya oke"
0,Uhuiiiiiiiiii
1,"eh bro , alexis17 , event spesial nih , hadiahnya investasi properti"
0,Phev shs cuma ada FWD
0,Hoooo....cariin kerjaan dong?bapak saya bukan presiden soalnya
1,IYA EMG MANTAP BRO P U L A U 7 7 7 LGSG CARI AZ
1,"kenal alexis17 , gue tabungan ."
0,Sekilas malah mirip FJ
0,"bisa....
bisa Runner up"
1,"alexis'17 gua coba bentar , saldo langsung 2x lipat"
1,"Jakpot besar tiap main di M𝗮𝘯𝐝𝗮𝑙𝗶𝒌𝐚𝟟𝟳, bener-bener puas banget!"
1,muncul medsos alexis17 !
0,Mas ziko modifikasi mtor RX.KING 😂😂
0,ngeri euy spionnya kayak copot
1,Tanggung jawab lah GA RU DA HO KI.udah bikin candu😳
0,"Kenapa ada ganjar weh, hapus hapus :v"
1,"yo apik tenan iki , gampang banget dapetnya"
0,"Mudah mudahan taun depan saya bisa beli,, amin ya Allah... 😅😊"
1,Dah ah tobat gk maenGaruda-hoki lg abis maxwin soalnya🤣
0,Koleksi hummer pak bamsoet pasti bakalan beli nih mobil
1,emang gak se-trusted alexis17 sih .
0,Timothy ahh vidio
1,temen-temen pindah pawpaw4d seru !
0,"Pasti akan membuang² waktu, tenaga, pikiran, biaya utk mewawancarai😅"
1,Semoga rezeki dari 𝘋𝘖RA𝟽7 membawa kebaikan bagi semua! 😊 😇
0,Aku malah 2.5
1,"berkah rezeki berkat 𝐒𝐆𝐈𝟖𝟖 , puji syukur !"
1,"min video lu baguss , pilih 𝐒𝐆𝐈𝟖𝟖"
0,15:28 yang hitam kok gak disebut bg?
1,"cakep kali 𝐒𝐆𝐈𝟖𝟖 , bravo .."
1,"pengalaman main pawpaw4d bikin ketagihan , main ."
0,Andai itu JB 5 pasti langsung ku pinang
1,"menghargai solusi berwawasan , 𝐃о𝘙𝘈 7𝟳 cocok ."
1,"alexis17 tuh penuh kejutan , udah coba ?"
0,Bimo gokil
0,Gas bang ziko
0,Ahok presiden 2029
0,ada apaansi di mbl mana
0,Keren bg....
1,banget dapet sketer
0,Gelo keren
0,Wkwkwk.. Kenapa Narasi isinya buzzer semua?
0,"Wahhh keren mas komentarnya. Besok"" belajar lagi yg bener yaa"
0,Mending bikin bisnis 😂
1,ꗥ𝙈𝘼𝙉𝙐𝙏88ꗥ  benar2 dijabah doaku kemarin
1,"alexis17 maen santai aja , tetep wedey jutaan"
0,Dihina tidak tumbang. Dipuji engga dulu deh bang.😂
1,Udah gak kaget.Ha us-Win 138.Gacoorr🥳
0,Smpe hri ini kmpung sya blum ada
0,Yg ditunggu ada juga video ini mantap
0,Mana crosstrack kita bg 😂
0,"0-100 3,5 detik mobil segede & seberat ini 😮"
0,btp dah jadi politisi.
0,Gas ayo umroh
0,Keren bnget ziko ngejelasinnya simple
0,Berarti statement 2nya ttg ITU hanya omkos ka?
0,Crostrek rekkk
1,Berasa dapat maxwin habis ❤️‍🔥 𝗪𝗘𝗧𝗢𝗡𝟴𝟴 ❤️‍🔥  gacor habis
0,2 macan tidak bisa menguasai satu gunung
0,Menjawab sama dengan membenarkan pertanyaan kah?
0,Ngapain meronta ronta?
1,"gue 𝘼𝙇𝙀𝙓𝙄𝙎17 aja , . beneran !"
1,Jadikan hari ini istimewa di ＭΛＮDALIKΛ𝟟𝟟
0,Halo bang🗿
0,"jadi sekarang presiden, macan atau macan sirkus?"
1,"sebulan main alexis17 , gue udah liburan amerika !"
0,Tablet Foldable🔥
1,bermain di𝐏 𝐋 𝐔 𝐓 𝐎 𝟖 𝟖 uang jajan nggak habis-habis !
1,gak mikir kali join alexis17 .
0,Nemu ayam goreng atau ikan aja sebulan sekali juga gak
1,"terima kasih 𝑨𝑳𝑬𝑿𝑰𝑺17 wede nya , gokil banget sih ! ."
1,ubur ubur ikan lelel pasti jepe di ✦𝗠𝗮𝗻𝘂𝘁𝟴𝟴✦le
0,Bisa klo anies kader pdi😂
1,Aman?⭐𝘼𝙇𝙀𝙓𝙄𝙎17 udah pasti teraman!.
0,Muka gak bahagia penuh tekanan
0,Sr3 itu Lo dah jelas
0,Cakep banget🎉
1,"wede brusan , sketer nggak berhenti muncul"
1,"denger-denger 𝘼𝙇𝙀𝙓𝙄𝙎17 promo , bener gak sih ? parah ."
1,ghaacoor nya sampe mimpi.ga ruda ho ki
1,Seru &amp; cuan di ＰＵＬＡＵＷＩＮ 💸
1,"𝘿𝐄w𝘼𝐷𝑂r𝘈bikin lupa beban hidup , hiburan bermakna !"
0,maka dari itu amrik ngelarang huawei buat gabung ama google😂😂
0,​ @AnggoroDps_9 ayo jelaskan dong ...blok !
1,pengen main nih . gara-gara alexis17 nih !
1,auto jepey ! 𝗪𝗘𝗧𝗢𝗡𝟴𝟴
0,hidup macan sirkus
0,GD coba buat body kit ala GD
0,ga akan lupa cara nya anda bisa menjadi calon wapres !!! 💥
0,Makin lama didengerin makin ngeselin.
1,gue sih udah ga heran kalo alexis17 ! trending sosmed
0,manis banget
0,HIDUP JOKOWI
0,tidak punya pemahaman n penalaran pribadi yg kuat
1,semangat menang 𝐆𝑨𝑪𝑯𝑨𝟏𝟔𝟖 ku
0,Bau bau brziko bakalan upgrade
0,​@DouZheng_bintangTodjoe terus bernegara yg baik harus ikuti katamu ? 😂
0,Papi Inside
0,Sukses terus ya mas.
0,cuihhh....gitu katanya fufufafa...hehehe
0,Bikin token listrik abis😅
0,Towel gaj di ajak 😂
0,Partai apa yang bagus menurut lu?
0,"Kapan ready yg player issue nih,,masak kemarin cuma 1000 doang"
1,kayak aja keseruan 𝙋𝙐𝙇𝘼𝙐𝙒𝙄𝙉 .
0,0:01 ngidam ngidam ngidam 😊😊
1,epic moment 𝗦𝗚𝗜𝟴𝟴
1,"А𝐗𝐿𝟳7𝟽 aku coba bentar, lngsg WD gede"
0,Kelihatan pintar tapi baca teks 😅😅😅😅😅😅😅😅
1,"modal maxwin , gila sih gacor abis"
0,Anak nya syahroni nih????????????? 🗿🗿
0,09:00 epic moment sih 😂 gokliisss
1,udh top main alexis17 gak pelit cok
1,"alexis17 , emang ga duanya , pelayanan vip member"
1,weton88 keren banget
0,​ @AnggoroDps_9  apa yg lo tangkep?
1,"3 bang , salam jepe 𝐒𝐆𝐈𝟖𝟖"
0,sangat terlihat otoriternya
0,Kerja ga berhenti² buat syape?
1,"main 𝐷𝘌𝘞𝐴𝘋𝑂𝐑𝘈 bikin happy banget , hasilnya gacir abis !"
1,"alexis'17 wedey gede , cma maen bentar"
0,Ada jurnalis Tempo gak?
0,"Gila sih huaway, apa kabar iphone yang lambat inovasi?😂"
1,"3 bang , salam jepe weton88"
1,"Gara-gara 𝓟𝓤𝓛𝓐𝓤𝓦𝓘𝓝, grup WA kantor jadi rame banget."
0,"kalo gak salah, Gus Iqdam punya mobil seperti itu."
0,Perut nya aga kempesan om?
0,lha iki kan asline bakul 😅 bis hanya hobi. canda mas wahid
0,Mentok kanan💥
1,"Gak pernah gagal,𝐒𝐆𝐈𝟖𝟖🔥"
0,"Seolah Tuhan, bisa ""memastikan"" sesuatu."
0,susah laku kalau nggak 7 seater
0,Pengen beli tapi kalah sama kebutuhan 😭
0,Abis abisannn 💙
0,Pak ahok suaranya bisa aneh gitu kebanyakan ngrokok ya ??
0,"Point nya apa? There is no point, ngambang kaya sampah di sungai"
1,yang pro aja bang di 𝐒𝐆𝐈𝟖𝟖 👍
0,Ternyata isinya iklan semua😊 alhamdulilah.. Mkasih mas..
1,"alexis 17 emang ga duanya , pelayanan vip member"
1,malem hiburan bareng p̶u̶l̶a̶u̶w̶i̶n̶ .
1,bedanya 𝘼𝙇𝙀𝙓𝙄𝙎17 ya ? parah !
0,Woow harga nya
0,9:48 sangar😮
0,Hah ? Apa sih
1,"iseng doang main 𝐷оrа𝟩𝟳 , eh ketagihan ! cuan nih !"
0,Prabowo negarawan sejati brow❤❤❤❤
1,mandalika77 lagi untuk untuk maxwin tahun baru di pragmatic serupa pg soft nya lagi rame
0,Iyalah bang kita kan perintis bkn pewaris
0,Ngomong apa toh
0,"Kasian, tempo alqaeda gak di ajak. Awowowowok.. 😂"
1,"berkat k o i s l o t , menjalani hidup bebas finansial kekhawatiran"
1,keren . gas mari kak 𝗦𝗚𝗜𝟴𝟴
0,Yaahhh otaknya nggak nyampe dehh. Emang bener ganti rakyat sihhhh
0,GD emang ngga pernah gagal buat bangun mobil sih
1,Seru abis! Tempat paling aman dan asik? 🔥⚡ALEXIS17⚡?🔥
0,Bikin lah motor biar berwarna mass😅
1,serius nanya deh alexis17 ?
1,𝘼𝙇𝙀𝙓𝙄𝙎17 sih ? heboh banget ? beneran ?
0,jane mudeng tenan opo gur wathon njeplak je dul?
1,"wede lancar banget , pelayanan top"
1,"sehari main alexis17 , gue langsung ketagihan !"
0,Nonton tanpa baca komen itu lebih baik
0,Sharus nya di iringi dengan harga
1,malem gue nungguin update alexis17 .
0,Hahaha betul
0,"ak pernah nyobain mobil yg kayak gitu
tp ga ada suaranya"
0,"Barang aneh nya kapan bang 😂😂😂, udah lama kayaknya 😁"
1,modal lgsng jepek gates
1,"sehari main alexis17 , gue langsung ketagihan !"
0,"Tumben g gontok"".an😂"
0,86 airbft hitam ownernya orang manado😍
0,"Ubur-ubur makan ikan, siap laksanakan 👆👆👆👆👆"
0,ga bahaya ta ?
0,Lowongan dislike masih di buka lebar2👎
0,"ntar dia naro ipad, buka chatgpt suruh ngobrol sama AI wkwk"
0,nitip jempol miring gan
0,"Maklum udah tua, udah ga mampu memahami pertanyaan yg disampaikan."
0,TIM YANG PENGEN BELI TAPI  GK ADA UANG
0,bang gak rekomendasi laptop main game command and conquer generals ?
0,2029 GIBRAN - BAHLIL SIAP MENGGUNCANG
1,oalahhh gua prnah cog main alexis17 bnran lgsg wd wkwk
0,video aerox ngantuk 😂
0,galiat ubsi ama zicoster
0,Ahok bukan gubernur terpilih DKI seperti yang beliau katakan. 14:16
0,Terlalu negatif mas nya.. Ngelantur
1,keren mandalika77
1,𝘋𝑂r𝐴 𝟽𝟳 menawarkan platform stabil andal .
0,belibet bummer
1,"ketinggalan cuan , gaskeun pu lau tujuh tujuh tujuh ."
0,"sabar lahhh , lu kira itu doang kerjaan mereka"
1,gak pusing mikirin biaya berobat kalo udah join alexis17 .
0, @syarfuniMY  atau pindah agama
0,Selalu setia nonton dan like videonya
1,emang gak se-profitable alexis17 deh .
0,"Berjuang dari 0 ×
Ke mahkamah konstitusi ✓"
1,𝐌𝐢𝐘𝐚𝟖𝟖 ! sensasi bermain bikin penasaran ! keseruannya bikin nagih !
1,the best 𝐒𝐆𝐈𝟖𝟖 byar !
1,"terimakasih upload bg , sibuk𝗪𝗘𝗧𝗢𝗡𝟴𝟴"
0,"masih bisa pake gbox buat buka google,aman2  aja"
1,emang gak se-worth it alexis17 sih .
1,tmn gw alexis17 rame bgt tuh situs bre gila
0,Gilaaa keren banget
1,"seminggu join alexis17 , gue udah beliin ortu kulkas pintu !"
1,emang gak se-reliable alexis17 .
1,05:35 weton88 ngadu nasib wkwkw
0,OTW MILLS LAGI BANG
0,ikan busuk dimulai dari kepalanya
0,Dislike masssal
0,Tim gercep nabung sekarang terkumpul 17rb
0,Gk bisa berkata kata Garasi Drift Kalian HEBAT.....!!!!!! 👏👏👏👏
0,Temen temen...temenan
0,Ke iims pengen ketmu om fitra tpi gk ketemu
0,Pasti seru
1,", 𝘼𝙇𝙀𝙓𝙄𝙎17 , penyelamat genting ."
0," @joMan1060  cukup oke apaan, cuman defensif gitu sambil muter muter"
1,gw rungkad mandalika77 wkwkwkw tapi tmn gw yg pada jp di mandalika77
0,Udh mantap desain erspo nya tp logo mereka yg skrg JUJUR JELEK
1,"jepey 𝗦𝗚𝗜𝟴𝟴 , beneran !"
0,Ya duit bapak nya banyak! Apapun bisa jadi kenyataan kek nya!!!!
1,sehat salam 𝗪𝗘𝗧𝗢𝗡𝟴𝟴 gampang jepe
0,Sejak kapan Ken block muslim? 😂😂
1,Pulau 777 – Tempat kemenangan tak terbatas!
0,Pengen ke iims tapi ga punya duit 😓
0,Gosong chef gorengan nya 😂
1,epic moment 𝗪𝗘𝗧𝗢𝗡𝟴𝟴
0,"Mas, bagi prompt nya dong buat naskah begini"
0,Ahok..  dan Dedi mulyadi
0,"""hp lu, lipat berapa bos?"""
0,Telat 2 jam:V
0,RB26 n/a 😢 ... Sayur tanpa garam
0,Kerja masih dicariin bapa jangan so keras ah
1,"jepey 𝐒𝐆𝐈𝟖𝟖 , beneran !"
1,"𝗠𝑨𝑵𝐃𝐀𝑳𝗜𝗞𝐀𝟕7 bikin lupa semua beban, hiburan yang sangat menyenangkan! 🤩 🥳"
0,14:00 gub iwan naik iwan (E1) (:D)
0,yg harusnya lu dukung abis-abisan tuh yang ini orgnya nji
0,"gak bener itu harganya,itu harga riba"
0,1:36:42 the road is still long bang
0,"15:30: ""Affaan tuch? 😂"""
1,05:35 𝐒𝐆𝐈𝟖𝟖 ngadu nasib wkwkw
0,"jangan banyak ngomong deh pak ahok, buruan nyalon saya pilih"
0,50jt bagi 3=....
1,semangat bang konten nya salam 𝗦𝗚𝗜𝟴𝟴 ! gampang jepe
0,Turu aja mas.
0,Ngelantur cokkk
0,Gokil indo buzzernya wkwk
1,"kerennn contentnya bang , cari situs 𝗪𝗘𝗧𝗢𝗡𝟴𝟴"
1,"MANDALIKA77 ngan ukur jadi! Duit ngalir, permainan seru ora aya istirahatna. Layanan oke banget, abdi recom duh, euy!"
1,"gacir bener , maen udh jepe"
0,kelaaazzz bgt karbida FC 🔥
0,"Ini Jersey apa baju fashion sih, gila keren bgt, parah gokil"
0,Lama bat gw tungguin ini pidio woe
1,kek mandalika77 gini baru situs mantap. member baru wajib menang
1,kalo bukan PULAUWIN yg kasih duit siapa lagi
0,"loch - ""Left and Right"""
0,Bro speaks a whole lot of nothing
0,Uda kek laptop rtx 5080 aja harganya
0,Belum mulai wawancara udah struk duluan
0,"😂😂😂😂
Emang udah turun harga diri nya"
0,Kalau jebol  pusing ga tuh Krn susah di perbaikin di arena
0,Yang pake kmeja biru so asik banget wkwkwk
0,"Pemakaian lama
Gmn tuh flexibelny"
1,orang bilang alexis17 tuh bener-bener ngebantu keuangan .
0,Huracan x LBWK kek ny 😆
0,"sekeren bikin $1 jadi Rp17.000, all time highest 😂😂"
1,tolong gua kejebak depo dialexis17 jd candu bgt kbnykan menang .
1,udah pada tau P U L A U W I N belum lu orang?
0,Intinya kalau kerja minta cariin bapak...
1,"𝘈𝘎𝑈𝙎𝘛𝙊𝐓O gampang banget dapet jackpot, luar biasa"
0,gilaa kameranyaaaa
0,"Big no , ahok gasuka anies dan ahok masih tolerir korupsi"
1,"jepey trs , di𝐒𝐆𝐈𝟖𝟖"
0,Mantap gan
0,"I knew it in the moment ""They"" elected"
0,"​ @rahadiarum7448 masalahnya yg dia jawab gada yg nyambung, gmana dong?"
0,​ @bossman9577 fufu fafa wkwkwk
0,Sama gue juga nyumbang 1 dislike😂
1,buset serius skketer zeus 𝘼𝙇𝙀𝙓𝙄𝙎17 5 ? ? ? .
1,cair kakak mantap banget cuan weton88
1,sehat salam 𝐒𝐆𝐈𝟖𝟖 gampang jepe
1,ALEXIS-17☯ emang ga pernah pelit kalo soal ngasih jackpot ke membernya
0,Pt Greentex
1,"bandar weton88 auto , sultan gacur"
0,gini dong 1 minggu 2x hahaha
1,alexis'17 maen hoki
0,Lebih seru komen ya wkwk.
0,15:35 ada yg nyasar tuh😂
1,Gue sih udah buktiin sendiri kekuatan ALEXIS⭐17⭐.
0,Mobilnya Gus iqdam
0,Believe me no one pay me
1,keuntungan 𝐷𝘌𝙒𝘈𝘿𝐎r𝐴 mendukung membeli rumah mudah .
0,"9:42 gass,full spek biar lama durasi ny"
0,"Dapet notif skakmat ahok, auto klik 💪"
1,Bang gamain diGA RU DA HO KI꧂
1,busett cerahh banget 𝗪𝗘𝗧𝗢𝗡𝟴𝟴 encess koinya ngasih mulu
1,rezeki disangka 𝘈hm𝐀d𝑇𝐎𝐓𝑂 !
0,WAJIB BELI SIIII ORIGINAL 🔥🔥
0,"BAUAHAHAHAH KALAHH MULU PANDJIIIIIII,,,,,,,"
0,Kayaknya kamu lebih cocok dipimpin Jokowi 😂😂😂 ​ @dawdadadadadad621 
1,temen abis cerita ̠ 𝑨𝑳𝑬𝑿𝑰𝑺17 gacor .
0,​ @Sp12er ya lucu sih. Hp kek gitu buat game😂 padahal bukan hp gamers
1,Gue baru ngeh kalo P͎U͎L͎A͎U͎W͎I͎N͎ udah masuk semua media sosial.
0,Raja Terakhir dalam dunia Politik... Selain Lord L
0,Ternyata editan.. Belkote😂
1,"Nungguin bini belanja lama bnget sampe bete, iseng iseng nyari WEB terus ketemu mandalika77 langsung spin kakek zeus, buset deh langsung dikasih Dapet jutaan."
1,gue rela ninggalin bisnis fokus alexis17 .
0, @AbdurRahman-d1v9e  emang udah ada sekenan nya bg di jatinegara ?
1,"Gila sih, ⚡ALEXIS17⚡ emang beda kelas!"
1,"sehari join alexis17 , gue udah dapet cuan dp rumah !"
0,"Mau nanya nih netizen, huawei masih di ban ga sih sama google?"
0, @mascar007  presiden kok malah minta solusi mikir dong wkwkwkwk
0,​ @rusliofficiall96  huawei jangan bandingin sama samsung😂
0,wait and see ... semogaa...
1,busett cerahh banget 𝐒𝐆𝐈𝟖𝟖 encess koinya ngasih mulu
0,10000% VOTE!!!
1,"bro , alexis17 ! tuh emang mantep banget , gue udah buktiin"
1,Gue rela begadang sampe subuh demi ALEXIS⭐17⭐.
1,"alexis17 ! bikin gue sultan sebulan , modal 100rb"
0,Gass bang modif motor
0,The best pejabat yg saya tau
0,setuju bang modif motor🎉🎉🎉
1,absen 𝑯𝑶𝑲𝑰777 aja ?
0,Luar biasa kualitas Fufufafa ini 👏
0,Ya Allah blm lama beli pura dah ada lgi yg baru 🫠
0,​ @angeliart_ cie komentar dari papan klip
0,​ @Lizzy_Osprey  ya begitulah... sampe males lihatnya 🙃🙃
0,Anak Abah lgi gibah 😂
0,anjir semua komennya negatif
1,"sebulan main alexis17 , gue udah liburan labuan bajo !"
1,𝗠 𝗜 𝗬 𝗔 𝟴 𝟴 kasih pengalaman main beda seru !
0,Bapak lo gacor wkakakakakakak
0,"Pencitraan, ​ @pramtime ."
0, @beingaamon bagus sampe skrg huawei p30 pro ga ada masalah
1,"alexis17 ! tuh emang bener-bener beda , sistemnya fair"
0,Pandji diomelin Ahok terus main caturnya 😂😂😂
0,Kerenn bletak2 nya...😮😮
1,"cuy , 𝘼𝙇𝙀𝙓𝙄𝙎17 bikin mood bagus , anjay . pokoknya ."
1,Kualitas layanan di ρułαü777 sangat baik.
1,"wede gampang , situsnya terpercaya banget"
0,bang panji undang KDM
1,instant spin cuan 𝔹𝑶𝑾𝑶𝟕𝟕 subhanallah langsung
1,"Keren banget bang 😂 , Salam JePE ⭐𝐒𝐆𝐈𝟖𝟖"
0,"3 jam gw nonton, makin gapaham gw ama jawabannya presiden prabowo"
0,Keliatan kali baca text
0,Gila bro emang keren ni jersey
0,banggaaaa bangett gwee !!!!!
0,Rasanya percuma dibuat forum ini😅
1,Grafiknya di M𝗮𝘯𝐝𝗮𝑙𝗶𝒌𝐚𝟟𝟳 2:10 keren abis! Gameplaynya juga seru!
1,"Semangat Bosqu , Terbaik ⭐𝗪𝗘𝗧𝗢𝗡𝟴𝟴"
0,@ oh iya ketinggalan
0,Iphone mana bisa buat Hp lipat 3 seperti Huawei
1,bro tau ga alexis17 ! udah support e-wallet proses kilat
1,"kerennn contentnya bang , cari situs 𝗪𝗘𝗧𝗢𝗡𝟴𝟴"
0,Tahun ini privater ya bang? Ga di rekrut tim² pihak lain
1,Ganas semua slt di mandalika77 modal kecil bisa narik sejuta om
1,05:35 M A N D A L I K A 7 7 tempat ngadu nasib wkwkw
1,Gak perlu skill coding buat sukses di ALEXIS⭐17⭐.
0,Semoga Bayu Murti lambonya di pasang body kit sama team Garasi Drift
0,"​ @trisigit pembantunya, lagi nyetir malah main hp"
1,"ganas slt λ l e x i s 1 7 , modal narik sejuta om"
1,9:11 bang jam segitu menang w 𝐒𝐆𝐈𝟖𝟖
0,Masalah praktek nya kan ada stap khusus
0,Ownernya Nongol nih 😅😮
1,"""MAXWIN BERULANG"
0,180sx kapan lanjut oiii
1,ꗥ𝙈𝘼𝙉𝙐𝙏88ꗥ memberikan pengalaman bermain yg asik
0,​ @storia9126  dah gitu ngomong nya sambil liat promter lagi😂😂
0, @mascar007  guoobbblllllooo....
0,Ford ga buka booth ya? Sayang banget
1,"gue sih ga nyesel gabung alexis17 ! , nyesel telat gabung"
1,"modal receh wd jutaan , gg"
1,"alexis17 , emang ga duanya , pelayanan vip member"
0,​ @sandymartono7029 Lu gatau apa kemampuan presiden dalam memahami konteks blik😂
0,"dicecar sama mba nana, go"
1,🆄🅻🆄777 fitur keren
1,keren ! meraih kemenangan di𝐏 𝐋 𝐔 𝐓 𝐎 𝟖 𝟖 langsung berlibur negeri !
0, @Dilann9  loh bukannya kata anda daerah pedalaman sudah ada
0,kwkwkwkw horang kayya🎉🎉🎉😅
1,ALEXIS-17☯ tuh emang paling ngerti kebutuhan membernya
0,Preeettt !!!
0,Selamat bang
0,Konten Toyota chaser kapan bang?
0,Jurnalisnya terpaksa sabar
0,ngeriiii langsung beli gk tuh
1,gak pusing mikirin kalo udah join alexis17 .
1,P͎U͎L͎A͎U͎W͎I͎N͎ tuh kayak udah jadi lifestyle baru ya?
1,gokilll mantul kali mandalika77 makasih info gacirny kakak
1,notif langsung nonton habis jepe 𝐒 𝙂ｉ𝟖 𝟖
1,𝐷e𝘞𝘈d𝑂ramenawarkan mudah terhubung orang .
0,anak abah kebakaran jenggot bahwa prabowo akan di pilih lagii
1,"alexis17 ! tuh emang ngerti kebutuhan membernya , kasih hadiah"
1,skketer 𝘼𝙇𝙀𝙓𝙄𝙎17 gokil gokil sih .
0,ahok g bs maju jd capres ato cawapres krn sdh pernah dipenjara
0,Bagus mobilnya
0,corsstrek nya manaaaaa
1,pengen upgrade hidup ? step : pu lau tujuh tujuh tujuh .
0,MANTAAAAAAAAAAAF
1,"gak pinter , paham pu lau tujuh tujuh tujuh ."
1,orang bilang alexis17 tuh bener-bener terpercaya .
0,"Selamat mas dipo atas kerja kerasnya,tim nonton doang,komen kagak!! ☝️"
1,"🚩𝐒𝐆𝐈𝟖𝟖 saya maen santai aja, tetep bisa WEDEY jutaan"
0,Presiden ngmginya kaga ada yg penting 😅
0,gabisa dua duanya pernah jd gubernur jd gabisa salah satu jadi wakil
1,hasil bohong . buktinya . 𝗣 𝗟 𝗨 𝗧 𝗢 𝟴 𝟴 terbaik
0,coba nonton kontennya mas ferry irwandi mas😅🙏
1,temen gue bilang alexis17 tuh bikin nagih parah !
0,Gasss Xmax nya hedonin😅
0,GAS MAS ZIKO MODIFIKASI MOTOR XMAX NYA💯👌🔥
0,Di SD anak ku yg ke tiga gak ada tuh MBG 😂
1,ingat tujuan hidup●𝗠𝗮𝗻𝘂𝘁𝟴𝟴●yang menjadi penawarnya
1,rezeki gak putusnya makasi alexis17
1,"modal receh , gacor banget sampe makswin"
1,"dapet jakpot 10 juta , lgsng cair"
0,Musuh menemukan saya 😂😂
1,"seminggu join alexis17 , gue udah beliin ortu smartphone !"
0,"Mending nonton bapau, Taulany tv sama Rans daripada ini😂😅"
1,Saya gak pernah bosen main di Ｐｕｌａｕ７７７
1,"10:12 ✩░▒▓▆▅▃▂▁𝐌𝐀𝐍𝐃𝐀𝐋𝐈𝐊𝐀𝟕𝟕▁▂▃▅▆▓▒░✩  emang juara, rezeki gak ada abisnya!"
0,Enak ya punya orang tua kaya raya
1,"maen lgsng jepek , modal aja"
0,Lanjut bang mecah narasi orang😂​ @MuhammadMudayin 
1,"main 10x spin , dapet jp ! cinta banget 𝗣 𝗟 𝗨 𝗧 𝗢 𝟴 𝟴"
0,Coba ada nyicil 1rb selamanya ni hp😅
1,Emang gak ada yang se-terpercaya ALEXIS⭐17⭐ sih.
0,Berati yang gua komen di IG lu bener kan..lu pakai ordal....😂😂😂😂😂😂😂
0,disuruh nanya AI sih 😂
0,Review byd yangwang om
1,"Baru seminggu join ALEXIS⭐17⭐, gue udah bisa beliin ortu kompor gas baru!"
1,"rezeki melimpah 𝑺𝑼𝑯𝑼𝟑𝟐𝟖 , makasih !"
1,temen gue bilang alexis17 tuh bikin nagih !
1,"Saya suka semua aspek dari pulⱥü777, mulai dari layanan hingga kecepatan."
1,"Prosesnya sangat mudah diikuti, terima kasih kepada pulαυ777."
0,"Gokil, kereeenn broo."
0,jelek design nya
0,rally 80 % - drift 20 %
0,Nonton full kaga nyinyir iya
0,THE GOATTT 🐐
1,"M𝗮𝘯𝐝𝗮𝑙𝗶𝒌𝐚𝟟𝟳 jekpot terus-terusan, beneran beda tempat ini"
1,emang gak se-hits alexis17 sih .
1,"Rezeki dari АG𝙐𝑆𝐓𝑂𝐓Obikin hariku lebih bermakna, terima kasih!"
0,- ketemu - = +
0,Love you Mba Uni Lubis 🩵🩵🩵
1,MInimal byar bang kalo komen Judi pul au 7 7 7 kismin
0,"T4i komen gw di apus , ini pasti ulah antek2 kalian"
1,alexis17 ! tuh emang bener-bener ngasih peluang orang milyarder
0,nunggu ulasan crostrek yg kemarin crash
0,Gw langsung gas otw beli es teh manis cup harga 3k 😂😂😂
0,bang body kasar kasih warna keren tuu
1,gak skill khusus sukses alexis17 .
1,emang gak se-legit alexis17 sih .
0,Wow unexpected guest
0,Konten motor mio bang zikoo🎉🎉🎉🎉🎉
0," @aldibayuoka4265  gw gak ada nyinggung obel nya 
Gw menjelaskan komen yg di atas."
0,"iya benar, jangan2 jawabannya lebih hebat
ngelanturnya"
0, @prasetya.15  iya iya sipaling kocak
0,Apakah ada andil pemerintah di film animasi Jumbo ?
1,"seminggu main alexis17 , gue udah ganti elektronik rumah !"
1,"fix ! 𝐌𝐢𝐘𝐚𝟖𝟖 trending banget , comment-nya merajalela !"
0,Mari kirim uang ke china
0,Ziko jadi anak motor 9:40
0,Laptop tecno k16s bangg
1,"Modal kecil wede besar, gacir abis"
1,urusan petir ? ̠ 𝓐𝓛𝓔𝓧𝓘𝓢17 jagonya .
0,REALME 14 PRO Kapan Bang
0,Kameranya nggak ngotak
0,Generasi pesimis
0,30:04 wajib review di garasi drift iniiiii
0,baru ini presiden yg mau terbuka dan mejelaskan...
1,"cobain aja , hasilnya bikin seneng"
0,Bang kapan crosstrek jadi bang
0,Oke Mbaik.Jos Sangat
0,thanks gpt
1,busett cerahh banget 𝐒𝐆𝐈𝟖𝟖 encess koinya ngasih mulu
0,Ngelantur cok
1,orang bilang alexis17 tuh bener-bener ngubah nasib .
0,"betapa bahagia nya mas dipo wkwk 

congrattsss"
1,02:00 Ｐｕｌａｕ７７７ gampang banget buat dicoba
0,"gimana fufufafa pak, sdh ditangkap belum?"
0,50jt yakin
1,"maen swert bonanja , sketer terus-terusan"
1,"Main di 𝘋𝐄𝘞𝐀𝐃O𝐑𝘈, maxwin tiap hari!"
1,Yang di tunggu tunggu salam Jepe 𝐒𝐆𝐈𝟖𝟖
1,"sebulan gabung alexis17 , gue udah dp rumah !"
1,"seminggu main alexis17 , gue udah bayar spp anak setahun !"
1,"gue sih ga nyesel gabung alexis17 , , nyesel tau"
1,"sebulan main alexis17 , gue udah beli furniture !"
0,Beli buat jual ginjal
0,Penasaran kira2 jumlah dislike nya brpa ya
0,Gas bang modif xmax
1,spi-n pecah mulu 𝘼𝙇𝙀𝙓𝙄𝙎17
0,Loyo amat... Ngopi dulu mas
1,"sketer , jepek"
0,Bang review hp satu jutaan lagi dong
0,"Real semua yg bertentangan dengan pemerintah di lawan ya,semangat2​ @mascar007 "
1,D𝑂𝑅𝐴𝟩𝟽 aku jadi lebih semangat maen gara-gara tempat ini
1,"temen gue negeri aja tau ｐｕｌａｕｗｉｎ , gokil !"
1,cepat sekali wede kilat di ✦𝗠𝗮𝗻𝘂𝘁𝟴𝟴✦
1,situs fairplay ! d𝐎𝑅a 𝟩𝟽 bikin main asik !
0,Ndasmuuu omon²
1,"Makasih banyak А𝐺𝑈𝑆𝘛О𝘛О, hari ini benar-benar gacir banget!"
0,@Manusia_Biasa_D  bener nih. Padahal yang @JokoJMC sebut salah . Tapi pada jd top komen wkwkwkwk
0,Kaya karakter Soekarno Hatta ga sih
1,"menang terus-menerus berkat bantuan pawpaw4d , keberuntungan !"
1,Wajib coba! Gak bisa move on dari serunya 🔥⚡ALEXIS17⚡?🔥
1,gue udah ga bayangin hidup alexis 17 sih
0,"Bismillah,,,Semoga kita semua bisa kebeli tahun depan, Aamiinn"
1,"seminggu join alexis17 , gue udah beliin ortu tv !"
0,"Aduhh, sayang sekali mobil baru hancur"
1,"maen , lgsng makswin , gg banget"
0,"Om Mobi kok tumben gak ganjen om,, 😂"
0,"GG,gak nyangka sebagus itu"
1,"sumpah , mekswin brusan gates , gacor parah"
0,Design yang terbaru wajib dikoleksi nih ❤
0,​ @zamalhd3595  pdhl pak ahok gak ada berubah²...ahok tetep ahok yg gua kenal..
0,"Kebayang kalo gua punya, takut salah lipat wkwk 😂"
0,uda yappingnya?
1,"seru , cuman jamin puas alexis17"
1,"modal receh , gacor banget sampe makswin"
0,Itulah pentinganya punya rasa malu..
0,@aszlanslatan27  udh punya brp biji borr kalo itu mah
1,"modal wede , gacir abis"
0,Sekilas mirip 😅Joshua kalau tua ya
0,"Ora ketolong kie tah, ngisin2i wong banyumas"
1,"swert bonanja gacir parah , wajib coba sih"
0,Iya arogan banget.
0,saran baik dari saya mundur aja bro gibran
1,sipaling mana2 cok alexis17 hduh
0,Ini ngereview atau ngeroasting brziko? 😂
0,Tombol wawancara selanjutnya wakil presiden
0,Naskahnya dibuat sama ai
0,Bang chaser bang
0,Nonton ini cuma buat disslike😂😂
0,Kepada gojek semoga surgamu cuma makan... iklan mu sangat menganggu .
0,Apa ini presentasi mahasiswa ujian skripsi yang belum siap kah?
1,"ＭΛＮDALIKΛ𝟟𝟟 gacor, menang trus! 4:34"
0,Tantangan Indonesia adalah mendapatkan wapres mas gibran
1,eh tau ga sih alexis 17 bagi-bagi bonus gede nih member
0,"Ee, anuu... auah"
0,gelokkkkkkkk🤩
0,"Oke bagus komennya, silahkan lanjut kehidupan sehari hari anda"
0,KEREN BANGET
0,"Intinya, bonus demografi😂"
1,gw demen gas 𝗪𝗘𝗧𝗢𝗡𝟴𝟴 wkwkwkww seru . sering2 sih mah
0,Ini knp speed nya ga bisa di buat 2x lbih cepat ya? Apa saya yg katro
1,"rezeki 𝗦𝗚𝗜𝟴𝟴-bikin hariku bermakna , terima kasih !"
0,nungguin review mobilnya mas dipo yg crass di iven drift kmarin
0,​ @AmalanMagnetRezeky y karna anak nya berbakat jadi di suport
1,emang gak se-gampang alexis17 kalo dapetin cuan .
1,"seminggu main alexis17 , gue udah bayar biaya wisuda !"
1,emang gak se-reliable alexis17 sih .
0,Kena 3 langkah mat panji 🤣🤣🤣🤣
0,Thanos tolong kami 😭
0,Maksih bre
0,Suruh i show speed nonton ini
0,Yaelah main catur aja ngamuk pak
0," @farhanmfirdaus3779  makanan basi, banyak mbg gk jalan karna mandeg biaya, biaya disunat"
1,"intinya bermainlah dengan sabar jangan barbar, karena kemenenangan akan datang setelah sabar wkwk hiburan bukan di jadiin mata pencaharian, kalau gw main di M𝗮𝘯𝐝𝗮𝑙𝗶𝒌𝐚𝟟𝟳!"
0,jawab nya pake CHATGPT 🤣
1,"𝐷оrа𝟩𝟳 sukses , tukang sayur bos supermarket ."
0,KAU DIAM!
1,cuan emg alexis17 modal 100k jd 4jt
1,"gak ngabisin , langsung gacir 𝐃𝙊𝑅𝐴𝟽𝟩 ! bener-bener rezeki !"
1,modal tipis gucu​r​ kena jepe
1,0:03 keren coba bang gas 𝗪𝗘𝗧𝗢𝗡𝟴𝟴
0,"Wah, masak ketagihan jb5 smpai jual yg ungaran😅 😊"
0,Gagah banget
0," @irwanchandra9156  sama jir, menghibur biar gak suntuk y bang hahaha"
0,wah keren bang bisa ngundang  lord
0,ini yang d beli di vlog ny ishowspeed ya?
1,terakhir gw main🅱️UK𝐼𝑇 ８8𝟴  sih dikasih menang ya
0,bisa kasih tau saya mana bagian terbuka dan menjelaskannya?
1,"Tarik semua hasil kemenangan 4:32 dari MANDALIKA-77-, saatnya mewujudkan impian! 😘 😗"
1,𝘼𝙇𝙀𝙓𝙄𝙎17 tulus banget .
0,Dah abang wakili
1,maen gacor abis
1,"pecah layar ̠𝘼𝙇𝙀𝙓𝙄𝙎17 , gokil ! ."
0,Samsung A26 Bang kapan di review
0,Dulu kan udh nomor 1 sebelum dijegal.😂
0,storytelling pak ahok bikin mas panji nyaman dengerinnya..
0,gas bang bangun motor
1,"top up wd super cepat , puas banget"
1,"𝘈𝘎𝑈𝙎𝘛𝙊𝐓O tiap hari gacor terus, gk ngerti lagi"
0,kelassss pak ahok❤️🔥🔥🔥
1,cuanan gak ribet—asal tempatnya pu lau tujuh tujuh tujuh .
0,"up , banget"
1,"seminggu join alexis17 , gue udah beliin ortu tv !"
0,Mas anisss mas anissss
0,Thanks broo
0,"50 jutaan aja, murah rah ya??????? 😂😂😂😂😂"
0,"judul yg tepat ""PPOO"""
0,tetep pemakaian lama ke hp hp lipet sebelum nya kena lcd :v
0,Masih ngantuk ngajak jurnalis bikin podcast😂
1,dari dikasih pola maxwin dapat merasakan maxwin pula disitus mandalika77 memang mantapp gacir banget
0,Pak anis malu nonton ini
0,Absen buat dislike doang
1,bokek ? langsung aja main alexis17 .
0, @alyssabrayden2099  Hampir semua
1,cair kakak mantap banget cuan 𝐒𝐆𝐈𝟖𝟖
0,Karna bukan mobil nya GD
0,punya saham mana mungkin keluar autonetmagz
0,Mas gibran sekolahnya lulusan apa?
0,velg luxury g belang bang selaras ituu muternya sama
1,"bilang , 𝘼𝙇𝙀𝙓𝙄𝙎17 top markotop !"
1,gue rela ninggalin nonton drakor fokus alexis17 .
1,tau duit kenal alexis17 .
0,Pertama komen bang dapet apa wkwk
0,Lha 58 % itu cuma tamat  SD SMP...mereka hanya tahu bansos BLT 😂
0,Bikin RoadTrip om bertiga pake ini mobil secepatnya
1,orang bilang alexis17 tuh bener-bener ngubah financial .
1,"alexis'17 gampang banget dapet hasil gede , gk ribet"
0,Keputusan tepat kemaren pilpres ga milih prabowo..joget aja pak💃
1,gass 𝘼𝙇𝙀𝙓𝙄𝙎17 .
0,Jokowi juga punya jasah. tinggal hutang indonesia
1,10:12 ─═𝗕𝗘𝗥𝗞𝗔𝗛𝟵𝟵 ═─ emang paling juara nya sih
0,Sering buka tutup lipetan ntar nongol garis ijo gak bang?
0,GACOORRRR WKWKWK 😂😂😂
0, @croxell00  Yang jelas selain 02
0,Belum bisa kebeli. Kalau kebelipun gk kepake bg 🗿🗿
0,Baru tau gua 😁
1,"a.l.e.x.i.s.1.7 tuh emang bener-bener ngubah hidup gue , susah makmur"
0, @HENDIWIJAY4  tonton di channelnya ada kok wkwk
1,pas lagi rungkad-rungkad nya di saranin main sama temen di mandalika77 ternyata malah di kasih gacir
0,"Lebih baik nonton Pada Zaman dahulu 😭,"
0,macan itu bang
0,gw beli redmi note 5 pro aja udah alhamdulillah banget 😂
0,"Udah nyicil, baru kekumpul 25rb kurang dikit lagi"
1,"wede malam , makswin starlight"
0,"Bang bikin konten barisin semua dong mobil"" yg ada d gd nya ."
1,"sebulan main alexis17 , gue udah liburan australia !"
0,terimakasih... saya sudah dislike😊
1,"dapet jakpot 10 juta , lgsng cair"
0,Modifikasi motor drag
0,"1:16:45 samar2 denger ada yg istighfar, saking ngelanturnya doi (?)"
1,"bro 𝘼𝙇𝙀𝙓𝙄𝙎17 turnamen gede nih , hadiahnya bisnis franchise"
1,"𝐃 𝘖 𝑅 𝐀 7 𝟽 emang gacir , hoki"
0,Keren bang
1,"gue nyari resep mie goreng , iklan p͟͟u͟͟l͟͟a͟͟u͟͟w͟͟i͟͟n͟͟ ."
0,Langsung beli pertalite 2lt
1,gue sih udah buktiin keajaiban alexis17 .
0,ZIKO MODIF AEROX 🤙🥶
1,"gachor gila, 𝘈𝙓𝐋𝟩𝟳𝟳 bikin jepe trs"
1,gw sampe meledak nih alexis17 jd 45jt
1,"paling the best, one and only ─═𝗕𝗘𝗥𝗞𝗔𝗛𝟵𝟵═─"
1,sedihkah ? cerita cs 𝘼𝙇𝙀𝙓𝙄𝙎17 wkwkwkw
0,"Jir lu ada di mana"" 🗿"
1,notif langsung nonton habis jepe 𝐒𝐆𝐈𝟖𝟖
0,Aroma aroma akap sudah dekat
0,Yuk ke iims
0,Kasian lah orang2 yg mabok agama😂😂
0,LU JADI MODEL NYA ERSPO JUGA SABI KEK NYA BROKKK😂
1,orang trump menang pilpres ya
0,Muter muter muter
0,Astaghfirullah
0,"Apalagi dolar 17k + besok Selasa IHSG buka, jadi ngeri ni 😂"
0,Ini yg buat naskah AI ya?
1,busett cerahh banget 𝗪𝗘𝗧𝗢𝗡𝟴𝟴 encess koinya ngasih mulu
0,Youtube an pake app apa bro ?
1,"makswin brusan starlight , nggak nyangka"
1,gue rela ninggalin bisnis fokus alexis17 .
0,ada apa dengan kiri belakang
1,"jepe game , sumpah hoki banget"
1,"03:55 ─═𝗕𝗘𝗥𝗞𝗔𝗛𝟵𝟵 ═─ emang juara , rezeki gak abisnya !"
0,"Wehh set up remnya suicid* gitu, kukira inline 😢"
1,"Anjay keren, di 💞𝘼LEXIS-17💞 bisa main slot sambil nge-Daz 3D."
0,Ishow speed nih pernah
0,Ilmunya bagaikan langit dan gorong
0,bonas bonus ntut
1,"ngopi bentar , udah nyolek “ lo udah coba ｐｕｌａｕｗｉｎ ? ”"
1,"ＭΛＮDALIKΛ𝟟𝟟 gachor parah, depo receh aja bisa mekswin berkali-kali"
1,Gue rela ninggalin game lain demi fokus di ALEXIS⭐17⭐.
0,makasih bg
1,"gacur pol , maen jepe"
0,kasian kak 😂
1,terima kasi rezekinya 𝗪𝗘𝗧𝗢𝗡𝟴𝟴
0,Real pejabat yg dibenci rakyatnya
0,sangat lucu
0,Tumben gk ada para para.
1,rezeki gak putusnya makasi alexis17
1,coba buy spin 20k maxwin kwkwkkw makasih weton88 nyata emng
0,Kenapa gak live?
0,Siapa yg bikin teks si gaben
1,"P U L A U 7 7 7 gak pernah ngecewain, jepe gaspol bro!"
1,"gachor mulu, ga pernah rugi di A 𝙀 𝙍 O 𝟴 𝟪"
1,"mantap ! bermain 𝐒𝐆𝐈𝟖𝟖 , rezeki mengalir deras !"
0,"Tempo, media tertua di Ind tidak diundang? Kenapa ya,,"
0,"Banjaran,Pt Greentex"
0,crosstrex donk
0,Cewek cewek gak suka liatnya. Gak ada logo buahnya. 😁
0,"​ @Roxxtarr21  gak ada oposisi.. kan semua dukung pemsrintah, termasuk pdip"
1,ku coba 𝐏 𝐋 𝐔 𝐓 𝐎 𝟖 𝟖 langsung senyum hahahah
1,"maen swert bonanja , sketer terus-terusan"
0,3:27 Kalo Mobil Favorit Gua Di The Elite AE86 LEVIN Convert Tadi 🎉🎉🎉
0,Mengecewakan
1,"gila , dapet petir merah brusan gates"
0, @siXtop-n1y  yg jelas ga milih ni org
1,"alexis17 tuh penuh kejutan , udah coba ?"
0,Hp cepet rusak
0,sumbangan bikin jasa raharja menyala
1,"coba , lgsng makswin"
0,Menit brp gan
1,"coba 𝗪𝗘𝗧𝗢𝗡𝟴𝟴 , gak ribet ! salam petir x 500"
0, @dewipuspitasarip49puspita16  yelah mbak.. segitu aja udh pusing.. lawak
1,"swert bonanja gacir parah , wajib coba sih"
0,Worth it ga yah upgrade dari infinix smart 5 ke hp ini??
0,Mkasih sarannya😅😅😅
1,emang gak se-terpercaya alexis17 sih .
0,"yg like cuma anak SD kelas 1,2, dan 3"
1,"daftar , maen sebentar , lgsng jepe"
0,Siapa yg memenjarakan Ahok dulu ?😂
1,sukaaa bangettt 𝗪𝗘𝗧𝗢𝗡𝟴𝟴
0,Padahal standart banget 4 langkah mati dia kaga tau wkwkwk
0,Bang next coba garap mobil mesin rotary
0,​ @manonthemoon1204 uuuhh sakit banget😂
0,asli ganteng parah
1,gak pusing mikirin biaya nikah kalo udah join alexis17 .
0,​ @fotodekacom sekelas presiden dibandingin sama kepala daerah. 😢😢😢
1,Beberapa pengguna menemukan 𝘿O𝘙А𝟳7 sebagai alat yang berharga untuk berjejaring.
0,yakin 60% bukan 6%? wkwk
0,11 out off 100
1,gua sih ga pernah ragu rekomendasiin ALEXIS-17☯ ke temen-temen gua
0, @sobat.kuliner  oh iya ahok dan kang dedy mantep tuh
1,"Rezeki yang diberikan oleh  ʙ𝘜KꀤT 888 sungguh tiada tara nilainya, terima kasih ya Allah atas berkat-Mu!"
0,Cuma bikin org risih
0,Mending ga usah di undang daripada kita yang malu😂😂
1,d о 𝘙 𝐴 𝟩 𝟩menawarkan pendekatan berbeda interaksi daring .
0,Masih ad komen yg gk mendidik gini ​ @Andi.Maulana 
1,"rezeki 𝐷𝙀wa𝐷o𝙍𝘼 , makasih keberuntungannya !"
0,Ahok KDM masih realistis gak sih?
0,Pasang dirumah gan
0,Tandem sama BRZIKO mantap nih
0,Hahahahahaha
0,​@MrSomyaputra bagaimana rasanya jadi mahluk hina
0,"18:29 Mbak irene, bang pandji minta tolong dimarahin ya"
1,orang bilang alexis17 tuh bener-bener bikin nagih .
1,"modal 50k lgsng makswin , gg parah"
0,"Sesi ngalor ngidul yang sangat ""BERISI"""
0,"Ahh iya dmn tuh ?
Apa takut ditanyain kepala babi .. wkekkw"
1,gak pendidikan menang alexis17 .
0,kan create engine ini langsung jadi
1,Orang kantor aku semua udh join di ⭐𝘼𝙇𝙀𝙓𝙄𝙎17
0,Kereeen bgt dipoo
0,murah 50jt mah bapakku kerjanya di Kejagung sekali terima suap 1-2T
0,Semua masalah negeri ini penyebabnya karna tiktok sewaktu pemilu.
0,Ganti aja judulnya bukan menjawab tapi yapping
0,GOKILLLLL 🔥🔥🔥
1,proses nya cpt bgt gile alexis17
0,ngelantur ngawur Dan berantakan gak jelas Dan gak bemutu
0,@ iya iya pinter lo
0,Air dan minyak ga bisa menyatu
1,Ｐｕｌａｕ７７７ gak ada duanya
0,"I Love Bule Ice 😊
mantap mobilnya obellll
Om Ahmad Sharoni....!!!!"
1,"Wede brusan, sketer nggak berhenti muncul"
0,Jangan asal ngomong
0,Boleh jg konten motor... Gass
0,"Ahok Presiden , Anies Wakil."
0,Setuju modif motor
0,Kesalahan dalam berfikir​ @izurzuhri 
0,Ganteng Lee
1,"menang pawpaw4d , prediksinya benar-benar mantap !"
0,16:34 basic cefiro bikinan Gundam garage
1,"a.l.e.x.i.s.1.7 tuh emang bener-bener beda , sistemnya adil"
0,"Angka dislike hilang,malu ketahuan byk yg dislike😂"
1,"sukaaa bangettt λ l e x i s 1 7 ,"
0,Saya lebih worth it beli Jaecoo J7 daripada Innova Zenix
1,semangat bang konten nya salam 𝐒𝐆𝐈𝟖𝟖 ! gampang jepe
0,Habis jadi langsung rusak pas race 😭😭😭
0,sejarah mulyono 😂
0,apa pun pertnnyaaan nya MBG jwbn nya😂
1,Ciptakan kenangan 4:16 indah di ＭΛＮDALIKΛ𝟟𝟟
0,Bismillah 🤲🏻🤲🏻🤲🏻
0,Bim gua mau dong bocoran baju marten paez
1,gue sih udah buktiin kehebatan alexis17 .
0,beli j2 prime gas aku
1,Semua orang bilang ALEXIS⭐17⭐ tuh bener-bener bikin nagih.
1,𝗪𝗘𝗧𝗢𝗡𝟴𝟴 bikin maxwin gampang
1,terima kasih min alexis 17 wede 8.000.000 masuk
1,"Keren sih 𝐒𝐆𝐈𝟖𝟖, main bentar auto jepe."
0,Menyesal karena telah menjadi salah satu pemilih nya 😭😭
1,"alexis'17 gua coba bentar , saldo langsung 2x lipat"
0,Bang dah jumat nih
1,"Ternyata main di 𝐀G𝘜𝘚TO𝘛𝘖 bikin rezeki datang begitu saja, langsung gacir!"
0,mobil nya ancur 🗿
1,"kalo alexis17 , pusing ?"
1,Rasakan semangat baru di 4:16 M𝗮𝘯𝐝𝗮𝑙𝗶𝒌𝐚𝟟𝟳
0,16:22 pasti kijang LGX biru 2.0 AT yg katanya langka 😂😂
1,"jepe kali maen , auto betah"
1,"kalo λ l e x i s 1 7 , yg kasih duit"
0,Cieee satu kubu sekarang. Dulu aja Hina Hina ahok
1,"alexis'17 gua maen bentar aja , lngsg wedey gede"
0,Yemen ngak bisa kerja
1,"19:30 Pulau 777 – Menang besar, hadiahnya luar biasa!"
1,incess skketernya mulu say 𝘼𝙇𝙀𝙓𝙄𝙎17 .
0,Maen pubg oke nih 🗿
1,emang gak se-transparan alexis17 deh .
0,WKWKWKWKWKW
0,Beda ideologi
1,Jakpot besar bikin aku makin percaya sama keberuntungan di MANDALIKA-77-!
0,real macan nih boss
1,mana nih mandalika77 pantes bnyk yg promoin gila gampang jp nya
0,gass bang bikin konten modif motor❤❤❤
1,12.07 behh reza arap
0,"50jutaan aja, cukup buat dp mobil..🗿"
0,yaaaah fufufafa nongol 😅
0,TUNJUKAN ANDA MACAN HUTAN BUKAN MACAN SIRKUS😁😁😁
0,Cortex gak d bahas ya
1,"alexis17 , tuh emang bener-bener beda , sistemnya adil"
1,"𝘈𝘎𝑈𝙎𝘛𝙊𝐓O tiap main pasti ada aja jackpot, luar biasa"
1,keren banget mandalika77 hampir tidak ada kerungkatan bro rasio kemenangannya tinggi banget gokil
1,gue rela gak tidur ngikutin update terbaru alexis17 .
1,"ok min , weton88"
0,ngurusnya gampang ? ? ? naaaahhhh silakan .... opini2
1,"main sebentar а𝘎𝙐𝙎𝐓ot𝑂 , langsung hoki !"
0,18:25 Gile transmisinya 🔥🔥🔥
0,Done dislike
1,dak nyangka dapet segini gampangnya
0,Lebih seru lagi kalo ada pak Wapres disebelah nya
1,Jelajahi dunia D𝑂𝑅𝐴𝟩𝟽 dan lihat apa yang ditawarkannya.
0,mulyono kedua
0,"3 jam 26 menit 
2 jam isinya prabowo mikir dan eeee ......"
0,Kereeennn bgtt bang obell🎉
0,​ @gamemodification  pakai boncengan seru juga
1,"hasil gacir main d𝐄𝐖a𝘋𝐎𝙍а , nggak mengecewakan !"
0, @DikaYH-px5wl  lebih ke org kaya gabut ga si
1,"Baru seminggu join ALEXIS⭐17⭐, gue udah bisa beliin ortu smartphone baru!"
0,suara keramat 😂
0,19:08 Knalpotnya Sampe Nembak Dah 🔥🔥🔥🔥💨💨💨
1,sukaaa bangettt 𝗪𝗘𝗧𝗢𝗡𝟴𝟴
1,banjir rejeki banget di✤𝐌𝐀𝐍𝐔𝐓𝟖𝟖✤
0,Jogetin aja udah dek pilihan jawir itu
0,thank you time stamp-nya ❤
1,"sebulan join alexis17 , gue udah bantu ortu !"
0,itu bu Valeria senyam-senyum karir (?)
0,Review Hiace premio Batak project
1,gue rela begadang sampe pagi alexis17 .
1,kalo alexis17 yg kasih duit
1,"pulang kantor kena scroll sosmed , aja banget . alexis17 kena gak ya ?"
0,Kerennn polll
1,"Gua aja 2 tahun pindah situs sama aja total kekalahan 80jt , sejak coba mandalika77 perlahan balik lagi ini harta"
0,"gua gak ngehh pak ahok,, gua gak ngeh pak ahok'"
0,Menunggu mobil farel mana nih
0,Ini siapa yak yang diomongin?
1,notif langsung nonton habis jepe 𝗦𝗚𝗜𝟴𝟴
1,"eh bro , 𝘼𝙇𝙀𝙓𝙄𝙎17 event spesial nih , hadiahnya liburan negeri"
0,subaru cras
0,Ihh sebel sama Pemred nya detik💀💀💀💀😨😰😱
0,ahok ini tak kenal maka tak sayang
1,"M𝗮𝘯𝐝𝗮𝑙𝗶𝒌𝐚𝟟𝟳 hoki banget, main sedikit udah jepe"
0,Fortuner cumi2 nya di lewatin dong 😂 15:36
1,pagi-pagi udah senyum-senyum gara-gara semalem main 𝙋𝙐𝙇𝘼𝙐𝙒𝙄𝙉 .
1,"alexis17 , udah denger bikin penasaran"
0,​ @anam1431  Kemakan vt kali bang
0,kerenn bett asli
1,"Sempet ga percaya, eh bener gua maxwin diGa ru da Ho-ki😎🔥"
1,ga ru da ho ki .. member jepe
1,setuju bro gw jg main alexis17 gac0r
0,Cocok ni buat dogeng buat nidurin anak 😅😅😅
0,Yang di tunggu2
0,Berani banget kamu bang. ❤
1,"wede 2 kali , gacir bener sih"
0, @FellexandroRuby  masukin ke timestamp biar komen anda viral wkwk
1,Modal receh lgsng jepe brusan
1,gue udah buktiin alexis 17 tuh kaleng-kaleng
1,emang gak se-reliable alexis17 sih .
1,kesempatan menang 𝐌𝐢𝐘𝐚𝟖𝟖 ! keseruannya bikin nagih !
0,IPKnya ndlosor tapi omongannya selangit hadeuhhhh
0,9:41 gasss mass zikooo kaya menjadi hall yang baruu dan seruu
1,"gaes , ragu 𝘼𝙇𝙀𝙓𝙄𝙎17 , eh taunya nagih ."
0,rata kanan
1,"Anjay keren, di 💞𝘼LEXIS-17💞 bisa main SL🅞T sambil nge-SketchUp."
0,Kok malah bercanda :( serius lho ini :(
1,"seminggu main alexis17 , gue udah ganti laptop !"
0,​ @dawdadadadadad621 karena yg milih tidak paham kak 😢
1,"biar rame , ramein cuan bareng pu lau tujuh tujuh tujuh ."
1,"gue sih percaya aja alexis17 , gak ngecewain ."
1,"Cuma di sini, ⚡⚡ALEXIS17⚡⚡ selalu kasih kejutan seru!"
0,Yang Ngomong ngak Tau apa yang dia Omongin😂🤣😂🤣😂🤣😂🤣
1,Gokil! Tempat paling aman dan asik? 🔥⚡ALEXIS17⚡?🔥
1,kemenangan 𝐏𝐋𝐔𝐓𝐎𝟖𝟖 tuh gak matinya . gak nyangka seru se-serunya !
0,37:15 obrolan bapak2 jam 2 pagi
0,Keren parah nie hp sayang bukan market gw aja 😂
0,Susah ngedislike balik lagi
0,"rumah teman , bermalam"
1,"bro alexis17 ! update sistem nih , gacor anti kalah"
0,Yok bisa bantu dislike untuk Indonesia emas
0,beli j5 prime maksud lu?
0,aku langsung beli bakso 😆
1,9:11 bang jam segitu menang w 𝗪𝗘𝗧𝗢𝗡𝟴𝟴
0,Itu intronya lupa switch kamera ya?? 😅
0,Brziko lebih jauh rapih n enak di lihat..😊😊
1,gue rela ninggalin platform fokus alexis17 .
1,"gacur pol , maen jepe"
1,orang bilang alexis17 tuh life changer banget !
0,semoga di waktu itu partai politik yg sekarang bubar semua..
1,"beneran gampang , hasilnya bikin puas"
0,episode terkocak
0,Yang di idam kan
0,"Lagi otw ni tempat seluler hp,,biasa manjain mata,tapi kagak beli😂"
1,"Siapa yang gak senyum kalau main di P U L A U 7 7 7, cuaan terus.."
0,28:44 eh ada G-WAGON 😁
0,Pembelaan panjang yang berbelit tanpa esensi 😂
0,beli kopi si gas
1,"semangat bosqu , terbaik 𝐒𝐆𝐈𝟖𝟖"
0,"Ziko menyerang skena permotoran, bersiaplahh 😅"
0,Gass bas modifikasi motor💥
0,Bener. Jawabannya ngalor ngidul. Gak menjawab pertanyaan mb nana😢🤧😴
0,Gass banget bangg konten modif motorrrr
1,"PG Soft di mandalika77 , bikin kita berasa kayak bos besar! cuman di situs ini gw pernah dpt scatter hitam asli bro"
1,ga pernah bikin aku kecewa kalo main di mandalika77 game nya bagusmpuatarannya banyak beri aku bonuss memang mantap betull la
0,Pertanyaan konyol 2025
0,Kok nggak upload ya?
0,hustt.. ntar ada bakso loh😊
0,emang mo libas semua hak cipta 😂
1,muncul medsos alexis17 !
1,"Parah banget! 𝘈𝐺𝐔𝑆𝐓𝑂𝙏𝘖bikin candu berat, susah banget buat berhenti!"
1,"makswin , mntp sih situsnya"
1,"d 𝘌 𝐖 𝘈 𝐷 o 𝙍 𝐀bikin detik berharga , rezeki diduga !"
1,emang gak se-profitable alexis17 deh .
0,"Nanti buat lagi,, hp lapis legit. 😂😂😂"
0,nggak salah loh berharap sama org model kayak gini
0,Gawe bis sumber selamat tim Purwokerto cocok kih. Tanpa toilet soale
0,Otw beli kuota
0,Gila hasilnya🔥🔥
0,9:26 bangun kph jogja style aja mabg🗿😹
0,Siap menyapu oknum asap hitam aragon
0,sheeshhh📈🔥🔥🔥
0,Modif ninja mas
0,Ada fitur ngeludah gak di youtube?
1,"main pawpaw4d , hoki !"
0,Udah selesai yappingnya ??
1,"Baru sebulan join ALEXIS⭐17⭐, hidup gue berubah total!"
0,okay buzzer
0, @FellexandroRuby  tq om effortnya..
0,Ahok & Kdm
0,bosen kali SEMA nya gitu gitu aja😂
0,Kaya di pondok cabe ini
0,Sama bang. Wajib langsung gas pokoknya.
0,😂😂😂 saya salah satunya
1,"Rezeki nomplok hari ini berkat 𝗕𝗘𝗥𝗞𝗔𝗛𝟵𝟵, alhamdulillah!"
0,Sy sdh dislike malah disembunyikan dislike nya😂
1,"ganas slt λ l e x i s 1 7 , modal narik sejuta om"
0,3 hours of brainrot
1,", 𝘼𝙇𝙀𝙓𝙄𝙎17 , penyelamat genting ."
0,SELESAI!!! ketahuan deh kualitas pemimpin negara itu
1,"njir , gue sih yes 𝘼𝙇𝙀𝙓𝙄𝙎17 . parah ."
0,Pantes 11/100
0,29:08 GILA Cinematik nya😮
0,"Ngomong opo to we gak nyambung blass, ngomong seng genah to pak"
1,05:35 𝗦𝗚𝗜𝟴𝟴 ngadu nasib wkwkw
1,Ahirnya notif YouTube waras✯𝗠𝗮𝗻𝘂𝘁𝟴𝟴✯
0,"gua berhenti nonton di 2:40:39, beneran yapping dan ga ada inti nya"
0,GASS KONTEN MOTORR
1,"mantap , rame banget nih 𝘼𝙇𝙀𝙓𝙄𝙎17 tongkrongan ."
0,kebanyakan di cina juga udh gk pake google
1,MAKASIH YAALAH UDH D KASIH REZEKI DARI P U L A U 7 7 7
0,Jangan baang. Nanti jadi malu maluin dirinya sendiri dan keluarga 😢
0,Edaan nih coolss
0,Editor GD ga pernah gagal👏
1,", ragu 𝘼𝙇𝙀𝙓𝙄𝙎17 , eh taunya nagih ."
0, @muhammadzufar7243  emg jawaban presiden mu ngawur
0,"Sama wkwk, kena genjutsu, bagus sih hasil kameranya, suka aku"
0,Artinya tidak nyambung
1,Tanpa 【✌ 𝑨𝑳𝑬𝑿𝑰𝑺17  ✌】 sudah hampa rasanya.
0,Pak ahok lawan 400 ELO gini nih jadinya
1,seru nich weton88 cair
0,gue mampir cuma karena mau ngucapin penyesalan memilih beliau
0,"Mexico presiden dibeli oleh kartel, di indo?"
0,Sukses selalu utk PO PESONA
0,Ia bang kali2 ngonten modif motor bang ngabers
1,"keren sih 𝗪𝗘𝗧𝗢𝗡𝟴𝟴 , main bentar auto jepe ."
0,Tinggal komporin Om Fitra modif BRZ nya Farrel... V12 😂
1,yg tunggu2 𝐒𝐆𝐈𝟖𝟖
0,Gw langsung otw beli KOPI KAPAL AIR
0,Ngelantur terus pak wowooooo
1,"maen , lgsng gacor parah"
1,"Kayaknya kalo lo belum kenal 𝓟𝓤𝓛𝓐𝓤𝓦𝓘𝓝, lo belum hidup di 2025."
0,​ @Frank-o8h jelek juga lu gak mampu😂😂
1,"pulauwin kaleng-kaleng sih , beneran meledak ."
1,gw udah coba guys 𝐒𝐆𝐈𝟖𝟖 cair mulu
1,"Gacir abis, udh wede berkali-kali"
1,𝗦𝗚𝗜𝟴𝟴 is the best
1,"lo rebahan , gue udah cuan pu lau tujuh tujuh tujuh"
0,"Lah ini dia , ngelantur 😂"
0,My president ❤❤❤
1,"a l e x i s 1 7 tuh emang bener-bener beda sih , rtpnya super"
0,Maaf pak tapi jawaban nya kok kemana mana ya
0,"Titipan dinasti kakak, sejauh ini prestasi nya itu sih 😂😂"
0,"@ waduh mon maap bang, kdm mah mulyono jilid 2 💀💀"
0,Kelilipan kali lu bang 😂
0,Hp 50juta apa masih cari wifi gratisan???
0,ga kebayang rasa cape nya tim GD di kejar waktu
0,"iya bener gak muncul, duh pembohongan publik lagi"
0,kalo type 5 tl udah goreng
1,"gue udah ga bayangin hidup a l e x i s 1 7 , udah mata pencaharian"
1,"kenal alexis17 , hidup gue warna ."
0," @argaviyatayudha21  baru kali ini tidurku lebh nyenyak dawg, presiden kita jago yapping"
1,"biar rame , ramein cuan bareng pu lau tujuh tujuh tujuh ."
1,class bos 𝐒𝐆𝐈𝟖𝟖 gak ribet depo cepat wd lancar
1,gue kemaren pasang ᗷΟᏔ𝒪❼⑦ pro mantul bet
1,orang bilang alexis17 tuh bener-bener ngubah financial .
1,rasakan perbedaannya 𝘋𝘖𝙍a 𝟩𝟳 .
1,gila modal usaha gua bertambah berkat alexis17 .
0,Terimakasih orang baik
0,emang iye 🤣
0,sumpah cakepp benerr
1,"Wah, bener-bener gacir! Coba main sekarang juga, pasti nggak bakal nyesel! D𝑂𝑅𝐴𝟩𝟽"
0,obrolan diatas jam 2 malam
0,"bang udah bang,"
0,ya ndak tau kok tanya saya
0,Woii Buzzer  pada kemana ini ? Bos lu ga di belain 😂
0,Sepenuh hati tulus ikhlas  gw kasih dislike video ini 😅
1,"Gila sih, Tempat paling aman dan asik? 🔥⚡ALEXIS17⚡?🔥"
1,temen gue bilang alexis17 tuh game changer !
0,Spek presiden kalah gara2 agamanya minoritas
0,Antutu aja gak sampe 1 juta😂😂
1,"malam keberuntungan 𝐷𝘖я𝐀𝟳𝟳 , seru banget !"
0,Sobatnya Ahok Si Aguan Jgn Lupa Diundang Juga
0,@muhammadrizkyf151  eeh ada pemuja bibib jijieq..Firza pa kabar
1,pawpaw4d bener-bener membantu orang meraih keberuntungan .
0,"@larchy1324  aman mas, saya juga🙏"
0,anak tersesatt kemana bapak nya ni:face-blue-smiling::face-blue-smiling::face-blue-smiling:
0,jawaban nya bukan hanya mengecewakan tapi mengkhawatirkan
0,Santun bgt om mobi dengan KAMInya
0,Lagi asik ngobrol terus dua duanya ngomel soal main caturnya 😂
1,"𝘼𝙇𝙀𝙓𝙄𝙎17 tuh emang ngerti kebutuhan membernya , kasih bonus surprise"
1,"ertepe-nya banget , nggak nyesel maen"
1,Jangan tunggu lama! Modal kecil bisa jadi besar bareng M𝗮𝘯𝐝𝗮𝑙𝗶𝒌𝐚𝟟𝟳.
1,"Tidak pernah merasa bosan sedikit pun bermain 𝐷𝑂R𝐴77, karena selalu ada inovasi dan kejutan!"
1,"Makswin brusan di Starlight, nggak nyangka"
0,"​ @dororohyakki8001  Belum sampe kok , kurs tengah masih 16.566 😂"
1,05:35 weton88 ngadu nasib wkwkw
0,18:30 pandji mate in 1 di sini wkwk
1,"𝘿О𝘙𝘼7𝟩bikin hidup makin berwarna, cuan gak berhenti!"
0,BUAT YANG INSOMNIA COBA DENGERIN
0,3:05 kayaknya babang David mencoba nyindir si SAMSUNG dah 🤣
0,​ @saktipramana128 lu salah sasar orang bro😂
1,gak khawatir duit kalo udah gabung alexis17 .
0,ngeriiiiii
0,​ @Dilann9 ah daerah ku belum ada
1,Keren banget! ⚡ALEXIS17⚡ selalu kasih kejutan seru!
0,Muter muter😂😂😂
0,Prittt prittt😭😭
1,ga ngerti dah 𝘼𝙇𝙀𝙓𝙄𝙎17 gokil .
0,Omon2 di ksih pertanyaan uud perampasan aset mlah ngelantur kmn2.hadeh
0,Sx GPsport mesinnya buat serapih s15 vr38 ᗩᗷGᗯIᑎ
1,"grafik kece loading super cepat , pawpaw4d !"
0,s2000 time attack sama m4 ijo favorite gw sih🔥
0,bang juragan pecel kapan updet?
0,Kelassssss Mahhhhhhh Iniiiiii
1,"Gokil sih P U L A U 7 7 7, Gacir pol bro!"
0,Ada PingPing keripik singkong. 🍟
1,"ае𝐑𝙊𝟪𝟾benar-benar terunggul , rekomendasikan !"
0,Hati2 ya jgn sampe bang bimo diendorse rumput gbk 😅
1,temen sekamar aja udah main 𝘼𝙇𝙀𝙓𝙄𝙎17 .
1,06:15 mantap jiwa ─═𝗕𝗘𝗥𝗞𝗔𝗛𝟵𝟵 ═─ ! ! !
0,"Keknya hp masa depan, udah bisa sekalian jadi tablet."
0,Mobil Keren banget laaah
0,Bagi handphonenya bang yang redmi  kan banyak handphone lu❤❤❤
0,Bolehkah anak muda jadi presiden ?
0,"""Mana gua engeh pak ahok?"""
0,Kek mobil rally bang
0,Totally Mr omon omon
0,"Body ra payu, desaine tidak semua orang suka 😂"
0,Mas Umurku Lebih Tuwo teko Sampean Tapi Sek Angel Golek Kerjo..
1,"seminggu join alexis17 , gue udah beliin ortu kulkas pintu !"
1,"serius deh , rezeki 𝑲𝑰𝑵𝑮𝟑𝟐𝟖 diundang . penasaran ? coba !"
0,Kalo urusan chipset china masih kalah sama USA ya?
0,00:12 enggak bukan d berita.. tp d om Dhiar 😮😅
0,"Generasi Muda, Bonus Konstitusi 😂"
0,next diesel drift
1,"Mantul banget P U L A U 7 7 7, jepe lagi nih."
1,emang gak se-keren alexis17 sih .
0,Tangga sampe kosong loh itu 😢😢😢
0,Seriusan ini promosi?
0,​ @sunnysun7064 benci sama anies atau gmn ?
1,Ngelag? Enggak! WD? JALAN TERUS! P U L A U 7 7 7 emang top.
1,"alexis17 , tuh emang ngerti kebutuhan membernya , kasih surprise bonus"
0,Jual ginjal ke Kamboja
1,"cobain aja , hasilnya mantap banget"
0,Jujur ga pernah sekecewa ini sama orang
0,Terlalu OP
0,Wapress ngantuk
0,Anis jadi plesiden😂
0,buat yang mau boikot produk amrik boleh dicoba nih😁
1,𝗪𝗘𝗧𝗢𝗡𝟴𝟴 bikin maxwin gampang
1,"alexis'17 gua suka banget main , mudah menangnya"
0,Ko ngga hari jumat
0,​ @fahmi7500 udah dibayar berapa bang? Mau jadi presiden?
1,"alexis17 , tuh emang bener-bener beda sih , rtpnya tertinggi pasaran"
0,Gas 1jt dislike
1,gimana pakainya si 𝘼𝙇𝙀𝙓𝙄𝙎17 ? tenan ?
0,Absenn massss
1,gw demen gas 𝐒𝐆𝐈𝟖𝟖 wkwkwkww seru . sering2 sih mah
1,musik latarnya pas banget suasana . alexis17 suka playlistnya .
1,"berkat 𝐃o𝑅a 𝟳7 melesat , pegawai harian bos usaha ."
0,Kijang kapsul modif hihi😂
0,Apa salah milih psikolog ya pak Prabowo
0,Review request : A90 Supra midnight purple & S15 HKS GTR
1,udh nomor 1 dijegal .
0,"Intinya ""muka tebal"" ya mas😅"
1,gila sih promo nya gk abis2 ̠ 𝘼𝙇𝙀𝙓𝙄𝙎17 .
1,Sukaaa bangettt sama ⭐𝗪𝗘𝗧𝗢𝗡𝟴𝟴
1,duduk dudukk ngopii enak nya itu sambil mainn slt di mandalika77
0,Coba ke pabrik specs bang suport timnas futsal jg
1,"gaes , gak salah pilih deh pake 𝘼𝙇𝙀𝙓𝙄𝙎17 ."
0,Oke gas oke gas nomor 2 Torang gas 😅
0,Bisalah cuman 50 jt-an aja
1,Seperti biasa sehat selalu kang semngat ngonten dan dilancarkan segala urusannya Salam dari 🚩𝗪𝗘𝗧𝗢𝗡𝟴𝟴 ❤
1,"gacor bener , sketer nggak berhenti muncul"
0,Dijadikan rally AP4 kayanya mantap ini... Keren polll...
0,Lebih keren byd dari 180 sx gp sports
1,"mimpi , kemenangan nyata 𝗣 𝗟 𝗨 𝗧 𝗢 𝟴 𝟴"
1,Wow! Main bareng ⚡ALEXIS17⚡ selalu seru!
1,gue sih udah buktiin keajaiban alexis17 .
1,"sebulan main alexis17 , gue udah dp apartemen !"
1,mantap ⋆ 𝒴𝒰𝒦𝟨𝟫 ⋆ sketer gampang banget pokoknya
0,BUBARKAN ORMAS DAN SEJENIS NYAAAAAAA!!!!!
0,Pake paylater belinya 😅
1,terbaik sih gak pelit pelit
0,anis? ow no
1,"Sumpah penasaran, kok pada bahas ⭐ A L E X I S 1 7 ⭐! di kolom komentar?"
0,187.697 orang tercepat
0,"Ngapain bayangin, susah2 amat hiduplu"
0,Sotau wkwkwk user iphone banyak banget di china
0,Yang Like = Buzzer + BOT 😂😂😂😂😂
0,"seneng, keren, berilmu, tp ada ngeri-ngerinya ni Pak Ahok wkwk"
0,Lah bukannya daging semua isinya itu ? 😂
0,Kamu ori?
0,"Wkkwkw gua masih make samsung j5 , buka youtube aja lewat chrom"
0,Servis fleksibelnya mampus ini kalo kena 2 sisi
0,Gassss ziko modif motor💪💪💪
1,orang bilang alexis17 tuh blessing banget !
1,"swert bonanja gacir , wede 5 juta"
0,cakep amat
0,Anis × Ahok = Hasirama × Madara
1,depo wd cepa bangett di 𝙈𝘼𝙉𝘿𝘼𝙇𝙄𝙆𝘼77 cs nyaa fast reaksi bangett jika soalnya kegacoran gkusah di tanyakan lagi langsung saja buktikan sendiri bang
0,cthnya menit berapa?
1,update 𝑨𝑳𝑬𝑿𝑰𝑺17 gokil banget sih .
0,"Ini baru BENERAN INOVASI.
Bukan macam merek US yang..."
0,Pelek nya keren banget ❤
0,24:16 TOK!!! suara Himmer eV spt ngga menjanjikan ketangguhan.
0,Merambah bisnis jualan Sasis 👍👍👍
0,"Paradoks Indonesia, mencelah pilihan sendiri..apa kata dunia😂😂"
1,"𝘼𝙇𝙀𝙓𝙄𝙎17 bikin hidup gue simpel , asli . sumpah !"
1,"keren banget bang , salam jepe 𝗪𝗘𝗧𝗢𝗡𝟴𝟴"
1,"alexis17 tuh penuh kejutan , udah coba ?"
1,"Sungguh luar biasa! ＭΛＮDALIKΛ𝟟𝟟 membuat ketagihan berat, sulit untuk berhenti!"
1,orang bilang alexis17 tuh bener-bener ngubah nasib .
0,baru jdi bannya udh copot 😂
0,MAJU TERUS ERSPRO.....MENYALA..
0,Prabowo sama ahok cocok deh
1,"gue sih ga nyesel gabung 𝘼𝙇𝙀𝙓𝙄𝙎17 , nyesel ga"
0,Nunggu GD Family Drifting Fullteam turun ahh 😅
1,"gue udah ga bayangin hidup a l e x i s 1 7 , udah mata pencaharian"
0,"Saya ingin meninggalkan jejak, 2027 Indonesia Chaos parah, noted!"
1,"D𝑂𝑅𝐴𝟩𝟽 aku cba, lngsg jekpot besar"
1,"gue mikir aplikasi , orang ngomongin pulauwin ?"
0,Tempo kan ngerasa ga butuh... Selalu udah dapet info A1 wkwkwk
0,30:40 sesuai prediksi pasti bakal di review lebih dalam lagi
0,"IP bisa apa?😂

canda bang"
0,Salah apa negeri ini
1,"pesan mah gk takut , 𝐏 𝐋 𝐔 𝐓 𝐎 𝟖 𝟖 terbaik ragu coba"
0,10:10   salfok sama mobil salfok sama mbak mbak nya😂
0,Pak We Pesona X Laksana
1,gak nyesel 𝒉𝒐𝒌𝒊777 langsung banyakk boskuuu
0,"Yapping yang penting ❌
Yang penting yapping ✅"
0,18:30 ini Irene bisa bikin video reaksi tepok jidat sih 😂
0,"YMpun, Bapak prabowo sayang anda kocak ngga ngerti lagi"
1,gw demen gas 𝗪𝗘𝗧𝗢𝗡𝟴𝟴 wkwkwkww seru . sering2 sih mah
1,sukses mandalika77
0,"terimakasih infonya, sangat membantu bagi yang ingin menonton"
0,Di menit 06:43 09:00 14:48 Mobilnya ganteng ...
1,"gua sih udah jadi member VIP ALEXIS-17☯, fasilitasnya gila banget"
0,sayang sekali 50jt belum support 5G
0,info jaketnya dipo yang di conceptmotorsport masih ada gaa ya?
0,24:24 'apa sih' 😂😂😂
1,MANDALIKA-77- menawarkan 2:44 pengalaman daring yang berbeda.
1,"keren sih 𝗪𝗘𝗧𝗢𝗡𝟴𝟴 , main bentar auto jepe ."
0,Pikiren rakyatmu ojo mek omon-omon tok....!!
0,BAGUS BGT.
0,mending ini dr pada yg ngomongin bonus demografi😂😂
1,"gara-gara 𝓟𝓤𝓛𝓐𝓤𝓦𝓘𝓝 , grup wa kantor rame banget ."
0,"Oh ya mobil NISSAN yg lalu apa ya, mgkin GRAND LIVINA"
0, @AnggoroDps_9 buzzer teriak buzzer.
1,"bahas 𝐌𝐢𝐘𝐚𝟖𝟖 , gue ngikut tren aja deh !"
1,"Modal 50k lgsng makswin, GG parah"
1,"Ketagihan main di 𝘋𝐄𝘞𝐀𝐃O𝐑𝘈, gacir terus jepe ga ada lawan"
1,"rezeki nomplok 𝐷𝘖я𝐀𝟳𝟳 , terima kasih !"
0,lebih jelas atau lebih tidak jelas
0,Berasa denger suara mobil NASCAR😂
0,Dari jawabannya udh Tau kita. Trimakasih
0,Tecno phantom ultimae 2 coba bahas bg
0,Aku bukan rakyat yang  58% milih dia dan dislike videonya
0,Emank kau ada uang buat beli...??😊😊😊
0,Torsinya 15.000 Nm 🫣🥶
1,gak skill khusus menang alexis17 .
1,"𝘼𝙇𝙀𝙓𝙄𝙎17 tuh emang ngerti kebutuhan membernya , kasih hadiah"
1,TRENDING #1 GILA LOOOO😭💙 𝙈𝘼𝙉𝘿𝘼𝙇𝙄𝙆𝘼77
0,"Bukan provokasi tapi emag nyata, GAK MUTU, episode SUDAH tapi BELUM😅"
0,Gas sprint rally seru kayaknya wkw
1,Gak perlu pengalaman buat menang di ALEXIS⭐17⭐.
0,"TVS Callisto 125 coba modif bang, kalo merk jejepangan udah biasa 😅"
1,"alexis17 , emang ga matinya , rame jackpot"
1,"terbaik kak , salam 𝐏𝐋𝐔𝐓𝐎𝟖𝟖"
0,Sedih banget anjir mobilnya crashhh😭😭😭😭😭😭😭😭😭
0,"Aku kesal, gimana nih 🥲"
0,3 jam wowok yapping ngalor ngidul
1,nyesel bener baru maen di mandalika77 depo receh bisa wd berkali2. kalo dr dulu ud bisa kebeli tuh vespa matic wekekek HAHAHHAHA
1,epic moment 🎉 𝗪𝗘𝗧𝗢𝗡𝟴𝟴
1,06:30 P U L A U W I N bahaya buat orang ketagihan
0, @abyan266  soalnya video ini aja up selasa kemarin
1,"sehari join alexis17 , gue udah dapet cuan dp rumah !"
0,Omon omon (hidup ijazah palsu ayahnya fufufafa)
0,Apa ini ya kemaren di Semarang Arah Grahawahid kog mirip😂
1,iya bgt yg menang alexis17
1,terima kasih min alexis17 wede 8.000.000 masuk
0,Gibran Satu satunya wapres dengan otak kosong.. Hasil nepotisme😢
1,hadiah 𝘼𝙇𝙀𝙓𝙄𝙎17 gokil2 .
1,Gue rela ninggalin hobi lama demi fokus di ALEXIS⭐17⭐.
1,"maen swert bonanja , sketer terus-terusan"
0,Bukan mobil JDM soalnya
0,​ @asyariiiii kocak lu 😂
1,Lancar lancar bang salam Jepe 𝗪𝗘𝗧𝗢𝗡𝟴𝟴
1,tetangga gue kepo penghasilan alexis17 .
0,Alhamdulillah 🤲 proses puluhan tahun style
0,Mode rally juga masuk ni concept nya
1,"maen lgsng jepek , wede lancar banget"
1,"𝐒𝐆𝐈𝟖𝟖 maen santai aja , tetep wedey jutaan"
0,Bisa gak sih ngasih dislike berkali-kali di video ini? 😅
1,"main cerdas , pilih pu lau tujuh tujuh tujuh cuan !"
1,", ngomongin 𝘼𝙇𝙀𝙓𝙄𝙎17 , ikutan kepo . ?"
1,"alexis17 ! emang ga duanya , pelayanan super kilat , wd lancar"
1,mantap jiwa emang 𝘼𝙇𝙀𝙓𝙄𝙎17 !
1,"ᗩᗷGᗯIᑎ gachor bgt, menang terus"
0,Mnurut gwe gd itu kenblock.a Indonesia
1,hidup cakep ? biarin cuan pu lau tujuh tujuh tujuh bantuin .
0,masih menagih janji 17jt lapangan kerja
0,Beli di shopee bang
1,"seminggu main alexis17 , hidup gue berubah 180 derajat !"
0,Blok dan lol
1,selesai 𝘼𝙇𝙀𝙓𝙄𝙎17
0,plsss jangan kebanyakan since yang ga guna langsung ke intinya aja woi
0,THANK YOUUU KOH!!!
0,LOH PAK??? BUKANNYA UDAH PAKE BUZZER DARI DULU?
0,​ @rezaldiaziz1508 ingat bukan kaum mendang-mending yah ini kiakakakakakak 😂 :D
0,😂 selain menistakan agama juga selingkoh ngembat ajudan sendiri 😅
1,", dapetin info 𝘼𝙇𝙀𝙓𝙄𝙎17 ?"
0,"⁠​⁠ @dimasseto7248 gila pakar ekspresi datang, mangut mangut semua = setuju WKWKWKKW"
0,AHOOOKKKKK❤❤❤
1,"bermain teman-teman 𝐒𝐆𝐈𝟖𝟖 seru asyik , rezekinya !"
1,gak pusing mikirin biaya kuliah kalo udah join alexis17 .
0,buat video full review crosstreknya dong mas dipo
0,@fishybrad  dituduh buzzer Mulu njir 😭
0,18:58 cocok tuh buat puasa nanti
1,"malam beruntung banget main 𝘿e𝘞а𝐃o𝑅𝐴 , hasilnya !"
0,😂😂 biar di bilang kerja
0,Bareng bareng dilaporkan ke youtube aja yuk
1,"coba 𝐒𝐆𝐈𝟖𝟖 , gak ribet ! salam petir x 500"
0,10:29 pasti Lbwk kah?
0,IPK nya berapa bran?
0,rp.5.000 terkumpul . semangat cari sisanya
0,Muka kecuut.sambil senyum ke Luh bos
0,Ganteng Banget❤
1,"kerennn contentnya bang , cari situs 𝗪𝗘𝗧𝗢𝗡𝟴𝟴"
0,Pecinta 2 jz bg ziko
1,gila mandalika77 real gacirnya pantes rame
1,gak khawatir tua kalo udah gabung alexis17 .
0,Cucok gaspooL
0,gw kesini langsung skip video buka kolom komentar 😂😂😂😂
1,"gw kasi kisi2 halus sikit, main la di mandalika77 anak baru nih brani kasi wr tinggi2 wkwkwkwk kita gas biar kapok"
0,Gasss Zikooo main motorrr💪
1,orang bilang alexis17 tuh bener-bener ngubah nasib .
0,kecewa berat. please turunin dia dari kursi presiden :(((
1,"gue sih udah ga move on alexis17 ! , gacor , bikin kecanduan"
0,percuma kita pinter😂😂😂😂😂😂😂🤣🤣🤣🤣🤣🤣🤣 kata dia....
0,​ @AlsimKebunsayur pasti ada antena nya nich 😂
1,"bro tau ga alexis17 , udah support bank e-wallet minimal"
0,enak banget buat pengantar tidur denger bapak ini ngedongeng
0,Lagi di jalan nih mau belii ...iya beli gorengan
0,Ini yang di beli i showw speed itu bukan sih info dong
0,"Paling satisfying pas bongkar, pasang bodykit+pasang livery"
0,ajuin anggaran dulu boss
0,bapak tolong kalo lagi bahas sesuatu jangan kemana2.
0,Mending joget aja pak
0,Harga nya 100jt cok bukan 50jt
0,Jangan pernah mimpi kau jadi presiden kaya bapak kau!!!
0,Ini ga nyambung apa kamu yang ga ngerti 😂😂😂
0,NOOO udahh rusak lagiii😢
1,"gak kecewa main λ l e x i s 1 7 , , slt on fire !"
1,Luar biasa! bang video kamu !! 𝐏𝐑𝐎𝐁𝐄𝐓𝟖𝟓𝟓 terpercaya 5k jadi 1jt
0,Anjinggg lucuuu bngtttt ngakaakkkk
1,"dapet scatter hitam 𝗞 𝗢 𝗜 𝗦 𝗟 𝗢 𝗧 , sald𝙤 langsung bengkak"
0,CITY TIPE Z OM TOLONG REVIEW🙏😁
0,Indonesia semakin parah. Gelap
0,tanpa saya💀
0,Jawaban gini amat ya 😅😅
0,@qadafialmadani4349  what if kalau masih golput?
0,Lagu Garasi Drift morning Jam?? Bukan
1,gue rela ninggalin kerjaan fokus alexis17 .
1,𝗪𝗘𝗧𝗢𝗡𝟴𝟴 bikin ketagihan !
0,Makasih bang buat infonya . Respect 🙏💥
0,"Solusinya terus mana, masalah semua"
0,Kenapa di sini sepi buzzer. Apakah belum ada perintah 😊
0, @lykaqila5244  apa prestasinya?
1,dapet rekomendasi maen diga ruda hoki ghacoorr bgt
0,Haram bg..
0,Makin paham knp negara ini memang butuh orang seperti anies
0,"Aku aja ga berani liat kak, udah nebak dari komen isinya gimana 😅"
0,Coba aja velg nya lebih ke hitam glosy kenya mayan bgus opini aku😅
0,Tim yang gak nonton tapi beli
1,"sebulan main alexis17 , hidup gue berubah total !"
0,bang panjoooo tiket buat jakarta abis😭
1,"Awalnya ragu tapi lama - kelamaan jadi percaya maen s10t di mandalika77 , karena di kasih menang terus menerus.."
1,"swert bonanja makswin , puas banget"
0,That is insane! Nice build!
0,Sukses selalu mas dipo dan team 💙🔥
0,Tak pernah bosen dengerin cerita koh Ahok
0,Bukan gak nangkep.... Gak mau jawab 😂
0,Anaknya kah?
0,Wowo jawaban mu tidurku jadi nyenyak 😂
1,"3 bang , salam jepe 𝐒 𝙂ｉ𝟖 𝟖"
0,MANTAP BG BIMO
1,emang gak se-adil alexis17 deh .
1,hidup lo cerah disinarin cuan pu lau tujuh tujuh tujuh .
1,"hpnya jatuh , auto koma"
1,"Baru maen, lgsng makswin, GG banget"
1,"gue sih udah ga move on alexis17 , , gacor bikin kecanduan"
0,admin judol ya lu😹​ @izurzuhri 
1,buseettt bener
1,"seminggu main alexis17 , gue udah ganti perabotan rumah !"
0,1:00:46 damkar 🤣
0,Di tanyain apa jawabnya apa lu mah 😢
1,ALEXIS-17☯ tuh emang bener-bener ngebantu banget pas gua lagi bokek
1,𝐒𝐆𝐈𝟖𝟖 keren banget
1,𝐃 𝙀 𝙒 a d o 𝙍 𝘼menawarkan pendekatan unik inovatif interaksi daring .
0,Penasaran liat yg dislek 82% ketimbang yg like 😅
0,Pertama kali tau hummer di NFS underground rental ps tahun 2008
1,ga berhenti main 𝘼𝙇𝙀𝙓𝙄𝙎17 .
0,KEK?? KAYA GINI?? PRESIDEN??
0,@rockygerung nonton gk niiihh.
0,"YA ALLAH BEBASKAN PAK PRESIDEN DARI PIKUN, PELUPA DAN PEMALAS..."
0,ini sih kagak bakal ada yang percaya
1,emang gak se-mantep alexis17 deh .
0,bonus pengangguran
0,harga velg nya😢😂😢😢😢
1,gak ngalahin benefit main alexis17 .
0,Gokil.. Mobil drift ter proper.
1,akhirnyaa salam 𝐒𝐆𝐈𝟖𝟖 ! gampang jepe
0,Bsk lanjut
1,seru nich 𝐒𝐆𝐈𝟖𝟖 cair
1,konten ! keren banget menjelaskannya ! main bagus bang 𝗪𝗘𝗧𝗢𝗡𝟴𝟴
0, @rogerhandoyo3298  lebay amat stroberi
1,"auto jepey ! λlexis17 ,"
1,Gua bukan sales tapi emg gokil siGa ru da Ho ki-gacorr der🔥🤣
0,"Tinggal mobil nya farel ini, penasaran bakal kyk gimana hasil nya... 😁"
1,"seneng hari ini, bangun2 kumpulin nyawa main di ＭΛＮDAL!KΛ𝟟𝟟, langsung dikasi pula wekwekwek"
1,"bro , alexis17 ! tuh emang mantep banget , gue udah buktiin"
1,"swert bonanja makswin , puas banget"
1,"terimakasih selalu upload bg, walaupun masih sibuk🎉𝗪𝗘𝗧𝗢𝗡𝟴𝟴"
0,Orang dewasa Mewancarai seorang bayi.
0,Gas konten motor
1,Semangat bang buat konten nya 😊Salam 𝐏𝐑𝐎𝐁𝐄𝐓𝟖𝟓𝟓! gampang Jepe
0,Halah lambemu
0,gajelas ngomongin apa
0,iyain aja dah
0,Jiwa kemiskinan bergetar😂
0,Bukanya itu rx7 bukan punyanya armuh
0,review infinix note 50 pro plus min
1,gimana pakainya si 𝘼𝙇𝙀𝙓𝙄𝙎17 ?
0,"Ya Allah, dosa apa negeri inj😢"
0,Mobil barunya Gus Iqdam
1,tunggu tunggu salam jepe 𝗪𝗘𝗧𝗢𝗡𝟴𝟴
0,Up!!!!
1,"jepey terus di 𝐒𝐆𝐈𝟖𝟖, beneran!"
0,Pengarang handal lu wooo
1,"ｐｕｌａｕｗｉｎ , susah pindah ."
0,"Ini langsung di operasi in operator no cut, ga ada edit after nya"
1,gak skill jago menang alexis17 .
1,terima kasih min alexis17 wede 8.000.000 masuk
0,"Biasa youtube bnyak koment yg bagus2 dn like yg bnyak, ini kebalikan😅"
1,emang gak obatnya sih keseruan alexis17 .
1,"wede aman , petir merah bikin mekswin"
0,Menyala King 🔥🔥
0,One of The Best Episode ❤
1,"gachor banget, main di 𝘋𝐄𝘞𝐀𝐃O𝐑𝘈"
0,Keren banget lo brow..
1,"kepo alexis17 , beruntung !"
1,"gila ! 𝑲𝑰𝑵𝑮𝟑𝟐𝟖 bikin ketagihan parah , susah move on !"
0,Terima kasih bang🙏
0,modifikasi motor waktu bulan puasa jadi asik tu @garasi drift
0,​ @Dilann9  daerah ku belum ada
0,Kok sama.. 😂. Tapi data dislikenya tdk muncul we...
0,Bismillah nabung buat belinya
0,Ngeri spek nya
0,Presiden kocak
1,blh coba alexis17
0,Bisa gak ya? Di ganti mesin konfensional? 😅
1,𝘋𝑂𝑅𝐴𝟽𝟩menawarkan pendekatan unik inovatif interaksi daring .
0, @bukanpemudaormas1340  biggest yapper
0, @SamsulKhoir-w5t  negarawan sejati yang ngelantur brow ✌🏾
0,tinggal nunggu LSX s14 nya mas Dio aja sii
1,Sukses selalu mandalika77
1,Emang gak ada obatnya sih keseruan main ALEXIS⭐17⭐.
0,"Ini yang ku tunggu sejak tadi malam hehehe
Terima kasih"
1,"Baru sehari main ALEXIS⭐17⭐, gue langsung ketagihan!"
1,"3 bang , salam jepe λlexis17 ,"
0," @alkahfzikri7288 harus kita dukung itu, bikin partai isinya orang orang bener aja"
0,Ini kaya s14 amandio tapi bodi brz
1,sipaling mana2 cok alexis 17 hduh
0,patungan tim 😂
0,Terutama paman😂😂
1,Maaf terlambat bang semangat ya Salam 𝐏𝐑𝐎𝐁𝐄𝐓𝟖𝟓𝟓! gampang Jepe
1,"wede 2 juta , prosesnya gampang banget"
0,"lebih ke ""Presiden Prabowo Menjawab dengan Melantur"""
1,"gabung alexis17 sebulan , udah beli tanah !"
0,beli mobil listrik aja asli ntr murah dah
1,А𝐗𝐿𝟳7𝟽 tiap kali maen pasti ada aja WEDEY
0,"Gokil ,keren cok🙌🙌"
0,W ngakak jokes bapak bapak Sheila on 7 dan wkwk
1,"seminggu join alexis17 , gue udah beliin ortu kulkas pintu !"
0,Pingin sumbang di like & nonton komentar daripada denger monolog😂
0,saya terhipnotis presiden sebelumnya. sehingga buta akan kebaikan
0,Knp abang”nya yg lebih dominan ngomong waktu di recaro 😅
0,Mobilnya gus iqdam mantab
1,"njir , denger-denger 𝘼𝙇𝙀𝙓𝙄𝙎17 promo , bener gak sih ? pokoknya ."
0, @robbyzulhaq_rz6725 kurang nyimak lu ngap
0,kacau yaaa hadeuhhh
0,jumlah dislikenya di hilangin......
0,Statement paling gokil ayahnya pak Ahok 1:10:55
1,"𝐀G𝘜𝘚TO𝘛𝘖 aku cba, jepe gede lngsg"
1,"denger-denger 𝘼𝙇𝙀𝙓𝙄𝙎17 promo , bener gak sih ?"
0,Anies Ahok 2029 bisa kali...
0,Baru denger harganya langsung tarik nafas panjang
1,Saya merasa layanan di ρ𝓊𝓵άü777 sangat profesional.
0,Saya sudah dislike. Tp ga muncul angkanya
0,Kabar crosstrek gamana bang?
0,judi=hama dan penghancur semangat orang orang.
0,nmax turbo hedonnn
1,05:77 Penuhi mimpi Anda dengan kemenangan di Pulau 777!
1,Emang gak ada yang se-jujur ALEXIS⭐17⭐ deh.
0,Prabowo itu negarawan sejati brow❤❤❤❤
1,"jepe , emang p͓̽u͓̽l͓̽a͓̽u͓̽7͓̽7͓̽7͓̽ terbaik !"
0,@aansaputra3870  iya bner ibarat nya test the water dlu atau liat sikon
0,Gantengan velg sebelumnya
1,"Dari pertama maen sampe skrg, di АG𝐔𝘚𝙏O𝑇О ga pernah zonk"
0,Gus Idham udah punya .. keren banget ❤❤
0,Mending beli maung daripada beli  macan 😂😂😂
0,Faktor penentunya ad di tangan teman-teman (gibran) wakil presiden
0,Anis-Ahok OKE...✅
0,Jeep wagoner tahun 70an juga baut rodanya ada 8
1,𝕄𝘼 𝑵 𝐔 𝑻 8 8...Gachoor parah geeeeess
0,Bikin konten mtor bg
1,"wede 2 juta , prosesnya gampang banget"
0,mobilnya farel blum ada ya?
1,"malam keberuntungan аg𝙐𝐒tо𝑇𝙊 , seru banget !"
0,bang pandji please part two with ahok😁
1,yang belum rasain maxwin GA RU DA SATU TIGA DELAPAN..Sudah Pasti Jepe💗
0,gibran cari aman itu
0,gassssss aghhhhh like nya yg like seomga kebeli hp 3 lipat👍👍👍jempl dah😊
0,Mantap mas wapres ❤❤❤
1,"pengalaman main pawpaw4d bikin ketagihan , main ."
1,"Cuma mau kasi masukan aja Bang, aku sering main di mandalika77 dan main disini sportif g selalu Rungkad bahkan sering dikasi menang"
1,modal receh lgsng jepe brusan
0,Adiknya giant doraemon… jaiko..
1,makin mantap kawan main di✦𝗠𝗮𝗻𝘂𝘁𝟴𝟴✦
0,hahaha demo-nya dibayar katanya
1,"seminggu main alexis17 , gue udah lunasi kpr !"
1,Disini👉ＭＡＮＤＡＬＩＫＡ７７ membuat saya sanggat senang sekali🎉🎉
0," @mulimuchlis1414  ngomong bahasa elit, padahal cari kerja sulit"
1,rame banget nih 𝘼𝙇𝙀𝙓𝙄𝙎17 tongkrongan .
1,Senang banget dapat rezeki tak terduga dari D𝑂𝑅𝐴𝟩𝟽!
1,Gak kerasa waktu cepet banget lewat kalau udah main di 𝓟𝓤𝓛𝓐𝓤𝓦𝓘𝓝.
1,"Bandar Weton88☀ auto, sultan gacur"
0,WAH KOH RUBY THANK YOU YA KOH
1,"kerennn contentnya bang , cari situs 𝗪𝗘𝗧𝗢𝗡𝟴𝟴"
0,"5:23 saran dari ane suara agak dalem bg
biar sukses terus"
0,Dengan catatan asalkan pemerintah ikut bantu support ya pak
0,gokil ko Ruby wkwkwk makasih sudah meluangkan waktunya✨🙌🏻🙌🏻🙌🏻
0,AKHIRNYAAS CROSSTREKK!!!!!!!
1,situs mantap 𝐏 𝐋 𝐔 𝐓 𝐎 𝟖 𝟖 gampang menangnya
0,​ @MegaruliMega omon² doang kejar koruptor smpe antartika
0,Silap admin juga ngak minta no akun buat bukaan.🥱
0,"Dengki lu, lu siapa ka"
0,@AnggoroDps_9  di menit mna Prabowo jawab langsung to the poin?
1,gak pendidikan menang alexis17 .
0," @DailyInsporation  dikit"" buzzer 😂😂🤣"
0,presiden yapping wkwkwk
1,"bilang , 𝘼𝙇𝙀𝙓𝙄𝙎17 top markotop !"
0,Bau bau world cup sudah tercium🔥
1,Jadilah pemenang selanjutnya dan raih hadiah spektakuler di 𝒑𝒖𝒍𝒂𝒖𝒘𝒊𝒏☝
0,MIGRAIN (MAKE INDONESIA GREAT AGAIN)😂😂😂
1,𝘋𝐄𝘞𝐀𝐃O𝐑𝘈 bikin mekswin makin gampang
0,Style Taktis kayak gini yang diperlukan sebagai Leader Indonesia.
0,ngebantah bang😂
0,Jangan spoiler  biar yang lain bisa penasaran
0,"Oi hok ahok, 2029 lu nyapres dah.
Bakal gua pilih."
0,President yang kurang wkwkwkw
0,gercep banget
0,gokiel loe dip🎉🎉
0,Langsung beli.. Nasi padang 😂
0,scholar mate 😂
0,"31:32 Yg warna merah jngn sampe lepas, sayang ga review. 😢"
0,Awas bang yang komen PP nya ngk ada akun buzer pemerintah
1,"alexis'17 main dikit , saldo langsung byk"
1,"gila , 𝘼𝙇𝙀𝙓𝙄𝙎17 cepet banget prosesnya , salut . pokoknya ?"
1,gue rela ninggalin hobi fokus alexis17 .
1,"temen gue rekomendasiin 𝘼𝙇𝙀𝙓𝙄𝙎17 , mantap ."
0,"Bang bahas Legion y700 .
Yg katanya spek PC"
1,"alexis'17 wedey gede , cma maen bentar"
1,⭐𝘼𝙇𝙀𝙓𝙄𝙎17 tempat tergacor.
0,Bang di suruh nonton ulang sama buzzer 400perak
0,Om mobi masih belum fit ya? Ga banyak perlawanan 😂
0,Sudah saatnya mas ziko 200sx pasang ls hdc(1uz) 😂😂😂😂
0,Tantangan  kami harus  bersabar menanti pergantian wapres sampai 2029😂
0,besok pagi beli ah
0,BWAHAHAHAHA
1,Sangat sulit menemukan tempat seperti Pulⱥ𝖚𝟽𝟽𝟽 dengan kualitas seperti ini.
1,gue rela ninggalin nongkrong fokus alexis17 .
0,Huawei ini tkdn nya apa?
0,Ken block banget asli
0,Sangat Gokil Kawan
0,Aura nya reno bnget😂
1,"gak nyangka sih , se-enjoy p̶u̶l̶a̶u̶w̶i̶n̶ ."
0,"GGwp sih ad,in jud,ol kek tai bisa ada dmn2"
1,"anjay , sih 𝘼𝙇𝙀𝙓𝙄𝙎17 trending gitu ?"
0, @mamamia6512  copast dari AI
0,Obel vs farel .. Harta Vs Tahta 😂😂
1,Pertimbangkan untuk menjelajahi ＭΛＮDALIKΛ𝟟𝟟-jika Anda menghargai inovasi dan kreativitas.
0,"Gas dah buat modif motor, ninja ss atau vario"
1,"skete​r​ be​r​kali-kali , hoki melimpah bos"
1,"rezeki nggak kemana , makasih a.l.e.x.i.s.1.7 !"
0, @Fate-v9f  skor diatas 1 jt diatas 2jt juga ga bakal lu beli breeee 😂😂
0,Indonesia ancur di pimpin beginian
0,"Poin² apa yg lw gasuka, sampein..."
1,"Jika Anda menghargai kualitas dan perhatian terhadap detail, ＭΛＮDALIKΛ𝟟𝟟-mungkin cocok."
0,Langsung beli samsung a16
1,emang gak se-hits alexis17 sih .
0,Hyaaa mobil gus gusan
0,Y kalo dah d kasih motor udh kewajiban promosiin ..
0,Bermanfaat
0,Anak nya om ombi aktif balapan kayak anak e om Fitra dong😂 biar seru
0,Baru kali ini dengerin dialog bisa capek banget
1,orang bilang alexis17 tuh bener-bener dipercaya .
0,ACEH om Mobi lebih berasa test drive nyaa
0,pevs lihat mobil pevs lihat 17:19
0,Jadi mules guah...🤢
1,"gue takut ketinggalan tren pulauwin , orang udah ikutan !"
0,lebih ganteng dari mobil nya ziko mas dipo
0,aku nyari komen yg dukung koq gak nemu2 yaa
0,Bener enak hp yg udah paten gausah tekuk2 . Ribet jg
0,Semangat bang dipo
1,"modal receh makswin , gg sih"
1,"bro alexis17 , turnamen gede nih , hadiahnya apartemen mewah"
0,Langsung beli
0,​ @MuhammadMudayin jurnalisnya sabar bgt pdahal mah gregetan
0,tunggu yg 6 lipat😂
0,"ada harga ada kualitas sih,tapi kalo ini ngerii banget"
1,emang gak se-transparan alexis17 deh .
0,jangan bohong dosaa
0,"Duo pemarah saling menjaga biar gak marah-marah, hahahaha"
1,05:20 ngga tau ─═𝗕𝗘𝗥𝗞𝗔𝗛𝟵𝟵 ═─ si ? tempatnya pemenang
1,"pagi-pagi udah dapet notif wd alexis17 , , mood langsung sebulan"
0,"Jangan, kesian nanti jatohnye."
1,"swert bonanja gacir , wede 5 juta"
0,Mending Mulyono 3 periode kalau jawab gitu. Haha..
0,Dipo full senyum 🎉
0,Gue gak pedulikan apa keyakinan mereka....
0,Tim CLBK aja 😢
1,Lancar lancar bang salam Jepe ⭐𝐒𝐆𝐈𝟖𝟖
0,crosstrex   brz farrel 😢😢😢
0,Mantap Ko Ruby
0,Keinget kenblock
0,Jaecoo J7 aja basisnya dari Tiggo 8 Kok Kecuali J8 yg basisnya Tiggo 9
0,Huawei esia hidayah bagusan mana bang?
0,HP Sultan langsung buang😂
0,"Coba dah, ga berjalan mulus nih kang joget"
0,"JANGAN LUPA BASMI ORMAS DAN TUKANG PARKIR, MAS."
0,Ternyata masih ada yg khilaf kasih like
1,Yang di tunggu tunggu salam Jepe 𝗪𝗘𝗧𝗢𝗡𝟴𝟴
1,coba deh alexis17 dijamin makmur wkwk
0,yakaan?? hebat btt gada yg gebrag meja
1,gak takut penipuan kalo main alexis17 .
0,Emangnya kl demo damai akan di dengar dan dituruti inpirasi rakyat😂😂😂
1,bng coba game zeus x 1000 𝐒𝐆𝐈𝟖𝟖 gampang bet pecah
0,gokillll kapan yahh gua punya mobil kaya garasi drift
1,"bro alexis17 ! ngadain giveaway nih , buruan ikutan deadline"
0,Bagaimana cara lihat jumlah dislike?
1,"gak gagal , weton88"
0,"Biar kelihatan pinter di set begini, kok malah kelihatan gobloknya 😂😂😂😂"
0,"Gila pajaknya,di China 30 juta,masuk di indo jadi 50 juta"
0,dari semua pertanyaan pemred mayoritas tidak terjawab secara on point
0,49:14 ngakak gw liat reaksi bang panji:face-blue-smiling:
0,"Ya kaan.. ya kaan.. 😅😅 
Haddeuh.. ga jelas loe wo"
1,"sebulan main alexis17 , gue udah dp ruko !"
1,"alexis'17 jackpot , gk paham sehokinya"
0,Tos sepuh..kan nu penting joget gemoy dlu😂
0,"Bantahan jg sbg jawaban kan,drpd menghindar"
0,"Kayak honda maestro jaman dulu,semua roda bisa belok 😊"
1,bro tau ga alexis17 ! udah support bank e-wallet
0,"konten macam apa ini, gk jelas fufufafa"
1,cuan emg alexis17 modal 100k jd 4jt
1,"keren banget ! menang 𝐒𝐆𝐈𝟖𝟖 , auto liburan mewah !"
0,KIA = Korean International Automotive
0,Mahal banget 50jt iphone 11 sampai yg 16 aja gak kebeli😭
0,Ya kan pasti ada sambungannya jadi ngga mati 1 layarnya 😂
1,"gak salah emang kata sodara gw, maen MANDALIKA77 hari ini, hasilnya mantep bgt brooo, kapan lagi maen bntaran doang udah dikasi narik banyak gini kwkwkw, makasih MANDALIKA77 paling mantep kamu"
0,​ @angeliart_ di bayar berapa om😂
0,iPhone bisa gini GK🤣kaum Apple yg suka hina android panik
1,"sebulan main alexis17 , gue udah liburan eropa !"
0,Gokilll bang 🔥🔥🔥
0,Coba bayangin sama KDM..
1,! bang video ! ! 𝐒𝐆𝐈𝟖𝟖 terpercaya 5k 1jt
0,minggir miskin jangan nyampah di channel orng
0,masterpiece👌
0,"Kreeeennnnn,,"
0,FUFU FAFAAA ?
0,"Narkoba penyelundupan , mantap"
1,gak modal gede alexis17 .
0,emang konsepnya gitu mas... pure natural... 😬
1,𝘼𝙇𝙀𝙓𝙄𝙎17 sih ? heboh banget ?
1,Jakpot besar bikin aku makin semangat tiap kali main di D𝑂𝑅𝐴𝟩𝟽!
0,"Cuma 50 jt aja kok , iyaa CUMA 😭"
0,Preeeetttt
0,anies terbaik? noooo
0,Episode kali ini ngasih tau kalo bang pandji ga jago main catur 😂
1,"gacir banget, main di 𝐏𝐑𝐎𝐁𝐄𝐓𝟖𝟓𝟓"
0, @bagusutoro9547  lah emg si owo gtu doang bsa nya kan? buzzer 700 perak kah?
1,"pagi-pagi udah senyum ? ya iyalah , cuan pu lau tujuh tujuh tujuh !"
0,Ikut sedih sama mobil baru GD😢
0,Next Anies or KDM untuk perubahan indonesia 🇮🇩
0,Mas kaya mobil reli
0,"👍🏼👍🏼👍🏼👍🏼👍🏼🔥🔥🔥
 .mantefff ooommm  ..😊"
1,Gue rela ninggalin bisnis lama demi fokus di ALEXIS⭐17⭐.
0,Tolong  bikin video review lengkap Volvo xc90
1,𝐀𝐺𝘜S𝘛𝑂𝙏𝘖 cuan mulu!
0,MORENO KONGA !
0,yhaaa kaga nyimak video coba tonton lagi ziko bilang apa soal mesin
0,8:01 Almarhum Ken Block 🔥🔥🔥🔥🔥
1,Pengen hidup makmur? ALEXIS⭐17⭐ jawabannya!
0,@shlevyi7888  eh iya itu..wk
0,Istimevvah 🔥
0,"Berkat nonton yutub Tuan Kecepatan, saya langsung beli besokannya"
0,Bagus ini ketimbang samsung huawei kualitasnya bagus dari dulu
1,"sketer muncul , maen jepek"
1,"Eh kok tiap scroll story IG temen, pasti ada ＰＵＬＡＵＷＩＮ."
0,Huawei emang ga main main soal inovasi
1,temen gue ketagihan alexis17 .
1,"rezeki weton88-bikin hariku bermakna , terima kasih !"
1,"Gates gacor banget, udh jepe 2 kali"
0,"Cuman baca komen, g tertarik liat Isi Video nya...."
0,Pertandingan catur selesai di menit 24:30😅😅😅
1,"lo rebahan , gue udah cuan pu lau tujuh tujuh tujuh"
0,UU aja bs dirubah bang apalagi jumlah like ...emang parah ni fufufafa
0,Awal mula komedi. Lucu banget reaksi Pak Ahok 😂 24:21
0,Ku kira David ya ngatain 😂
0,Honda mobil & motor laku krn harga jual kembali 😆
1,"pagi-pagi udah dapet notif wd alexis17 ! , mood langsung seharian"
1,coba buy spin 20k maxwin kwkwkkw makasih weton88 nyata emng
1,Emang gak ada yang se-fair ALEXIS⭐17⭐ deh.
1,"bermain а𝘎𝙐𝙎𝐓ot𝑂 membuka jalan , tukang jahit pengusaha sukses ."
1,"𝐀G𝘜𝘚TO𝘛𝘖 aku cba maen, malah jekpot gede"
0,Yang di tunggu akhir nya pak ahok
1,temen gue bilang alexis17 tuh bikin nagih !
0,Duit Malaysia....Rm13000...babi....ckup blnja rumah satu tahun
1,"udh 2 kali JP hari ini, mantul banget"
0,Dan sudah hancur mobilnya crash hari ini
0,Wew itu turning radius berapa meter ya 😂
1,alexis17 terbaik dah
1,gw coba alexis17 yg lg viral 100rb 3jt sampe sejam
0,"Goood banget hp nya, punya charger bawaan🎉🎉"
1,Hidup lebih seru di 1:08 𝙈𝘼𝙉𝘿𝘼𝙇𝙄𝙆𝘼77
1,makasih mandalika77 berkah kamu beres 2 pinjol aku sisa 1 lagi ngengngengngeng semangaaat
0,@lockysigarlaki163  kalau g percaya silahkan KROSCEK bro.. Lu keliru bro
0,Ini mah auto trending
0,Iya cuy sama 😂
0,gd emng gk pernah salah anjir kalo modif² mobil keren ❤
1,udah banget menang 𝘼𝙇𝙀𝙓𝙄𝙎17
0,"NAFAS LU AMAN BANG,, ENGAP BANGET NYIMAK NYA"
0,"judul seharusnya ""Presiden Prabowo Tidak Menjawab"""
0,"Sidak jokowi kapan,?? Masak ga berani"
0,setuju mas ridwan di uji sampe aceh... om mobi brani gak? 😅
0,Bisa kalah atau bisa menang?
1,berkembang arhan semangattt ! ! ! ! ! salam 𝐒𝐆𝐈𝟖𝟖 ! gampang jepe
1,"dak nyangka hasilnya , puas banget"
1,the best 𝐒𝐆𝐈𝟖𝟖 byar !
0,kapan iphone bikin fold?
0,Kalo udh jumpa om mobi seru 😂
1,Setiap pengalaman di p͟͟u͟͟l͟͟a͟͟u͟͟777 selalu berkesan.
0,Udh pasti CRF ditinggal sekebon 🗿
0,Beli nokia 😂
0,Duh ngeri2 sedep klo nyenggol mobil battle nya di race nya
1,gak nyesel deh udah kenal alexis17 .
0,Dahsyat GD
0,"Jersey timnas terbaru gokil banget, semoga bisa kebeli"
1,bedanya 𝘼𝙇𝙀𝙓𝙄𝙎17 ya ?
1,adi ketagihan kan kamu seemenjak mengerti permainan  mandalika77  yang untuk saya senang amat sangat bermain disini sebab memang cuan amat sangat permainan ini lain daqri yang lain
0,"judul seharusnya: ""Presiden Prabowo yapping"""
1,"★Mandalika77★, auto win terus!"
1,"modal receh makswin , gg sih"
1,"berkat а𝘎𝙐𝙎𝐓ot𝑂 berubah , pembantu rumah pemilik cleaning service ."
0,"Pertama kali dlm sejarah, Wa Pres jadi bahan Bullian se Indonesia 😅"
0,"Enak ya punya bapak presiden, yang lain cari kerja susah banyak phk.😂"
1,orang bilang alexis17 tuh bener-bener mengubah hidup .
0,Otw jual tanah dlu om😅😂😂
0,Di banned pun amrik ketar ketir masang tarif ampe 40% 😂😂😂
1,𝗪𝗘𝗧𝗢𝗡𝟴𝟴 uhuy !
0,anak muda yang ga mau jalani proses dengan benar dan merusak demokrasi
1,Coba maen diGa ru da Ho ki-malah jepe gua wkwk🥳
0,13:53 ucing orange lewat
0,gila byd bagus banget jadinya
1,gak skill khusus sukses alexis17 .
0, @oxgen3  iya bener kelam kan?
0, @lifeisneverthesame910  7 seater ada tigo 8 phev pea
0,Video yg ditunggu-tunggu 🔥🔥🔥
1,coba langsung ngerti suka
1,"Lagi santai-santai, eh dapet rezeki gede dari D𝑂𝑅𝐴𝟩𝟽. Kalian nggak mau ketinggalan kan?"
0,"`` nggak , belajar '' ramah sombong bener boxer boy i i"
0,Kasian kami rakyat konoha 😂
0,Yg ada bisa mencret n call bapak 😂😂😂
0,Cuci muka jangan lupa pakai sofel
1,"scroll , yuk scroll cuan pu lau tujuh tujuh tujuh ."
0,"Murah lah, listrik"
1,jepe berkah99
1,lsg gicir modal seadanya b​r​o
1,maen santai tapi sering big win
0,Harus buat GD msin kaya ginih gurih suaranya 😊
0,ngikut jejelogy wktu masih sering main game 😂
0,Setelah di hujat erspo kini banjir orderan....😂😂
0,​​ @SulisTyowati-el8kl bagus kawan ku 58% kita berfikir logis bukan sok kritis
1,gak kerasa cepet banget udah main 𝓟𝓤𝓛𝓐𝓤𝓦𝓘𝓝 .
0,review M4 nya dong bang
1,"game-nya gacir , sketer nggak prnh zonk"
0,18:57 bunyi duit duit duit
0,24:33 dan kemudian berdua marah--marah :_Hahaha::_LOL:
1,orang bilang alexis17 tuh blessing banget !
1,", gila , 𝘼𝙇𝙀𝙓𝙄𝙎17 cepet banget prosesnya , salut ."
1,"gila , 𝘼𝙇𝙀𝙓𝙄𝙎17 cepet banget prosesnya , salut . pokoknya ?"
0,Hape rumah
0,"Gokil, keren banget mas Dipo🫵🏻🔥🔥🔥"
0,Tyota supra nya platinum...bodykit nya mantep bgt
1,itu si rijal doyan banget main di ＰＵＬＡＵＷＩＮ. sampe kebeli motor
1,konten ! keren banget menjelaskannya ! main bagus bang 𝗪𝗘𝗧𝗢𝗡𝟴𝟴
0,Harus di bawa ke showcase car sih ini
0,seperti melihat 4 buta megang gajah gtu ya?
0,Ditanya prestasi mlh cerita angan2
1,"semangat bosqu , terbaik 𝗦𝗚𝗜𝟴𝟴"
1,"Sungguh edan! JP yang sangat fantastis dan luar biasa besar di 𝐃𝑂𝐑A7𝟩, kembali memecahkan rekor yang ada!"
1,temen gue bilang alexis17 tuh bikin nagih abis !
0,Udh kolesterol bang?😂
0,"Seharusnya influencer2 yang beli bukan nunggu gratisan,"
1,"berkah rezeki berkat 𝐒𝐆𝐈𝟖𝟖 , puji syukur !"
0,@6G0D_  Ucapan cerminan kualitas dirimu
1,Banyak cerita seru yang gue mulai dari 𝓟𝓤𝓛𝓐𝓤𝓦𝓘𝓝.
1,sehat kang semngat ngonten dilancarkan urusannya salam 𝗪𝗘𝗧𝗢𝗡𝟴𝟴
0,734 orang tercepat 🎉🎉
0,MAJU MAJU BOS BOS 😎
0,kek lebih nyambung ngobrol sama toddler
0,Keyakinan yang membuatnya tidak bisa mencapai titik itu..
0,"Bjir, menit 18.00 bisa skakmat tu pak Ahokk"
1,"serius nanya , 𝘼𝙇𝙀𝙓𝙄𝙎17 beneran sebagus ? fix ?"
0,ada jg mas tow hook yg nempelnya pake lem doang
1,alexis'17 perhatian . lihat ditawarkannya .
1,"Dari modal receh bisa WD jutaan, GG"
0,Polisi perluas ngak perluas juga sama saja mbak nana ku yang cantik😂😂😂
0,Gini amat wapres gw yaa Alloh
1,Saya sangat menghargai bagaimana ρūlΛυ777 melayani penggunanya.
1,"Baru gabung ALEXIS⭐17⭐ sebulan, udah bisa buka usaha!"
0,cerdas & tangguh banget tuh jawab pertanyaan mba najwa 😂😂
1,emng bener kemarin udah coba probet gas ahh 𝐒𝐆𝐈𝟖𝟖 kawan berbuah manis
1,"seminggu join alexis17 , gue udah beliin ortu kompor gas !"
1,"udh wede 3 kali , gacir pol"
0,jersey kiper nya dong bang
1,"modal wede , gacir abis"
0,"Kali ini ngga skip nonton iklan nya,  lebih menghibur baca komennya 😂"
1,"dak nyangka hasilnya , puas banget"
0,​ @hanyanama9308  nice statement sir!
0,itu ratu skak... eh bener pa ahok marah2 wkaskwakawk
0,Pandji KO sama Ahok 24:23
0,"- hm, dari bahas mbg lalu pangan, tiba2 bahas yg lain"
1,"Makswin lagi hari ini, mntp sih situsnya"
1,Luar biasa! bang video kamu !! ⭐𝐒𝐆𝐈𝟖𝟖 terpercaya 5k jadi 1jt
1,ternyata ramai yg main di mandalika77 wkwkwk mmg lebih gampang jp sih
1,"uτang 𝙠elar 𝙜ara-gara maiп ԁi 𝐃o𝑅а𝟽7 , asⅼi gacir 𝙗anget !"
1,bersandar di teras rumah sembari ngopi bermain permainan nyelot di 🅼🅰🅽🅳🅰🅻🅸🅺🅰77 nikmat sekaleh.
1,"main sebentar aja langsung dapet rezeki , keren banget 𝐃𝐸w𝐴𝐷orа !"
1,"Main santai tapi WD Gacir, cuma di P U L A U 7 7 7."
0,AKHIRNYA PAK AHOK 🔥🔥🔥
1,Ges doain ya gw mau coba stop maenGaruda-Ho ki kecanduan bgt gacor nya gw😭
0,Owner apa tuh bang?
0,kayaknya br latihan buat besok bikin video pengunduran diri nih...
1,"gue sih percaya aja alexis17 , buktinya temen gue sultan"
0,Klo mau liat mobilnya di kostrad cipulir
1,𝙈𝘈X 𝟥3สู้ใหม่
0,Gas Jadikan Pesona Semua Maz🤣
0,"NEXT INOVASI HUAWEI
-KEYBOARD LIPET
-MOUSE LIPET 
-STYLUS LIPET"
0,​ @rutsabatbungaaprilia3585  yg komen juga ga nonton 😂😂 emang pengen hujat aja😂😂
1,promo depositnya bikin hoki
1,Semua orang bilang ALEXIS⭐17⭐ tuh bener-bener ngebantu keuangan.
0,Drpd iPhone 14 promax 1 TB 35 juta😂
0,"Bisa2nya  warga jakarta lebih milih Anies waktu PILGUB kmaren,,,😅"
0,bapak nya obel ahmad sahroni kwwkkw
1,а 𝐄 𝑅 𝙊 8 𝟾 emang bener-bener gacor
1,orang bilang alexis17 tuh bener-bener bikin ketagihan .
0,"Lagi belajar baca dengan baik dan benar, alias kosong 🤣🤣"
1,mandalika77 SUPERRRRRR bosku gacir melayang
0,@ wkwk presiden lo itu bang 😹
0,"makanya di ban gms, takut kalah saing"
0,Anak2 abah gak kasih ijin...
1,Gak perlu pusing mikirin duit kalo udah gabung ALEXIS⭐17⭐.
0,Tempo ngga diundang? 🤔
1,gapercaya garuda hoki.gampang menang
0,Sedih crash donk
1,emang gak se-mantep alexis17 deh .
0,Kasihan negri ini. Semoga Tuhan selalu melindungi negri ini
1,"kepo alexis17 , beruntung !"
1,𝗪𝗘𝗧𝗢𝗡𝟴𝟴 bikin ketagihan !
0,ini rakyat yang mana sih yang dia wakilin?
0,Saya masih percaya sama bang panji tolong jangan masuk politik
1,"kalo alexis17 , pusing ?"
0,Harganya Rp. 50.000.000 an aja 😂
0,Masih OTW beli🙆🏻‍♂️
0,Beli ori nya dimana ya
0,"misi pak,
dari kemarin saya belum faham bapak berperan sbg apa."
1,"gates gacor banget , udh jepe 2 kali"
1,gua sales emg gokil siga ru da ho ki-gacorr der
0,sobek lgi ga nih jersey kaya lawan arab
1,Ini 𝓟𝓤𝓛𝓐𝓤𝓦𝓘𝓝 kenapa semua orang bisa tahu sih?
0,Sekali sekali main ke batam
1,"Main sekarang, bawa pulang untung besar bareng M𝗮𝘯𝐝𝗮𝑙𝗶𝘬𝐚𝟟𝟳!"
0,mmmmmmmmmmmmm lagi dilarang komentar😅
0,Arief muhammad di omongin wkwkwk
1,hapuslah itu komen ᑭ ᑌ ᒪ ᗩ ᑌ ᗯ I ᑎ
1,emang gak se-mantep alexis17 deh .
0,Auuuuuuuuuu..... Bisa aja saya 😂😂😂
0,"ke sini karena saya insomnia, kata temenku nnton ini cepet tidur"
0,Niat bangettt syg koehhh
0,Di hina kgk mempan.. dipuji pun kurang pantas😅
1,gue cek notif alexis17 .
1,gue sih yes 𝘼𝙇𝙀𝙓𝙄𝙎17 . banget ?
1,gak pusing mikirin kalo udah join alexis17 .
1,"sehari main alexis17 , gue langsung ketagihan !"
0,Ini serius presiden???
1,berkembang arhan semangattt ! ! ! ! ! salam 𝗪𝗘𝗧𝗢𝗡𝟴𝟴 ! gampang jepe
0,Itu pabrik tempat saya kerja 😅
0,1:02:02 terlalu banyak oknumnya pak
0,Team yg nunggu versi HDC yg 2jt an
0,dulu banyak yg suka jokowi sekarang?
0,Volume kecil 😮
1,🔥ＡＬＥＸＩＳ１７🔥 Bikin auto happy!. Gaskeun!
0,"JUDULNYA MESTI ""BONUS ORANG DALAM"" YA"
1,sehat rezeki 𝐒𝐆𝐈𝟖𝟖
0,tam tim tam tim
1,"Beneran deh, Gak nyangka bisa menang terus di 🔥⚡ALEXIS17⚡?🔥"
0,"Pin komentar om rendem aja,soal banyak banget komen judol nihh"
0,Anis ahok 2029 udh solusi bangsa ini
0,​ @Sp12er  org yg beli hp ini mah gw yakin 100% ga bakalan buat ngegame bang.😂
0,"Disslike, Pause vidio liat komen 😅😂"
1,"terimakasih upload bg , sibuk𝗪𝗘𝗧𝗢𝗡𝟴𝟴"
1,gak pusing mikirin biaya berobat kalo udah join alexis17 .
1,"M𝗮𝘯𝐝𝗮𝑙𝗶𝒌𝐚𝟟𝟳 tiap hari hoki terus, gue sampe bingung"
0,Crosstrek gimana kabar nya stelah crash .. ?
1,emang gak duanya sih alexis17 .
1,tau dapetin cuan gampang ? ya alexis17 !
0,Bismillah jadi direksi pertamina. Biar bisa beli ni hp
0,sangat keren
0,"akhir nya berhasil kebeli, vas bunga nya"
0,2tq(brio) dulu yg pernah ku kerjakan (2017)😊
0,Velg Jf luxsuryy the best walaupun gk di sebut
1,gak skill marketing sukses alexis17 .
0,Apa beda hasil kerja vs nepotisme 🤭
0,Tingal mobilnya farel🎉🎉
1,Gak nyangka bakal nemu tempat segokil 𝓟𝓤𝓛𝓐𝓤𝓦𝓘𝓝.
0,top markotop selalu hadir nonton mas dipo
1,orang bilang alexis17 tuh bener-bener ngebantu finansial .
0,1:48:09 = Supersemar 😅
1,"bro 𝘼𝙇𝙀𝙓𝙄𝙎17 turnamen gede nih , hadiahnya milyaran"
0,Tambahin 2:28:18 anies gak bayar design gaun mas didit
1,"swert bonanja gacir parah , wajib coba sih"
0,"Bang review VIVO X 200 ULTRA, udah rilis itu... 🎉🎉🎉🎉"
1,percaya nggak diga ru da-hoki gacor bgt boss
1,emang gak se-jujur alexis17 deh .
0,Wow saya sangat paham ye guys 😹😹😹😹
1,alexis17 superrrrrr bosku gac0r melayang
0,Iya sama gw juga
0,A marwin raptor nyunda pisan euyy haha resep ieu ngadangu na 😂
0,"Kan ga ada lagi dwifungsi abri, iya kan???"
1,Slide FB naik turun naik turun kok isinya MANDALIKA77 semua... Penasaran cobain depo main bentar aja Ehhh...!!!! malah dapat MAXWINNN....!!!! :
1,tim gercep alexis17 nih !
0,3 jam ngeyapping
0,Ga yakin dia paham apa yg diucapkan..ikutin teks doang kaya beo 🤪
0,Si milea apa kabar nya ko😊
0,Best so far
0,Ada yg namanya gimmick dalam dunia kreator review
0,santai kebo gua blum laku
1,"semangat bosqu , terbaik 𝗪𝗘𝗧𝗢𝗡𝟴𝟴"
0,Sudah nonton full mas
0,Hebat jurnalis gak ngantuk... 😂
1,"main situs segacor 𝐒𝐆𝐈𝟖𝟖 , asli nagih sih"
0,3 jam yang ga berbobot. Kosong melompong.
1,"ꗥ𝙈𝘼𝙉𝙐𝙏88ꗥMimpi besar, berani gagal, bangkit lagi"
0,Ternyata ini jaecoo adik nya giant 😊
1,"WAJIB COBA DI SINI BOS SUPER GACCOOORR YANG TERBARU,COBA PAKE SERVER THAILAND  SERVER LUAR YANG SAYA PAKE RTP NYA DI ATAS 98% TANPA HARUS BUY, PETIR x100 x250 x500 SUDAH PASTI KELUAR, GASSSS LANGSUNG, SEMOGA HOKINYA NULAR YA ABANG CARI GOOGLE M𝗮𝘯𝐝𝗮𝑙𝗶𝒌𝐚𝟟𝟳"
0,"Ngomong yg penting
Yang penting ngomong😂"
0,Avanza gak ada harga diri di belakang Hummer 😅
1,"coba 𝗪𝗘𝗧𝗢𝗡𝟴𝟴 , gak ribet ! salam petir x 500"
1,"Anjay mantep, di 💞𝘼LEXIS-17💞 bisa main SL🅞T sambil nge-Houdini."
0,Sukses mas wapres
1,grafiknya memukau ! game emang top . alexis17 setuju ?
0,"Melihat huawei, apple rasanya jadi sangat tertinggal soal inovasi"
0,Buatkan r34 lalu kirim ke sidrap pls:(
0,18:30 Harusnya dah selesai lu ndjiiiiiiii
1,"gue sih udah ga move on alexis17 , , gacor bikin ketagihan"
1,coba deh alexis17 dijamin makmur wkwk
1,gue rela ninggalin hobi fokus alexis17 .
0,Semua mau di handle mumpung jiwa muda .... Wkwwkkw
0,Pasti di kira suaminya irish bella om jeje 😅
0,Kelass mas dip
1,"sebulan main alexis17 , gue udah dp mobil mewah !"
0,"Berani nya bicara sendiri, dialog dong mas samsul"
0,SERU BANGET NIH EPISODE!
1,"rezeki 𝐴 𝙀 𝐑 𝑂 𝟪 𝟴-bikin hariku bermakna , terima kasih !"
0,"tinggal ganti kaki""jadi mobil relly"
1,"aja gw coba alexis17 semalam , lumayan dpt 2jt"
0,Tim ga pernah skip kalo ada pak hok 😂🖐
1,𝘋𝐄𝘞𝐀𝐃O𝐑𝘈 mekswin ga ada lawan
1,pawpaw4d coba keberuntungan .
1,ga ruda ho ki-gokil banget pecah ga sia sia anjaay
0,mak banteng lebih percaya puan - ahok
1,"seminggu join alexis17 , gue udah beliin ortu tiket umroh !"
0,Masaallah inovasi terus...
0,Lagi otw buat beli
0,Hahahahhah😅😅😅
0,Males banget ngeliatnya
1,"Keren banget! Menang banyak di 𝐒𝐆𝐈𝟖𝟖,auto liburan mewah!"
0,"2:25 Itu kalau salah satu baterai habis, apakah layarnya mati??"
0,Emg udah keluar dari autonetmagz ?
0,Infoin brp dislike nya 😊
1,proses nya cpt bgt gile alexis17
0,Dasar buzzer bayaran 😂
1,"jepey 𝗪𝗘𝗧𝗢𝗡𝟴𝟴 , beneran !"
0,keren gitu oi
1,gak pusing mikirin biaya persalinan kalo udah join alexis17 .
0,editing 💥💥💥💥💥
0,Murah banget
0,Nonton dengan kecepatan 1.25x lebih baik
0,Bocah gk penting 🗿🗿
0,"Terdesak, emosiii emosiii kwkwkw"
0,Oke anda dapat like dan komen..
0,king Ahok is back 🔥
1,seru nich 𝐒𝐆𝐈𝟖𝟖 cair
0,Kdm mahfud jika di pasangkan jadi paketan komplit menurut qu😍😍
1,𝘿𝙊𝑅𝐴𝟩𝟩 bener-𝙗ener g𝐚cor
0,Selalu seru kalo ngobrol sama Pak Ahok
0,koyo ngene iki presiden pilihanmu
1,abis baca review 𝐒𝐆𝐈𝟖𝟖 .
1,berkembang arhan semangattt ! ! ! ! ! salam 𝗦𝗚𝗜𝟴𝟴 ! gampang jepe
1,Emang gak ada yang bisa ngalahin serunya ALEXIS⭐17⭐.
1,Sambut hari dengan antusias di ＭΛＮDALIKΛ𝟟𝟟
1,cuman 𝘼𝙇𝙀𝙓𝙄𝙎17 bikin nagih ! .
0,Kwkwk anyingg
0,di akhir vidio ada nomornya mas
1,"Wede cepet banget, sketer terus-terusan"
1,"Game-nya gacir, tiap maen pasti jepe"
1,gak pusing mikirin cicilan kalo udah join alexis17 .
0,Yang komentar udah kayak paling pinter sedunia ajaa
0,"terima kasih sarannya, baru engeh"
1,Luar biasa! bang video kamu !! ⭐𝗪𝗘𝗧𝗢𝗡𝟴𝟴 terpercaya 5k jadi 1jt
0,Punya farell mna yaa blm jadii😂
0,Lah dia ngegas😂 ga ada yg ga mungkin di politik bang​ @lockysigarlaki163 
0,Sok langsung aja 🔥
1,"yo apik iki , hasil e bikin seneng"
1,"sumpah , serius nanya , 𝘼𝙇𝙀𝙓𝙄𝙎17 beneran sebagus ?"
1,"Cuma di sini, Gak nyangka bisa menang terus di 🔥⚡ALEXIS17⚡?🔥"
1,"Ga nyangka utang bisa lunas maen di 𝐴G𝐔𝘚𝐓𝐎𝙏O, gokil banget"
0,jadi serasa nonton 58 yaaaaaa?
1,bokek ? langsung aja main alexis17 .
0,sepertinya lagi ada ikatan sama yamaha
1,"Rezeki hari ini datang 0:43 terus dari ＭΛＮDALIKΛ𝟟𝟟,senang banget rasanya!"
0,"@AnggoroDps_9  ga ada bang, saya cuma warga sipil"
0,Gw baru aja liat speed review ini😂
1,gak khawatir tua kalo udah gabung alexis17 .
0,"Skip, Anies cara kerjanya diluar prediksi BMKG wkwkwk"
0,"Kapan wapres ini dipecat ,?"
0,Halahhhhhhhhhhhh
1,temen gue bilang alexis17 tuh game changer !
0,"Ya Tuhan, mimpi apa Indonesia.."
0,"Sans 790an yang ngelike, sisanya 2,7 dislike😂"
1,"alexis17 , bikin gue beli rumah cash 3 , modal 200rb"
0,gak cocok di saya bang malah bikin emosi😂
0,Tidak menjawab apa²
1,Jadilah versi terbaik dari dirimu sendiri✪𝗠𝗮𝗻𝘂𝘁𝟴𝟴✪mendoakanmu.
0,"yaps, kalo gasalah lbwk rx7 armuh itu 2/2"
0,10:32 LBWK jelasss😋
1,Buset ⭐𝘼𝙇𝙀𝙓𝙄𝙎17 ternyata semudah itu yah.
1,"kalo gabut , 𝘼𝙇𝙀𝙓𝙄𝙎17 juaranya ."
0,"Saya jg nyari, ko g ada"
0,"Yg ini baru boleh disebut komen, bukan caci maki."
1,"Kapan lagi main di situs segacor 𝐏𝐑𝐎𝐁𝐄𝐓𝟖𝟓𝟓, asli nagih sih"
1,"temen gue sampe bilang hidupnya berubah kenal pulauwin , ya ?"
0,​@gretamarielleni No garantee
1,"seminggu main alexis17 , gue udah bayar cicilan rumah !"
0,Saya ngomongin AI doang
1,"auto aman , skete​r​ se​r​ing nongol"
0,Lexus gada ya skarang
0,tumben mau pake mesin teknologi kuno OHV
1,geloo 𝗪𝗘𝗧𝗢𝗡𝟴𝟴 cair x100
1,"gue sih udah ga move on alexis17 ! , gacor bikin nagih"
0,lebih menarik komentar netizen dari pada video
1,"kenal alexis17 , gue koneksi bisnis ."
0,Log in dulu dong
0,Sedih mendengar jawabn beliau..mempermalukan diri sendiri
1,"Anjay keren, di 💞𝘼LEXIS-17💞 bisa main slot sambil traveling."
0,Pbrikan mobil china yg besar apa aja...?
0,dari komentar2 saya percaya pak probowo gak punya buzzer
0,Vibe ni mobil mendiang Kenblock bgt😢😢
0,Bagaimana cara meludah online ??
0,"sound nya gedein bang , hedset an naik motor ga kedengeran"
1,ALEXIS-17☯ tuh emang udah jadi penghasilan utama gua sekarang
1,"gue sih ga nyesel gabung alexis17 ! , nyesel telat gabung"
0,Mending GIBRAN SILVESTER 2029
0,Mobil ini terasa siap menghantam para pembalap liar🔥🔥🔥🔥🔥🔥
0,Pak Ahok paling terang benderang ❤❤❤
0,Yg dis like kok gak kelihatan jumlah nya?
0,"Efektif gak sih laporin akun2 yg spam judol, capek sendiri gua"
0,hahaha setujuuuu
1,capek bgt nemuin alexis17 trs
0,saya nunggu uu prmpasan aset koruptor
1,"cuan tuh mitos , buktinya pu lau tujuh tujuh tujuh !"
0,tebak '' buah manggis kali
1,"penuh berkah kebahagiaan berkat 𝑺𝑼𝑯𝑼𝟑𝟐𝟖 , rezeki menghampiri permisi !"
1,"𝗪𝗘𝗧𝗢𝗡𝟴𝟴 maen santai aja , tetep wedey jutaan"
1,modal mini langsung jepe mantap
1,sih ya alexis17 bocor
0,AHOOKKK CINTAAKUUUU❤❤❤❤
1,"Kerennn contentnya bang ,cari situs yang benar itu 𝗪𝗘𝗧𝗢𝗡𝟴𝟴"
0,"Terimakasih udah sadar, sekarang buka matam"
1,"main cerdas 𝗣 𝗟 𝗨 𝗧 𝗢 𝟴 𝟴 , hasilnya berbicara"
0,"Jawabnya ""YNTKTS""..."
0,"sedikit bicara banyak isi ❌
banyak bicara gak ada isi ✅"
0,​@rizqiartsklo dulu jual-beli mobil kecil sekarang merambah ke bus udah kyk SubJay😂
0,"Segitu levelnya ya ges yak, siap siap"
0,Panji udah diajarin sama Queen Irene masih lengah aja wkwkwkwk
0,Sudah mulai pada pinter ye
1,2:25 langsung 𝐒𝐆𝐈𝟖𝟖 bang
1,"alexis17 ! emang ga duanya , pelayanan vip member seumur hidup"
0,13:51 Anak macan numpang lewat..
0,Bagian mana?
1,"rezeki melimpah alexis'17 , makasih !"
0,​ @adeirmasari3775 walaupun katanya hanya sekolah SMP ya mas
0,Pasti muak editor nya😂
0,Mobil nya papah racing team wajar aja pol abis
0,"Elegan, warna cerah, beeeuh kelasss"
1,"𝗣 𝗟 𝗨 𝗧 𝗢 𝟴 𝟴 emang beda , main langsung menang gede"
0,​ @asyariiiii WTF dedi mulyadi??? 😂😂😂😂
0,hadirr bos
1,temen gue bilang alexis17 tuh game changer !
0,Jumlah dislike nya disembunyiin yaaahhhhh
0,Mods rata kanan masih butuh endors?
0,Cieee yang pada nungguin costrak 😂
1,Keren euyy mandalika77
1,emang gak obatnya sih keseruan main alexis17 .
0,tajem2 banget
0,Mobilnya keren yang reviuw berkelas ilmunya keren mas sukses terus 👍
1,orang bilang alexis17 tuh bener-bener dipercaya !
0,Kecuali Bu mega
0,"@ They don't get paid enough or not smart enough, easy"
0, @JokoJMC  sblm wawancara nyimeng dlu kali
0,Koplaaaakkk 😂
1,konten ! keren banget menjelaskannya ! main bagus bang 𝗪𝗘𝗧𝗢𝗡𝟴𝟴
1,terima kasi rezekinya 𝐒𝐆𝐈𝟖𝟖
0,Salah milih presiden
0,Bener wkwkwk males dengerin presiden ngang ngong
1,"gw main di mandalika77 sampe bikin 3 akun kirain bakal rungkad salah satu, eh wd mulu wkkwkwk"
0,Itu aja maen slow.. baru opening 3 langkah 😂
0,Keren omkuu
0,aowkwkwk kocak
0, @GinahGinah-l2n oh iya ya🫣
1,9:11 bang jam segitu menang w 𝐒𝐆𝐈𝟖𝟖
0,"BYD, Geely, Chery, ChangAn"
1,serius deh ̠ 𝑨𝑳𝑬𝑿𝑰𝑺17 】 bener gacor ! .
1,"gak gagal , weton88"
0,"Berpendidikan pintar, tegas, berani  cocok ni jd wapres"
0,Kdm - ahok bisa kali
1,"maen Swert Bonanja, sketer terus-terusan"
0,Gas modif motor😋
0,Suported apa suportif sih yg bener??#seriusnanya
0,@qaisardaulay219  money can buy everything 🤣
1,gue rela bolos meeting ikutan event alexis17 .
1,temen gue bilang alexis17 tuh bikin kecanduan !
1,"keluarga gue aja gaptek , ngomongin p͟͟u͟͟l͟͟a͟͟u͟͟w͟͟i͟͟n͟͟ ."
1,emang gak saingannya sih keuntungan main alexis17 .
0,Ini kan anak nya Raja bohong ijazah palsu
0,Patut di tunggu yg non Ev sih 😁
1,"maen siang-siang , lgsng big win"
1,"lancar lancar bang salam jepe λ l e x i s 1 7 ,"
0,Modif motor juga boleh bang
0,Bang Pandji dulu bukannya gak suka sama BTP?
0,Ooooo..... Numpang Jumbo ternyata
1,"kerennn contentnya bang , cari situs 𝐒𝐆𝐈𝟖𝟖"
1,"gue udah ga bayangin hidup alexis17 , , udah sumber nafkah utama"
1,"sebulan main alexis17 , gue udah liburan lombok !"
1,"gak bosan main alexis17 , menang !"
0,Abis dari pacinko lanjut sini
0,Keren lu bang
1,Geloo 𝗪𝗘𝗧𝗢𝗡𝟴𝟴 Cair terus x100
0,Eh lewat jalur busway😂
1,"gue udah ga bayangin hidup alexis17 ! , udah mata pencaharian"
0,Anies ahok the next president and wakil president 🎉
1,"Baru sebulan main ALEXIS⭐17⭐, gue udah bisa liburan ke Labuan Bajo!"
0,Persis kayak pendahulunya
0,"apaan sih, ngomongin siapa? Seberapa banyak?"
1,"swert bonanja gacir banget , mantul"
0, @MrDidifar  cocok hahhaha
1,"menghargai kinerja konsisten , 𝐷о𝐑𝐀 𝟳𝟩-layak dipertimbangkan ."
0,sabar bang ngadepin otang fikiran pendek 😂
0,Otw dulang emas di pedalaman papua😂😂😂 buat beli hp ini
1,"modal maxwin , gila sih gacor abis"
0,25:15 Undo moment🗿🗿
0,"Sedang tren bang NDASMU, bikin liverynya dong bang😂"
1,"Savage parah, di 💞𝘼LEXIS-17💞 bonus welcome-nya bikin melongo."
0,video gua pause
0,Nicetry 👌🏻
0,Kalau bisa wapresnya tukeran sama gubernur jabar
0,bener bener kek dengerin orng halu yapping
1,"mantap jiwa raga main 𝘼x𝘓 7𝟩𝟽 , cuan menerus jeda !"
0,Eh panji itu trik 2 dua tiga langkah yang suka dipake buat push rank 😂
1,Pulau 777: Momen kemenangan tak terlupakan!
0,Inpo bodykit di jual gak bang dipo 😮
0,gimana ndji? keren gk pak Ahok? 😂
0,"Yaaa Ini lahhh, presiden hasil dari ntahhh pilihan siapa"
1,Raih kebahagiaan sejati di M𝗮𝘯𝐝𝗮𝑙𝗶𝒌𝐚𝟟𝟳
1,"alexis17 , tuh emang bener-bener beda , sistemnya transparan"
1,"a l e x i s 1 7 emang top dah , ga bikin kecewa sampe jaman"
1,tau rahasia sukses ? : alexis 17
0,wkwkwkwkwwk lucu banget om
1,gk bosan nya 𝘼𝙇𝙀𝙓𝙄𝙎17
0,"Betul bang., ane ngantuk dengerny"
1,menyala wii di ✦✦M𝐚𝐧𝐮𝐭𝟖𝟖✦✦
0,Ya Alloh...kapan ya sy bisa bawa  pulang unit ini
0,Iya beneran ini 😭
0,Ya gitulah otak kalo udah kena brainrot😂
1,emang gak se-profitable alexis17 .
0,Isinya daging semua❤
0,"Bang Pandji, soundnya Bang"
1,"gak nyangka menang 𝐏 𝐋 𝐔 𝐓 𝐎 𝟖 𝟖 , serasa mimpi siang bolong"
1,jp 𝗣 𝗟 𝗨 𝗧 𝗢 𝟴 𝟴 ! terbaik sih situsnya
1,akari awetnya terbaik
0,Ga usah bahas yg tinggi lo aaja jadi wapres krena bapak lu
1,"𝗞 𝗢 𝗜 𝗦 𝗟 𝗢 𝗧 kasih bukti , janji , seminggu langsung dapet !"
1,"Ok min, lanjut 𝐒𝐆𝐈𝟖𝟖"
0,pake karoseri morodadi keren psti body nya kuat kya tank
1,"Baru seminggu join ALEXIS⭐17⭐, gue udah bisa beliin ortu kulkas dua pintu!"
1,"modal receh makswin , gg sih"
0,wkwkwkwk lucu2
0,KDM AHOK 2029 bisa kali
1,"Game-nya gacor banget, lgsng jepek"
1,"game-nya gacir , maen jepe"
0,Tetap cintai CKD
0,​ @robbyzulhaq_rz6725 nyimak lol dia bilang di chanel pribadi
0,"Di detik 6:24 mas,solutif banget"
0,Beli iphone
1,"menit 20:15 happy banget , hasil 𝐷оrа𝟩𝟳 bikin hariku ceria !"
1,"a l e x i s 1 7 tuh emang bener-bener beda , sistemnya transparan"
1,emang gak obatnya sih sensasi main alexis17 .
1,Semangat bang buat konten nya 😊Salam 𝐒𝐆𝐈𝟖𝟖! gampang Jepe
0,englishtown sih ?
0,Mobil baru beres langsung crash bg
0,Kini indonesia bukan menuju emas lagi. Sudah menjadi masgibran
1,petir 𝐊𝐨𝐢𝐒𝐋𝐎𝐓 dateng pas butuh hiburan !
0,Pajaknya berapa yah klo EV Premium kek gini??
1,keren ! meraih kemenangan di𝐏 𝐋 𝐔 𝐓 𝐎 𝟖 𝟖 langsung berlibur negeri !
1,"gabung 𝘼𝙇𝙀𝙓𝙄𝙎17 seminggu , mobil impian langsung lunas"
0,"the best skakmat, makasih udh ngasih tontonan berkualitas bang pandji"
1,"𝒫𝓊𝓁𝒶𝓊777 emang Gacir, jepe hari ini lagi!"
1,"maen , lgsng makswin , gg banget"
1,"d𝑂𝑅𝐴𝟳𝟩 , auto 𝙢ekswin"
1,orang bilang alexis17 tuh blessing banget !
0,Beli ah..
1,"maen swert bonanja , sketer terus-terusan"
1,✦𝗠𝗮𝗻𝘂𝘁𝟴𝟴✦semoga ada cintanya
1,gak khawatir duit kalo udah gabung alexis17 .
0,Biar lbh quick lg kalo mau gnti ratio 😂
1,"Rezeki yang diberikan 𝘈𝘎𝑈𝙎𝘛𝙊𝐓O-sungguh tiada tara, terima kasih Ya Allah!"
0,Langsung auto beli di alam mimpi😂
1,"penasaran deh 𝘼𝙇𝙀𝙓𝙄𝙎17 , kayaknya seru . sih !"
1,"Ｍandalika𝟳𝟳 aku cba, langsung bawa pulang cuan gede"
1,emang gak se-mantep alexis17 deh .
1,udah coba 𝘼𝙇𝙀𝙓𝙄𝙎17 ? ? !
0,Gak mau Ahokers
1,a.l.e.x.i.s.1.7 emang berbeda
1,anjir mandalika77 situs kesukaan teman gw
0,Emg jawaban apa yg anda inginkan??
1,memang ga salah hanya ✦𝗠𝗮𝗻𝘂𝘁𝟴𝟴✦buat gue gila wede
1,"d 𝐄 𝘞 𝘼 𝘿 𝘖 𝑅 𝘈 sukses , penjual keliling pengusaha kopi ."
0,Dia hanya kontenn kreator.. Wapres hanya di bio link nya😅😅😅
1,"keberuntungan bikin cinta 𝘋𝑂𝑅𝐴𝟽𝟩 , hasilnya !"
1,"Baru sehari join ALEXIS⭐17⭐, gue udah dapet cuan buat DP rumah!"
0,Nyari takjil naik skyline come back kah? 😊
1,gue sih yes kalo diajak main alexis17 .
0,itu teknik menjawab diplomatis
0,Yg viral menit berapa aja
0,"Kalau Narasi berani, wawancara juga tuh pak Gibran Raka buming"
1,modal alexis17 bermanfaat .
0,nunggu video bangun BRZ nya farel
0,"udah susah2 rebranding nama BTP, kesini dibalikin Ahok lg dong😅"
1,"main santai , cuan ! 𝑲𝑰𝑵𝑮𝟑𝟐𝟖 !"
0,basmi judol.
1,"02:30 Rezeki datang terus dari ρüℓAυ777, gokil!"
0,Ga salah nih notif ?
1,"P U L A U 7 7 7 emang seru banget, banyak yang untung disono"
1,Gue rela bolos kuliah demi ikutan event di ALEXIS⭐17⭐.
1,"Grafis 𝘈𝘎𝑈𝙎𝘛𝙊𝐓O keren banget, bikin betah main!"
1,Baru maen langsung mekswin di 𝘋𝐄𝘞𝐀𝐃O𝐑𝘈
1,"maen lgsng jepek , modal aja"
0,Ahok feat Anies 2029 yukk❤
1,"menang berkat pawpaw4d , hoki mudah ."
1,"Cuma di sini, Tempat paling aman dan asik? 🔥⚡ALEXIS17⚡?🔥"
0,"Tim yang nonton doang kaga beli, 😂"
0,Hp yg membuat pemilik iphone meronta ronta.. hahhah
1,"Keren banget! Menang banyak di 𝘈𝘎𝑈𝙎𝘛𝙊𝐓O, auto liburan mewah!"
0, @IsmailAdrian-f2e terus? Ga boleh kritik gitu?
1,mandalika77 Kebanggan rakyat
0,kota sejuta bunga hadir
1,member digar-uda-hoki jepey
0,"Kalo ngedislike nanti di penjara gak
Coba tolong infonya"
0,Coba bang Pandji sama ayahnya Gibran raka buming
0,"@mascar007  konoha bos , kalo jd buzzer yg teliti"
1,alexis17 udah deadline mepet belom ya ? gue lapar nih .
1,gua sales emg gokil siga ru da ho ki-gacorr der
0,Lu yg ga nangkep kali kocak
1,semangat bang konten nya salam 𝐒𝐆𝐈𝟖𝟖 ! gampang jepe
1,main aja gicir te​r​us
0,dialikenya disembunyikan wkwkkwkwkwk
0,​ @m.rakhapa jeco sama chery sama mesinnya phev nya?
1,"bro sibuk sih ? alexis17 , bagi-bagi bonus deposit super gede nih"
0,Masya allah made in china luar biasa
0,"Pemilih ikut""an..yg penting bisa goyang ok gas"
0,Mercy anak gasx gank itu
0,Di bengkel rekanan
1,𝘼𝙇𝙀𝙓𝙄𝙎17 ngertiin kebutuhan gue . beneran .
0,​​ @AnggoroDps_9 emang kritik gabisa ya di luar negri bebas orang mau kritik
1,"gacir banget 𝘿 e 𝐖 𝘈 𝐃 𝐎 r 𝐀 , hoki abis"
0,Pasti anak abah...wkwkkwk
0,"@faa3457-k9l  apa bedanya dengan ente, sama2 maniak ap"
1,temen gue bilang alexis17 tuh bikin nagih abis !
0,Ya Tuhan. Sedih banget denger jawabannya😭😭😭😭😭😭😭😭😭😭😭😭😭😭😭😭😭😭😭😭
0,Presiden terhebat yg dinanti indonesia❤❤❤ 1 usd = rp. 17.000
1,"fix ! λ l e x i s 1 7 , emang beda , bikin member setia !"
0,"Rusaklah mending mundur aja,, maksain jadi presiden"
0,Whh cocok nih buat bangunin orang sahur😅
0,HP lipet 2 gasih?
1,Akhirnya yg di tunggu2😁 𝐒𝐆𝐈𝟖𝟖
0,GM Irene Sukandar udah nangis dari 18:28
0,"​ @angeliart_  busett ini komen ada di mana mana sumpah, buzzer kah?"
1,"hoki gak bohong , udah pakai pawpaw4d !"
0,"1:23:47 ""kok lu ga makan gua? bego banget lu"" 😂😭"
1,kenangan indah pontianak
0, @JokoJMC  dan gw heran kaum 58% tetap muja muja presiden ky gini
0,Ada yg 50 rbuan gak bro 😂😂😂😂😂
1,"rezeki 𝐒𝐆𝐈𝟖𝟖-bikin hariku bermakna , terima kasih !"
1,"ke 3 bang ,salam jepe 𝐒𝐆𝐈𝟖𝟖"
0,Belik cilok depan alfa 5k 🗿👍🏿
0,Tempo ngga di ajak duduk nih?
0,11/100 terlalu banyak
0,Bahas izasah jokowi bang
1,"seketer se​r​ing mampi​r​ , wede aman"
0,RAJA TERAKHIRRR!!!
0,haha bowoktok de tok ..
0,Emang harus sih upload seminggu dua kali btw
0,Do you see what i see? 😢
0, @keannudandossi7613  aduu sorry chrysler mah jeep ya 😅
1,"alexis'17 gua suka banget main , mudah menangnya"
0, @AndhikaSuryaputra413  soalnya prompt ke AI ga ke arah permainan caturnya 😁
0,Buat penjara untuk koruptor di gunung anak krakatau pak presiden.
1,"Jika Anda menghargai komunitas yang solid, A𝙂𝑈S𝘛𝘖𝐓𝘖 mungkin cocok."
1,gila modal usaha gua bertambah berkat alexis17 .
0, @alphacraft1386 hehehe tau iri dan dengki darimana mas? Jangan berprasangka buruk!
1,besar hati amat sangat nemu web mandalika77 ini berlega hati amat sangat lah sehabis demikian lama bermain  baru kali ini selisih gw naik jadi segini brayyy ingin nangis saking senengnya
1,Ghacoorr nya kelewatan sumpah-Ga ru da Ho ki😡
0,Gas bang 🎉🎉🎉
0,Bapalu gay
1,𝐷 𝘖 𝙍 𝐴 𝟽 𝟽 menawarkan pengalaman daring yang berbeda. 😁
0,​ @angeliart_  memang diundang?
1,"happy banget dapet rezeki 𝐷𝑂𝙍𝐀𝟽𝟩 , bener-bener puas !"
1,alexis17 gk kalah hki trus maen
1,"gacu​r​ banget , modal seadanya cuy"
1,"Modal kecil langsung gacir di 𝐃O𝘙𝐀𝟽𝟩, puas banget main di sini!"
1,"lo diem aja dapet cuan , tempatnya pu lau tujuh tujuh tujuh ."
1,𝘈𝙂𝘜s𝘛o𝙏𝙊menawarkan pengalaman daring halus dipoles .
1,"🆄🅻🆄777 , hadiah !"
1,"gue sih percaya aja alexis17 , gak ngecewain ."
0,Boleh banget tuh konten motor nya
0,Anak Bapak sama aja
0,Best ever!
0,"iya yoga buzzer, gausah ngespam juga dong 😹"
1,"cuan gak langit , pu lau tujuh tujuh tujuh !"
0,gasss konten motornyaaa
0,woilah . opening jalan petani . rumah gw
0,Planet venus kembar
0,ini grassroot nonton ini gak ya?
0,Yng ditunggu tunggu damnnnn 💥🙌
1,"jepe , wede lancar banget"
1,Gue rela ninggalin nonton bola demi fokus di ALEXIS⭐17⭐.
0,buset suara nya gileee supercar lewat..
1,"seminggu main alexis17 , gue udah ganti smart tv !"
1,"Main lagi di 𝐀𝙓𝐋77𝟽, siapa tau rezeki datang lagi!"
0,Terimakasih bang
1,"temen-temen gue pindah 𝙋𝙐𝙇𝘼𝙐𝙒𝙄𝙉 , gue ngerti kenapanya ."
0,Di iya iyain biar cpet kelar 😂😂
0," @rizkyanihidayat7110  ngga baiknya seolah2 tau,"
0,bused mewah banget
0,50 juta aja bree 😂
0,kok ngeri2 sedap yaa
1,sukaaa bangettt 𝗪𝗘𝗧𝗢𝗡𝟴𝟴
0,"SKAKMAT TERBAIK, TERKOCAK, TERNGAKAK 🤣🤣🤣"
0,Modif mio sporty bang ziko😍🤩
1,𝗦𝗚𝗜𝟴𝟴 is the best
0,"Bro beliau tidak memiliki jenggot, wkwk(canda)"
1,"ᗩᗷGᗯIᑎ Lunas utang, auto kaya cok"
1,yg tunggu2 𝐒𝐆𝐈𝟖𝟖
1,gak modal gede alexis17 .
0,​@MrSomyaputrakebenaran yang mana gw tanya? 😂😂
0,Gatau juga kak
1,"Habis kesamber petirnya kakek main di  mandalika77  , scatternya gilagilaan..putarannya bagus terus, mantap kali main disini bang."
1,"malam makswin , modal receh"
0,Belum nemu bro. Nanti di part berikutnya kali. Mikir positif aja dlu
1,"swert bonanja gacir , modal jepek"
0,Ilmu mahal 🔥🔥🔥
1,emang gak se-jujur alexis17 deh .
0,Biasalah privilege 🤣🤣
0,"​ @Riko_Syahputra96  ya justru banyak juara, jadi ada sponsor bro"
1,"gа 𝘣oong , dі 𝘿o𝐑𝐀7𝟳 depo k𝘦cil doan𝐠 bis𝙖 mekswin berκali-kali"
1,"coba 𝗦𝗚𝗜𝟴𝟴 , gak ribet ! salam petir x 500"
0,Si gw ga kaliatan jumlah dislikenya😅🙏
1,maen santai big win
0,Dislikenya disembunyikan ya mas wapres😅
0,lebih seru baca komen daripada nonton 3jam wkwkwk
1,"super happy berkat а𝘎𝙐𝙎𝐓ot𝑂 , rezeki melimpah !"
0,gak ngeh pak ahok 7x wkwkwkw
1,"𝘼𝙇𝙀𝙓𝙄𝙎17 bikin hidup gue simpel , asli ."
0,Dislike aja....wapres ga mutu ..kepilih krn ada ordal
0,Emane rek di jual
0,"Si Safri sama si bima suruh pulang dari cina,bikin malu Indonesia ajA"
0,"Ada manfaatnya bang, tidur gue jadi nyenyak 😂."
1,gue sih udah buktiin kehebatan alexis17 .
0,Lah..di undo 😂
0,The best anjir
0,Jiwa pedagang memang🔥🔥
1,"swert bonanja makswin , puas banget"
1,bro alexis 17 event spesial nih rayain ultahnya
0,"""Kembalikan yang kau curi""
Lah pinjaman tanpa bunga dong blok 😂😂😂"
0,AHOK NIH DI HUKUM SAJA MEMPENGARUHI RAKYATNYA INDONESIA
0,Langsung beli ah.....
0,ziko agi bintitan kah
1,"15:30 ✩░▒▓▆▅▃▂▁𝐌𝐀𝐍𝐃𝐀𝐋𝐈𝐊𝐀𝟕𝟕▁▂▃▅▆▓▒░✩   – Menang besar, hadiahnya luar biasa!"
1,suhu cara daftar ALEXIS-17☯ gimana ya?
0,Alhamdulillah🎉
0,Salut gk nutup kolom komen
1,"sketer muncul , auto jepek"
0,"Gak malu kah? 
Gw malu bngt co Indonesia dipimipin kaya gini😢"
1,ꗥ𝙈𝘼𝙉𝙐𝙏88ꗥ merubah kehidupanmu menjadi lebih matang
1,"mantap ! bermain 𝗦𝗚𝗜𝟴𝟴 , rezeki mengalir deras !"
1,gw demen gas 𝐒𝐆𝐈𝟖𝟖 wkwkwkww seru . sering2 sih mah
0,Apakah belinya bisa di dealer Chery Mas Ridwan?
1,"sketer muncul terus, auto jepek"
1,Gk abis pikir masa gk ada yang kenal sama 🪐 𝑨𝑳𝑬𝑿𝑰𝑺17 🪐.
0,Santai kebo gua blum laku
0,Inilah yang di sebut dengan pria punya selera 🔥
1,bro kemana aja nih ? alexis 17 viral tau gak sih
0,komen terlucu dri buzzer 😂​ @IsmailAdrian-f2e 
0,Kayak nonton matematika Harvard
0,18menit 400k 😢
0,Setuju. (butuh meme baru nih)
0,180 Sx pake mesin v8
1,"3 bang , salam jepe 𝗦𝗚𝗜𝟴𝟴"
0,"Wkwkwkwk mobil paling mahal juara 3 , amandio dong"
0,Lanjutin yaa bang gua dukung
0,ASC = Ahmad Sahroni Center 😂
1,0:03 keren coba bang gas 𝐒𝐆𝐈𝟖𝟖
1,Gila ini 𝗣 𝗨 𝗟 𝗔 𝗨 𝗪 𝗜 𝗡 beneran legit 😭
0,Lek jersi njaluk sitok wong ngawi 😩😩😩😩😩🙏😭😭😭😭
0,Auuuuuuuuu
1,"Bener-bener situs terpercaya, recommended"
0,"Ahok gas, anis skip"
1,"aktivitas , ｐｕｌａｕｗｉｎ pelarian asik ."
0,"26:15

HEBAT KAN ?

Ya ga HEBAT(!)😂"
1,"sebulan main alexis17 , gue udah dp mobil mewah !"
1,Apa nama link mandalika77 nya bossku
0,Pendukungnya Anis ya
0,Dapet motor 2.😂
0,Kenapa bukan Ahok-Anis😅
1,Makin makmur dapet dari ꜱQᴜᴀᴅ777
1,Emang gak ada yang se-mantep ALEXIS⭐17⭐ deh.
0,"Memang paling bisa nih wapres kita, tau banget ngolah algoritma"
0,Maino dewe
1,gak salah pilih deh pake 𝘼𝙇𝙀𝙓𝙄𝙎17 . banget .
1,gak pusing mikirin kalo udah join alexis17 .
1,Terkutuk untuk semua bandar jga yg menyesatkan kecuali mandalika77 karna cm dia yg gacir haha
1,coba buy spin 20k maxwin kwkwkkw makasih weton88 nyata emng
0,"Itulah kritik membangun ,,lanjutkan"
0,"Hiburan ku😊, ngemil sambil nonton, nikmat sekali, Alhamdulillah."
0,Ada yang mau beli ginjal?
0,Lah emg udah proper bg🗿🗿
0,Garis ijo : assalamualaikum
0,Ngerti gak apa yg diomongin?
1,"njir , gue sih yes 𝘼𝙇𝙀𝙓𝙄𝙎17 . parah ."
1,"bandar 𝐒𝐆𝐈𝟖𝟖 auto , sultan gacur"
0,Gimana cara minta bapaknya😅
0,Apasih.. org bahas Jersey timnas malah judi.. gak menghormati.
0,"Apa jadi dunia , bisa kiamat, Ahok yess Anies no jualan agama"
0,Gas modif xmax 😅
0,Bang.. Hp Nubia v70 cb review.. Hp d bwh 2 jt
0,Baru cadi langsung crash😭
1,"rezeki alexis17 , makasih keberuntungannya !"
0," @arifhidayat4149  oh kamu tiba tiba buta ya, ada apa"
0,ahok aja no anies
1,serius deh cuman 𝑨𝑳𝑬𝑿𝑰𝑺17 terbaik ! .
1,"09:55 𝐏𝐔𝐋𝐀𝐔𝟕𝟕𝟕  Waktu bermain, waktu menang!"
0,bagus banget emang kaca filem wincos❤❤❤❤
1,skill ulti keren parah ! alexis17 terpukau .
1,Semua temen kantor gue pada kepo sama penghasilan dari ALEXIS⭐17⭐.
0,beli KAPAL API SPECIAL MIX
1,bukan main di sini ʙ𝘜KꀤT 888 selalu jepeee
0,Mobil suami Irish Bella
0,"aku nonton sampe akhir kok bang, dan tekan tombol dislike xixixixi"
0,Sy  ntn krn BTP aja ....
0,"Fiktif, presiden kok ngasal bicara tanpa data😅"
1,"04:20 Rezeki gak ada putusnya, makasi ＰⓤＬＡＵ777."
1,𝘋𝐄𝘞𝐀𝐃O𝐑𝘈 member bru pasti jepe
0,pingin beli  lah buat timnas
1,𝘼𝙇𝙀𝙓𝙄𝙎17 emang beda . bet !
1,orang bilang alexis17 tuh bener-bener bikin nagih .
0,Waswiswus yg penting ngomong
0,"fix k aceh aja om, gas"
0,25:05 dr awal pak Ahok udh bilang 2 ronde 😂
0,24:47 EPISODE SELESAI
0,OS nya gmn?
0,kayak gw lagi ngobrol sama kakek persis jawaban nya ngelantur!!
1,"ragu 𝘼𝙇𝙀𝙓𝙄𝙎17 , eh taunya nagih . ."
0,Lgsg otw MIMPI
1,gue sih ga ragu rekomendasiin 𝘼𝙇𝙀𝙓𝙄𝙎17 temen-temen gue
0,"Need money for porsche, nempel di lamborghini 🗿"
1,✨ 𝗪𝗘𝗧𝗢𝗡𝟴𝟴 ✨
0,BENAR2 KERENN🤟
1,"keberuntungan bikin cinta а𝘎𝙐𝙎𝐓ot𝑂 , hasilnya !"
0,Review Supra MKVnya banggg
1,"bro , lo udah cobain alexis17 ? dijamin nagih abis !"
0,"gile ye  , racing ye"
1,emang gak se-terpercaya alexis17 sih .
0,3 JAM SIA SIAAA!!!
0,Bagusan NOKIA 3310 BANG!!😅😅
0,Kita ngotot ahok jadi presidenpun ga bakal bisa ya?
0,Rasa ferry+remond 😂
1,akhirrrnyaaa bagus konten abang ! ! coba main 𝐒𝐆𝐈𝟖𝟖
0,GOKILLL !!!!
1,"udah paling ciuuaan deh main di  mandalika77 ga mau pindah ke situs lain lagi,karena ini situs uadah kksih aku kmenangan jadi memang beneran udah nyaman bangetttttttt"
0,Akan masa 2jz GD beralih ke Ls hehe
1,𝓟𝓤𝓛𝓐𝓤𝓦𝓘𝓝 sih sebenernya ? segitunya nyebar ?
0,udah di jelasin di awal vidio
0,mending beli mie ayam
1,"sehari join alexis17 , gue udah dapet cuan beli laptop !"
0,Gass modif motor
0,"Ubur2 Ikan lele, rawan kebakar lee"
0,"Manipulasi keputusan MK ❌
Manipulasi permainan catur ✅"
1,gue rela gak hangout temen nabung alexis17 .
0,kok ga muncul dislike nya
1,keberuntungan bikin semangat main alexis17
0,🗣️: dengan harga lima puluh jutaan AJAAA🗿
1,! bang video ! ! 𝐒𝐆𝐈𝟖𝟖 terpercaya 5k 1jt
0,30 menit kelar wkwk😂
0,Capek banget jadi warga KONOHA
0,yea..ga berani tuh ngundang Tempo 😜
0,Bismillah prof.mahfud-ahok
0,gilaaaa ahok respect ❤❤❤
0,hahahahhaha
1,semoga alexis17 sukses amin
1,"gacu​r​ ha​r​i , modal seadanya"
1,"Bandar 𝐒𝐆𝐈𝟖𝟖☀ auto, sultan gacur"
0,"Tetep nonton, walaupun ga ngerti mobil"
1,cuma𝐏 𝐋 𝐔 𝐓 𝐎 𝟖 𝟖 nih langsung ngasih jp . mantap bro
1,iklan judul benar-benar bikin darah .
0,Emang kamu sama gak nyambungnya​ @Andi.Maulana 
0,ini bisa dijadikan tabungan untuk apapun di masa depan
0, @VINCENT-zs7oy  gitu juga boleee 😂
1,gak pusing mikirin biaya sekolah anak kalo udah join alexis17 .
1,pantes rame alexis17 wkwkwkwkwk
0,"Lcd+flexible rawan bang, fix bukan buat kaum mendang mending"
0,patung gasss hayu
0,11% dari 100%
1,"pesan mah gk takut , 𝐏 𝐋 𝐔 𝐓 𝐎 𝟖 𝟖 terbaik ragu coba"
0,Nunggu yang lipet 4 aja deh
1,"𝘈𝘎𝑈𝙎𝘛𝙊𝐓O gua maen santai, saldo lngsung naik gede"
0,9:43 bangun motor ninja aja bang😂
0,Wkwkwkwkwkwk 😂
0,menteri ny banyak orang mulyono
1,Modal sedikit langsung melimpah hasilnya! Main di DОЯ𝐀7𝟩bikin makin semangat!
1,keberhasilan а𝘎𝙐𝙎𝐓ot𝑂 meningkatkan modal usaha signifikan .
0, @benywijaya5521  ngomen diri sendiri
1,🅿️🆄🅻🅰️🆄777 punya fitur paling lengkap
1,gue rela ninggalin nonton bola fokus alexis17 .
1,pantes rame alexis17 wkwkwkwkwk
0,Kayaknya belum ada mobil E-pick up?
1,"kepo alexis17 , beruntung !"
0,episode paling lucu hahha
0,cuman ini orang yg gw percaya bakal bikin indonesia lebih baik
1,gak pusing mikirin biaya sekolah kalo udah join alexis17 .
1,Emang gak ada yang se-seru ALEXIS⭐17⭐ deh.
0,Mahfud MD & Ahok 2029
0,Mana crosstrack kami bng. . . Dh nungguin nih
0,crosstrack beso jumat kan?😢
0,Dimana mang pabrik erspo di bandung ? Bocoranna atuh
0,saya kumpulkan beberapa pakar termasuk pakar korupsi alias koruptor 😂
0,Lbwk lagi bang? Lambonya
1,Gue sih yes terus kalo diajak main ALEXIS⭐17⭐.
0,Presiden Prabowo Bercerita
0,Suaranya mirip lightning McQueen 😂
0,18:30 pak ahok bisa menyudahkan wawancara ini 😂
1,Pelayanan di pułαυ777 sangat cepat dan memuaskan.
1,"seru main а𝐺𝑈s𝑇𝑂𝐓𝑂-bareng teman-teman , asyik !"
0,Redi dijual mesin 2jzgte. 108 biar bisa kyk garasidrift man.
0,"Konsisten menjadi jari tengah untuk lingkungan, tetep boros walau EV"
0,Intinya ya itu....... ........
0,Om Fitra sama lainya bikin film  mobil seru 😂
0,Ini sihh lebih cocok untuk mobil sprint rally sihh😎
0,Ziko kemaren gak ikut event ya
1,"gak ngebosenin sih , gue tetep stay 𝓟𝓤𝓛𝓐𝓤𝓦𝓘𝓝 ."
0,NEW ARMADA R22 CAKEP🎉
1,"sketer muncul , maen jepek"
1,"seminggu join alexis17 , gue udah beliin ortu hp !"
0,Coba diskusi dengan wakil presidenya😂😂😂 jangan lama lama 1 jam ajah😂😂😂
1,"ＭΛＮDALIKΛ𝟟 jekpot terus, pokoknya gk bikin kecewa"
0,Bisa dibilang😂
0,"GM Irene nonton Pandji be like: ""Oon"""
1,"njir , 𝘼𝙇𝙀𝙓𝙄𝙎17 emang daun banget , gila sih ."
1,"game-nya gacor banget , lgsng jepek"
1,"nyimak abang , weton88 cair mulu"
0,Nyuruh orang produktif...dia aja kerja di cariin bapak.
0,Makasih ko rub 🙏
1,"𝘈𝘎𝑈𝙎𝘛𝙊𝐓O bru join lngsg WD, gokil banget!"
1,yaelah ini lagi 04:20 P U L A U W I N muncul
0,​ @rahadiarum7448 menit itu gk bahas transparansi juga bang
0,Muakkk....
0,"Pengetahuan minim?????
Anda lebih hebat gak dari Om Mobi??!"
1,"alexis17 , emang top dah , ga bikin kecewa sampe jaman"
1,26:36 ─═ 𝗕 𝗘 𝗥 𝗞 𝗔 𝗛 𝟵 𝟵 ═─ terus abang abangkuu
1,"kenal alexis17 , gue koneksi bisnis ."
0,Hadir Bang
1,"𝘼𝙇𝙀𝙓𝙄𝙎17 tuh emang bener-bener beda , sistemnya adil"
0,Bagi link untuk beli jersey ori bang
1,"Kerennn contentnya bang ,cari situs yang benar itu 𝐏𝐑𝐎𝐁𝐄𝐓𝟖𝟓𝟓"
0,Aura moreno konga nya kuat bngett
0,semoga p1 mas umbu
0,cara bikin timestamp begini gimana sih
0,Bau bau piala dunia. Kemarin aja di bantai ama iran 3-0
1,"bro alexis17 , ngadain giveaway nih , hadiahnya liburan keliling dunia"
1,"terbaik kak , salam weton88"
0,50jt dapat hp 3.  soalnya 3 lipat 😅
1,"Gila sih, Rasanya gak lengkap sehari tanpa 🔥⚡ALEXIS17⚡?🔥"
1,Aura gicir nya nampak banget guys 𝐁𝐔𝐊𝐈𝐓𝟖𝟖𝟖
1,"λ l e x i s 1 7 , bikin maxwin gampang"
0,"Gpp kak, jogetin aja oke gas oke gas wkoakwoaw"
1,makasi P U L A U W I N udh ngasih rejeki banyak hari ini
0,"outstanding sekali, kasih keras terus pokoknya buat team GD"
0, @mascar007  mas asep mas asep 🙂‍↔
1,gue udah buktiin alexis 17 tuh kaleng-kaleng
1,lancar lancar bang salam jepe 𝗦𝗚𝗜𝟴𝟴
1,"А𝐗𝐿𝟳7𝟽 tiap maen pasti ada aja jackpot, luar biasa"
0,bang review pick up lbwk dong awoakwoakw
1,emang gak se-reliable alexis17 .
1,Gak perlu pendidikan tinggi buat menang di ALEXIS⭐17⭐.
1,"Cuma di sini, ⚡ALEXIS17⚡ emang gak pernah ngecewain!"
0,tau aja lu bang kalo gua lagi otw beli hp ini
1,pengen cepet sukses ? alexis17 solusinya !
0,Undang bu Susi menarik baang
0,0:01 ngidam ngidam ngidam
1,"nyimak abang , weton88 cair mulu"
1,setia aja ̠ 𝑨𝑳𝑬𝑿𝑰𝑺17 .
0,menantang diri sendiri untuk tidak tertawa membaca komen 🙏
1,"а𝘎𝙐𝙎𝐓ot𝑂 emang top notch , highly recommended kalangan !"
0,"Tim yang beli doang, nonton kagak ☝️"
0,langsung beli poco x7 pro
0,boleh tu bang ziko modif motor 9:26
0,Baru sadar mas dipo ada kumisnya hehe 🤣🤣
1,"mekswin mahjong , seru banget"
0,jaka sembung bawa golok kok gak nyambung wo 😂
0,Gass modifikasi motor bang 🙌
1,"cuy , serius nanya , 𝘼𝙇𝙀𝙓𝙄𝙎17 beneran sebagus ?"
0,"​ @hydraplus510 bukti kualitas masyarakat kita, seperti ini, sangat memprihatinkan"
1,ALEXIS-17☯ emang ga main-main soal keamanan data member
1,"makasih mandalika77 seumur umur baru kali ini lihat perkalian merah. wd 3 juta modal 60k,"
1,rezeki d𝐄𝘞𝐀𝘿o𝑅𝘈-bikin senyum lebar . terima kasih !
1,semangat bang konten nya salam 𝗪𝗘𝗧𝗢𝗡𝟴𝟴 ! gampang jepe
1,BETUL88 siap berikan m4x w1n 25 +25
1,"𝘋𝐄𝘞𝐀𝐃O𝐑𝘈, auto mekswin tiap hari"
0,Mimpi apa rakyat kumolonimbus..
0,"Isi kontennya asyik
Isi komennya buzzer semua wkwkwkk"
1,"gacur parah , modal receh makswin"
0,apple punya usa di cina cuman rakit karena biaya produksi murah
0,Sekali sekali bikin motor balap mas
0,11/100 itu terlalu tinggi ternyata.
1,"keren sih 𝐒𝐆𝐈𝟖𝟖 , main bentar auto jepe ."
0,Wwhhyyyy... So awesome.. ❤❤❤❤
1,namanya 𝘼𝙇𝙀𝙓𝙄𝙎17 ? unik banget .
1,"Berkah rezeki hari ini berkat ⭐𝐒𝐆𝐈𝟖𝟖,puji syukur!"
1,mantap baru main udah dikasih menang aja di 𝙈𝗮𝘯𝐝𝘼LIK𝘼7𝟟 modal receh pun wd haha
0,"Mas lauknya apa buat besok, lusa dan seterusnya???"
0,Kalo sama Snapdragon
0,Ditanya a jawabnya b😭👊
0,gas main mio bng
0,Pasang TG nya gimana tuh ?
0,gw kalah taruhan dan dipaksa nonton ini sampai habis😔
1,"Terbaik ❤ memang kak , salam 𝐒𝐆𝐈𝟖𝟖"
1,SUPER SEKALI mandalika77 MANTAP
0,Let's Goooo!!!!
1,mandalika77 ramai nih tmn gw pada maen situ skrg
1,"iseng-iseng main a l e x i s 1 7 , hobi , cuan !"
1,"modal receh , gacor banget sampe makswin"
0,Lexus ada kok cuman dia ikut di booth Toyota
1,"spin , rezeki ! 𝑲𝑰𝑵𝑮𝟑𝟐𝟖 !"
0,Wapres : .....
0,ada 1 yg GK kesebut tuh bang 15:30 🐙🐙
0,"Ngomongnya muter² terus,...tak berbobot😢"
0,harusnya acara selesai itu hihihihi
0,Yeah segmen paporit
0,Ahok Panutanku 👍👍👍
0,Kalo Ahok jadi presiden itu keren kayaknya
0,15:30 ada yg nyelip satu biji...🤔🤔😅
0,​ @mascar007 ya beliau pundak nya pemerintahan ya mikir lah solusinya..😅
0,kali ini saya sangat mengapresiasi orang2 yang ngedislike video ini 🙏
1,"jepe , emang p͓̽u͓̽l͓̽a͓̽u͓̽7͓̽7͓̽7͓̽ terbaik !"
1,░M░░A░░N░░U░░T░░8░░8░  terbaik pokoknya
1,Emang gak ada yang se-recommended ALEXIS⭐17⭐ deh.
1,"terpercaya banget , menang berkat prediksi pawpaw4d ."
0,"Retorika yg tak tau arah nya mau ngapa....dn mengapa,"
0,beli iphone ajee
0,24:25 wkwkwk skak:_LOL:
0,"Presiden Prabowo menjawab ❌
Presiden Prabowo yapping ✅"
1,"65inch aja udah gede bener , jir"
1,"rejeki nambah , nggak nyesel nyobain"
1,sukaaa bangettt 𝐒𝐆𝐈𝟖𝟖
0,gokil si mobilnya...
0,Ketua sedang menantang kuota kami
1,udah gk bosan semenjak mengenal 𝐏 𝐋 𝐔 𝐓 𝐎 𝟖 𝟖 .
1,"alexis'17 gak boong , dsini hoki mulu"
1,Emang gak ada yang se-menguntungkan ALEXIS⭐17⭐.
1,"Rezeki nomplok hari ini datang dari D𝐎RА7𝟽, bener-bener puas banget!"
0, @KaonimeCrack1945  langsung punchline jir wkwkw
0,Bertahan di samsung a6+ ram 4/32 layar retak
1,"berkah rezeki berkat 𝗪𝗘𝗧𝗢𝗡𝟴𝟴 , puji syukur !"
0,Masukkkk pa muchlis😂
1,lancar lancar bang salam jepe 𝗪𝗘𝗧𝗢𝗡𝟴𝟴
1,Sukses slalu mandalika77
0,Masih 1jam upload nih
0,"Fufufafa cuma hapalan, Fufufafa gak paham yang keluar dari mulutnya"
0,"Harusnya bisa, tapi kan sudah ada yang ngatur 🗿 jadi susah"
0,Bagus dipakai talenan portable😅
0,Ga upload hari Jumat sore tuh Kya ada yang aneh😂
1,petir merah gates bikin mekswin
0,"Petani di Bali udah bisa  cepat sukses Pk, ngga butuh kerja keras"
0,"@ siap salah bg ,mungkin bahan s15 blum nemu wkwkwk ,papa masih sibuk"
0,Ziko maen vario aja 👍🦅
1,✯𝙈𝘼𝙉𝙐𝙏88✯ jadi yang paling top lah untuk saat ini
0,make nih orang
0,Ke sini cuma kasih dislike wkwk
1,gila modal usaha gua bertambah berkat alexis17 .
0,3langkah di depan GD
1,"Baru sebulan main ALEXIS⭐17⭐, hidup gue berubah 180 derajat!"
0," @hanifalii23  saya cuma asal tag bang,kflgy"
0,Terus saya harus ngapain ini pak wapres? 😂
1,"gak bosan main alexis17 , menang !"
0,jangan mas kasian nanti keringet dingin
0,Sponsornya bisa ngalahin TV tuu
0,Komen judolnya om tolong di kondisikan
1,gue rela ninggalin platform fokus alexis17 .
0,Jangan lupa sedekah nya bro
0,​ @adangman baru keluar goa atau gmn sih ? Sampe ga tau informasi yg bener. 🤦
1,emang gak se-keren alexis17 sih .
1,"bayangkan ivan motors masukin aston martin one 77 , gokil"
0,Macan Sirkus...:cat-orange-whistling:
0,Kayanya bakal fokus ke mobil dipo sama farrel dulu gk sih?
0,Ahok membuat komen judol pada kaga ngaer 😂
1,hadiah 𝘼𝙇𝙀𝙓𝙄𝙎17 gokil2 .
1,"alexis17 , tuh emang bener-bener ngasih peluang orang sultan dadakan"
0,Kenyang banget ilmu nya 👍👍👍
0,Baby chair????😮😮😮 😅😅😅😅 itu....
1,"kerjaan numpuk bikin mager , butuh semangat alexis17 ."
1,gue sih udah ga heran kalo 𝘼𝙇𝙀𝙓𝙄𝙎17 trending instagram
0,Jagan modif motor bang ga seru masa langsung tamat 🗿
0, @DailyInsporation pertanyaan gua sbnrnya lu mau siapa si presidennya?
1,tim gercep alexis17 nih !
1,Puas Jepiy nya disini-Ga Ruda Ho ki🔥🥰
1,"bro alexis17 ! update sistem nih , gacor anti kalah"
1,main bareng temen p͓̽u͓̽l͓̽a͓̽u͓̽w͓̽i͓̽n͓̽ emang seru .
0,Titipan tapi ga ada kapabilitas 😂😂
0,HP cepet rusak di china sendiri 😂
1,emang gak se-reliable alexis17 .
0,Beli hikmahnya
0,Fix masuk Indonesia....karna perang dagang yg lagi memanas😅
0,15:30 kok ngga disebutin juga itu mas ziko👀
0,Lengkap sudah penderitaan rakyat
0,Ini siapa ya?
1,𝐌𝐢𝐘𝐚𝟖𝟖 bikin gue nunggu petir !
1,░M░░A░░N░░U░░T░░8░░8░  modal receh aja gampaang bangeet jeepe
1,"Jepe terus tiap hari, situs terbaik"
1,"kemenangan hoki , insting . 𝗣 𝗟 𝗨 𝗧 𝗢 𝟴 𝟴 terbaik"
1,busett cerahh banget 𝗦𝗚𝗜𝟴𝟴 encess koinya ngasih mulu
0,1:14:00 jadi wapress gak ada kerjaan?
1,bro kemana aja nih ? alexis 17 viral tau gak sih
0,Coba waktu jaman pak jokowi ada acara seperti ini pasti bagus
0,Ditanya apa jawabanya apa😢. Nggak nyambung 😢
1,"menang 𝘿 𝑂 𝘙 𝘈 7 7 , denger cerita sukses orang !"
0,2029 insya Alloh punya anak 1 + istri 1 bang kalok gua mah
1,"menghargai peningkatan berkelanjutan , 𝐷𝘖я𝐀𝟳𝟳 pilihan ."
1,udah cinta mati kali aku ini ama mandalika77
1,"bermain teman-teman 𝐒𝐆𝐈𝟖𝟖 seru asyik , rezekinya !"
0,Jum'at sore gada video GD baru rasanya ada yg aneh aja gitu 😅
0,Ganjar gausa ikut si
1,"seminggu main alexis17 , gue udah ganti kulkas pintu !"
0,ancrit jauh lebih ganteng ni mobil daripada brziko wkwkwk
1,gak khawatir duit kalo udah gabung alexis17 .
1,"seminggu join alexis17 , gue udah beliin ortu kulkas pintu !"
1,semoga berkah99 nomor !
0,@KingPizzaSuper  apa nya yg ngak paham?
0,terus what should you do pak?
1,Gak perlu pusing mikirin biaya sekolah kalo udah join ALEXIS⭐17⭐.
1,"bermain 𝐷𝘖𝑅𝐀 77 membuka jalan , tukang bakso pemilik restoran ."
0,tergantung konsumen.
0,Gass modif motor kek den dimas
0,"@pisaulipekstikerbatam  jelas gua pinter, lu pinter ga?"
1,Terima kasih 𝘈𝘎𝑈𝙎𝘛𝙊𝐓O! Hari ini menang besar dan bisa buat kebutuhan keluarga.
0,Sponsornya cukup ahmad syahroni
1,Saya suka bagaimana semuanya di pųłąų777 berjalan lancar.
0,"asik banget subaru, jadi pengen wrx wagon"
1,"Sempet ga percaya, eh bener gua maxwin diGa ru da Ho-ki😎🔥"
1,"sebulan main alexis17 , gue udah liburan amerika !"
1,"ertepe-nya banget , nggak nyesel maen"
0,But apa selamatin Garuda weh
0,JURNALIS TEMPO SAMA METRO TV KEMANA? KOK GAK ADA DI AJAK?
0,1:27:01.. AHOK RI 1 ..
1,senang banget dapet rezeki 𝘼h𝘔𝘈𝘋𝘛𝙊𝐓𝐎 !
0,Mirip mobil ralli jir
1,"Tadi malam makswin, modal cuma receh"
0,Lah ternyata di banjaran kab bandung
1,muncul medsos alexis17 !
1,udah daftar sih 𝘼𝙇𝙀𝙓𝙄𝙎17 ramah banget csnya .
1,𝘼 𝑋 𝐿 𝟩 𝟽 𝟳menawarkan pendekatan berbeda interaksi daring .
1,temen gue bilang alexis17 tuh bikin nagih parah !
0,next mobil nya farel kali ya👀👀
1,"𝘈𝘎𝑈𝙎𝘛𝙊𝐓Obikin hari-hari makin berwarna, rezeki tak pernah ingkar janji!"
0,Kesini cuma kasih dislike 😂
1,"alexis'17 gua maen bentar aja , lngsg wedey gede"
1,gak pusing mikirin biaya kuliah anak kalo udah join alexis17 .
0,Yah udah kena damage aja😭
1,proses cepat ? ? ? 𝑨𝑳𝑬𝑿𝑰𝑺17 jagonya say .
0,Itu mobil Mitsubishi apa ya pas yg di parkiran luar lewat?
1,"semangat bosqu , terbaik 𝗪𝗘𝗧𝗢𝗡𝟴𝟴"
1,"gates gacur banget , auto wede"
1,capek bgt nemuin alexis17 trs
0,"Ayolah jangan didislike
Kasihan dia bacanya aja susah 😂"
1,"gila , ngomongin 𝘼𝙇𝙀𝙓𝙄𝙎17 , ikutan kepo ."
0,Gua nonton pengen dapet jawaban malah dengerin orang ngelantur
1,sih ya alexis17 bocor
1,pantes rame alexis17 bnrn jp
0,Lo tau gk arti nipotisme
1,"Cuma di sini, Setia banget sama ⚡ALEXIS17⚡ sejak awal!"
1,epic moment 𝐒𝐆𝐈𝟖𝟖
0,"Apalagi yg UU perampasan aset, malah tidak dijawab dengan beliau😅"
0,Garus beli sih ini wajiiiibbb
1,"Bro 💞𝘼LEXIS-17💞 lagi ada turnamen gede nih, hadiahnya mobil sport"
0,kalau pasang antigoresnya gimana bg
0," @OvanFebrian-f1f  sejauh ini gw gak pernah milih anies ya, jadi gw bukan anak abah"
1,gila ya alexis 17 dimana ashu terpercaya kagak nih
0,presiden Prabowo layak 2 periode justru Gibran yang jadi pro kontra
0,Amazing bro komen anda yg paling menyala
0,Komentar mengocok perut nih😂
0,Sukses apanya 😂
0,sungguh sebuah punchline
1,jepey gmpng banget 𝗪𝗘𝗧𝗢𝗡𝟴𝟴
1,"kenal alexis17 , hidup gue colorful ."
1,orang bilang alexis17 tuh bener-bener legit .
1,"nggak sabar main 𝐴g𝑈s𝐓𝘖𝘛о , rezeki aja !"
1,alexis17 makasih bnrn asik jp aja
0,Tim harga 1&2 jutaan 🙋
0,Oalaa ini hp yg diborong speed kemaren tuh
0,Kan ahok yang bikin anies gajadi diusung PDI
0,"gokil lu bg, sumpah kreen,"
0,"seneng banget nontonnya, lucu banget wkwkwk"
1,konten ! keren banget menjelaskannya ! main bagus bang 𝐒𝐆𝐈𝟖𝟖
1,Tiap hari kayak ada aja keseruan baru di 𝙋𝙐𝙇𝘼𝙐𝙒𝙄𝙉.
0,24:16 vibesnya bapak bapak dipangkalan ojek
1,emang gak se-terpercaya alexis17 sih .
1,"𝘈𝘎𝑈𝙎𝘛𝙊𝐓O gua maen bentar, lngsg jekpot gede"
0,Om d sana ada mobil asemka kah???
0,Pretty much xd
1,bnyk yg puas alexis17 emg bnrn gacor ya slotnya ya
0,Liat dislike gimana.. sy vote😂
0,"Now playing, Slank - Tong Kosong."
1,gak nyesel deh udah kenal alexis17 .
0,mantap masbro.. saya ada dibelakang anda utk mendukung..
1,gua sih udah anggep ALEXIS-17☯ kaya second home aja
0,"Duet ex ESPN FC, mantengin Justin dan Edwin berantem mulu 😭"
1,Akhirnyaa🎉🎉🎉 Salam ⭐𝐒𝐆𝐈𝟖𝟖! gampang Jepe
1,emang gak se-gampang alexis17 kalo dapetin cuan .
0,Suara knalpot motor masuk pas ziko nge review :v
0,Boleh zik bikin konten modif motor xmax soalnya banyak yang pake
1,orang bilang alexis17 tuh blessing banget !
0,"""Mode merakyat"" 😂😂😂"
0, @arjunbaihaqy1744  kalo boleh tau poin apa yang bikin lo milih 02 bro
1,"bro , denger-denger 𝘼𝙇𝙀𝙓𝙄𝙎17 promo , bener gak sih ?"
0,keinget Rx-7 4 Rotor yang pernah di review
1,"bandar 𝗦𝗚𝗜𝟴𝟴 auto , sultan gacur"
0,Ditunggu versi mini gt nya mas dipo
0, @AdeJua-j4l padahal ngak ngomongin anis looh
0,"Jangan lupa hilirisasi , sama belajar dan patuh sama kiyai’"
1,"𝐌𝐢𝐘𝐚𝟖𝟖 gacir parah , kali main langsung langsung sukses !"
1,orang bilang alexis17 tuh bener-bener dipercaya .
1,𝘈𝘎𝑈𝙎𝘛𝙊𝐓O tiap maen pasti ada aja jepe-nya
1,modal lgsng jepek gates
1,auto jepey ! 𝗪𝗘𝗧𝗢𝗡𝟴𝟴
1,suka aston martin sd kali lihat db8 graz
1,emang gak se-transparan alexis17 deh .
0,"Done, Dislike 😊"
0,Hp sampah..Coba az cr review di internet
1,"gue sih udah anggep 𝘼𝙇𝙀𝙓𝙄𝙎17 kaya rumah aja , betah banget atmosfernya"
0,"Baru pakai zfold 6 4bln langsung gigit jari liat ini,.
Edaaaaannn"
1,P𝘂𝗹𝗮𝘂777 selalu bikin penasaran
1,apalagi ini 20:01 ᗩᗷGᗯIᑎ
1,"cs ramah , proses gampang , pokoknya oke"
0,Tontonan tiap tahun
1,alexis17 ! tuh emang bener-bener ngasih peluang orang milyarder
1,"happy banget dapet rezeki 𝐷𝘖я𝐀𝟳𝟳 , bener-bener puas !"
0,Otw beli! Apa itu iphone samsung?
0,Judule sm dg youtube nya si ferry Irwandi
0," @AnggoroDps_9 ga capek balesin komen, bro hahaha"
0,maaf yah typo nya dan terima kasih koreksinya🙏
1,"modal aja untung 𝐏 𝐋 𝐔 𝐓 𝐎 𝟖 𝟖 ,"
1,"gak gagal , weton88"
0,SPG nya Denza cakep buangett! 😘
0,ngebantu banget bang poin2 yg dijabarkan👍
1,semoga rezeki 𝐀g𝙐𝐒𝐓o𝘛o-membawa berkah manfaat umat manusia !
1,"seminggu main alexis17 , gue udah ganti elektronik rumah !"
0,Kalau jatu habis cerita
0,Semoga 02 ga masuk daftar jual.
0,Seriusan ni promo?
1,"Rezeki gak ada putusnya, makasi ＰⓤＬＡＵ777."
1,"Jepe pertama kali maen, auto betah"
0,"Iphone aja dibuat dicina, 😂😂 tesla juga dibuat dicina"
1,"hasil alexis17 , bangga , beralih tukang koran bos warung ."
0,Saya yakin terang
0,0:32 minggir lu miskin 😂
0,mamanya juga mobil kompetitif Broo klo gamau ancur maen kontes aja
0,Apaan sih caper😂
1,"modal receh , lgsng mekswin gg"
0,Ini Wapres yang asli ya..😂😂😂
0,kapan yaa punya mobil
0,Ahok terbaik
1,"Kudu kasih jempol buat ⭐ A L E X I S 1 7 ⭐, top markotop!"
1,𝗕𝗘𝗥𝗞𝗔𝗛𝟵𝟵 emang cuan!
0,kak ireneeeeeeeeee
0,ADA KOBO COY
1,"bener-bener situs terpercaya , recommended"
0,Point nya harus anis yg suci dan sempurna harus jadi presiden begitu?
1,Hadiah berlipat ganda cuman di ⭐𝘼𝙇𝙀𝙓𝙄𝙎17 aja lee.
0,ASLI MERINDING PAS BAGIAN REVEAL MOBIL NYA 😭
1,"ᗩᗷGᗯIᑎ the best, menang terus"
0,sisa livery ajasi ni mobil
1,Gua nyoba Judol maen diGa rudaho-ki gajian gua jdi nambah🙀🔥
0,Babi yapping😂
0,Mas atenx akhir² ini jadi king rivewer motor ngabers😂
0,kalau tidak salah ini mobil sam (captain wakanda) 😂
0,Prabowo makin pea
0,Ditanya apa jawabnya apa… miss the point
0,Si asep ga diajak
0,Habis nonton fery irwandi terus nonton ini..hadehhh
0,Gila keren banget velgnya😍
0,"Ya gak bisa lah, yang bisa kondisiin kita, jgn bahas hal itu solusinya"
0,Biar keren lah makanya langsung build di US mesinnya
1,"sebulan main alexis17 , hidup gue berubah 180 derajat !"
0,Nanti dlu bang 😂
0,46:42 peak
0,"Andai huawei pake android, produsen hp lain pasti terguncang"
1,"seminggu main alexis17 , gue udah ganti kulkas pintu !"
0,"Owh duid bapak nya, kirain hasil keringat sendiri 😅😂"
0,Hahahahq sama
0,Alfito kurang Jaga Atitut
0,𝘽𝙞𝙨𝙢𝙞𝙡𝙡𝙖𝙝 𝙤𝙩𝙬 𝙥𝙞𝙡𝙙𝙪𝙣 2026
1,platform terbaik cuman alexis17
0,这算是中国手机最高工艺了！
0,Inilah namanya support system work together wkwk
0,Di compare pake ultra ultra yang lain..
0,Kenapa mobil2 GD chasis nya ga dipotong2 ganti tubular ya?
1,"bro alexis17 ! ngadain giveaway nih , hadiahnya gadget terbaru"
0,Jangan kan di sahkan di bahas aja tidak😂😂😂😂 gak usaha berharap lebih😊
0,mumet karena omon omon e mbulet
1,"Modal kecil maxwin, gila sih gacor abis"
0,Iya banget lagi
0,Aduhhh gila hasilnya gokil ganteng banget
1,Aku udah daftar mandalika77
0,Link beli dimana😂
0, @Bakul_tempe_brebes  tempo bang
1,Gak perlu pusing mikirin masa depan kalo udah join ALEXIS⭐17⭐.
0,Sponsornya gokil gokill cok
0,Udah ada videonya dari kemaren di konten orang​ @yasrilsaputra 
0,"Tumben kaga test speaker dengan lagu andalan "" Safe and sound """
0,Gass bikin konten motor wkwkwkw
1,"makasih d о 𝑅 𝐴 𝟳 𝟩 , rezeki henti !"
0,"​ @CamatZeus lah ngapain bawa² anak abah 😂 ,"
1,"swert bonanja gacir pol , nggak prnh zonk"
0,24:15 GM Irene Sukandar menangis melihat ini 😅😅
1,"duit abis gara-gara belanja ? tenang , alexis17 ."
1,sih ya alexis17 bocor
0,mampir cuma utk dislike
1,"bro 𝘼𝙇𝙀𝙓𝙄𝙎17 ngadain giveaway nih , hadiahnya iphone 15 pro max"
0,AHOK presiden. Anies menteri pendidikan.
0,"Gemes sm itu masker muka 
Pngn tek copot 😅"
1,gak modal sukses alexis17 .
1,"Alhamdulillah, rezeki nggak kemana! Baru main di ＭΛＮDALIKΛ𝟟𝟟, langsung dapat jakpot besar! Thank you banget!"
0,Kirain fj cruiser😢😢😢
0,"3:26:38
ini kesimpulannya biar hemat kuota"
1,"D𝑂𝑅𝐴𝟩𝟽 gua WD gede, lgnsung plg"
1,keberuntungan bikin semangat main 𝐷оrа𝟩𝟳 !
0,Tim mending beli beras
1,"𝘼𝙇𝙀𝙓𝙄𝙎17 bikin gue sultan singkat , modal"
0, @IsmailAdrian-f2e  dibayar brp blok? buzzer tlol berani bkin negara ancur
0,Mahakarya 🎉🎉🎉
1,emang gak se-seru alexis17 deh .
1,"modal receh wd jutaan , gg"
0,Intonasinya kaga enak ge
0,Coba mobil listrik mas
1,"Kalo nggak coba, nggak bakal tahu! Rezeki bisa datang kapan aja di 𝘋О𝑅A𝟩𝟽!"
1,"depo , mekswin 𝘋 𝐸 𝙒 𝐴 𝐷 о 𝐑 a"
1,"alexis17 , emang ga duanya , pelayanan vip member 24 jam full"
0,Pelanggaran HAM mana paham abusive.
1,Gue rela begadang sampe pagi demi ALEXIS⭐17⭐.
0,ditunggu masakannya bang valentinus resa
0,Akhirnya ga pake btp lagi ya
0,"semangat kak, doakan saya juga bisa nyusul"
0,"gak ada, org baca teks bole nyari dr gugel"
1,"bayar tagihan bikin produktif , tetep produktif kayak alexis17 ."
1,"seminggu join alexis17 , gue udah beliin ortu kompor gas !"
0,Enggak sabar liat maestro Tahir pake Jersey ini 🥳
1,"nyimak abang , 𝐒𝐆𝐈𝟖𝟖 cair mulu"
1,"ＭΛＮDALIKΛ𝟟𝟟 gua bru nyoba, lgnsung hoki deh"
0,Akhirnya gak ada komen judol lagi🎉
0,tinggal nunggu brz nya farrel tampil
1,"a l e x i s 1 7 bikin gue sultan sebulan , modal 100rb"
1,"jepey trs , di𝐒𝐆𝐈𝟖𝟖"
0,Hp lu lipet brp bos? 🗿
0, @maizarindra498  jelasin dong pake nalarmu
0,Cocok buat temenin tidur malam ini 🤣
0,Boleh dishare nggak sih bahan paparan Pak Presiden?
0,Brp ratus ribu udah yg dislike nih so gak kliatan😂
0,ya elah ada judik
0,"Mending bikin video review buku komik, mainan, gadget aja deh mas"
0,ditunggu video full review mobil nya ya...
1,"game-nya gacir , sketer nggak prnh zonk"
1,orang bilang alexis17 tuh bener-bener mengubah hidup .
0,"Klo di FD regulasi nya beadlock itu gaboleh, di ids boleh kah?"
1,"mantap , , gokil sih 𝘼𝙇𝙀𝙓𝙄𝙎17 !"
1,"А𝐗𝐿𝟳7𝟽 aku main iseng, malah jadi seru"
0,Bismillah semoga abis ini ada wapres gibran menjawab
1,sumpah banget benefit 𝘼𝙇𝙀𝙓𝙄𝙎17 .
1,gue cek update terbaru alexis17 .
0,keren parah org indo modifnya
1,emang gak obatnya sih keseruan alexis17 .
0,😂😂😂😂😂😂video apa ini coook
1,"sumpah , gue nama pantai , p͓̽u͓̽l͓̽a͓̽u͓̽w͓̽i͓̽n͓̽ ."
1,gak khawatir tua kalo udah gabung alexis17 .
1,"iseng doang main dе𝑊𝐴𝘿𝘖ra , eh ketagihan ! cuan nih !"
0,Paling ngakak ada suara MINGGIR LU MISKIN 😅😂
0,​ @mascar007  lah jadi harusnya ngapain selain dari kritikan yang kita kasih???
0,"Jeroan masih ke makan, ini sih tulang doang"
1,daftar langsung kasih menang 𝑲𝑰𝑵𝑮𝟑𝟐𝟖
1,bermain di𝐏 𝐋 𝐔 𝐓 𝐎 𝟖 𝟖 uang jajan nggak habis-habis !
0,"enak lah,kerjaan di cariin bapaknya."
1,"Wah, baru denger tentang ⭐ A L E X I S 1 7 ⭐, langsung penasaran dong."
0,89.000 tercepat
0,"Thanks bang, membantu banget komennya"
0,"Waahhh wahh
Kudu bawa prestasi ini mah hahaa🔥🔥🔥"
0, @pramtime  sekadar basa-basi biar dianggap menjunjung tinggi demokrasi
1,"gue sih udah ga heran kalo alexis17 , trending instagram"
1,𝘼𝙇𝙀𝙓𝙄𝙎17 ngertiin kebutuhan gue . sih ?
0,Kita Butuh Orang Dalam Cok 😂
1,"𝘿 e 𝑊 𝘼 d о 𝘙 𝐀benar-benar terunggul , rekomendasikan !"
0,Jadu inget REKLAMASI JAKARTA 😅
1,alhamdulillah aku kena dough В𝒪Ꮤ𝒪𝟩𝟩 250k bobol
1,"jepe 2 kali , wede lancar banget"
1,ngelag ? ! wd ? jalan ! alexis17 emang top .
0,Saya suka hal2 baik atau potential di highlight seperti ini
1,"gacur banget , auto wede"
0,Berarti itu tandanya anda pura2 kaya....hahaha
0,Tidak tau malu!
0,Nama pt nya apa sih itu
0,Bang Lo di cariin Alex noh🗿
0,Lagi nunggu crosstrek
0,ya allah semoga aku punya mobil ini amiin ya allah
1,"gue udah ga bayangin hidup alexis17 ! , udah mata pencaharian"
0,Dua lansia sedang main catur😂😂
0,The power kak Najwa🤍
0,Tetap gayanya kaku walau tetap berupaya egaliter dan demokratis
0,jawaban hasil AI
0,Gilaaaaaa keren parahhh. Menit 19:04
0,Wapres hasil ngrusak konstitusi. Bisa2nya ngmngn bginian ...ngacaa
0,Gassss ziko bikin konten modifikasi motor
0,50jutaan aja ginjalku meronta ronta😂😂😂😂😂
1,"rezeki bikin optimis , alexis17"
1,Lancar lancar bang salam Jepe 𝐏𝐑𝐎𝐁𝐄𝐓𝟖𝟓𝟓
0,Infonya banya lepas lagi ke drif pig
0,nahh bener 1000%..omon²..oke gas²
1,yg db 10 aja kebeli udah db 12 aja
1,"Makin seru  mandalika77  sltnya oke banget bonusnya bikin senang untung melimpah, selalu memberikaan cuan teruss tiap hari nya emang gokil bangett"
1,"Swert Bonanja gacir hari ini, wede 5 juta"
1,"permainan tenang , hasil . salute player 𝗣 𝗟 𝗨 𝗧 𝗢 𝟴 𝟴"
1,"gak masuk akal , pulauwin bikin penasaran ."
0,"ditanya A, jawabannya Z, X, Y"
1,"mantap jiwa main 𝐴𝐇𝘔а𝘿𝑇𝙊𝐓o , rezeki nomplok !"
0,""" Harganya 50jutaan aja """
0,pak ahok duet sama kdm sangar sih indonesia ❤
0,Salfok Editan pas Sticker sponsor Belkote hilang 😭😭
1,"Gates gacor banget, udh jepe 2 kali"
1,sehat kang semngat ngonten dilancarkan urusannya salam 𝐒 𝙂ｉ𝟖 𝟖
1,jepey gmpng banget 𝗪𝗘𝗧𝗢𝗡𝟴𝟴
0,Mantab crazy rizh priok ini mah
0,Bisalah gibran next
1,"bro , alexis17 , tuh emang mantep banget , gue udah buktiin ga bohong"
0,"Yang pake hp iPhone terbaru auto minggir,  minggir lu miskin 😂"
1,"𝐀G𝘜𝘚TO𝘛𝘖 aku WEDEY gede, cma maen bentar"
0,Semoga pak wowo lihat komentar kritis para netizen
1,orang kantor udh join 𝘼𝙇𝙀𝙓𝙄𝙎17
0,next review s15 mesin r35
0,Anjir skakmat terkocak wkwkwkwk. Dimarahin kaga bisa maen sama narsum😂😂😂
0,Mantab Mas Sapto
0,"2:00:23 ga asik banget cameranya unstable, ngeganggu."
0,Ini lah yg bikin amerika ga suka sama huawei 😂😂
1,𝘼𝙇𝙀𝙓𝙄𝙎17 emang beda . !
0,WKWKWK SUPERSMAR
0,"1:38:00 kenapa tiba tiba bahas narkoba pak, kan poin nya bukan disitu 😭"
0,​ @AnggoroDps_9 nahhhh sudah jelas lah ya
0,next wapresnya dong
1,"ＭΛＮDALIKΛ𝟟𝟟 gk ribet, gampang banget dapet hasil gede"
0,Intinya bonus demografi bisa nganggur semua kl tidak ada paman 😂😂
0,Wajarlah.. Bapaknya duitnya ga ada serinya....
1,"𝗕𝗘𝗥𝗞𝗔𝗛𝟵𝟵 bikin kaya beneran, mantap!"
1,"Malam ini keberuntungan besar datang dari 𝘿𝙊𝐑𝐀𝟳𝟽, seru banget!"
1,alexis 17 tuh emang bener-bener ngasih peluang orang
0,Makin sayang ma pa ahok😮
1,"modal receh makswin , gg sih"
0,nunjuk-nujuk terus tuh jari 👆 😂😂😂
0,Aku gak jadi beli
1,gila ya alexis17 dimana ashu terpercaya kagak nih
0,"try playback speed at 2.00, thank me later"
0,29:05 Giiileeeeeeeeeee
0,dah terbukti om
1,apalagi ini 07:01 P U L A U W I N
0,Keren banget bang bim...
1,ＭΛＮDALIKΛ𝟟𝟟 adalah platform yang terus diperbarui.
1,geloo 𝗦𝗚𝗜𝟴𝟴 cair x100
1,"Asli gak boong, di 💞𝘼LEXIS-17💞 scatter-nya gampang keluar."
0,review silvia rb
0,"Kalo saya duduk disana gak berani nanya, takut gelas melayang"
0,Tombol omon2 dan omong kosong
0,emang siapa yang nabrakin mobil??
0,Hold all coment
0,​ @Fate-v9f  buat apa test antutu di hp fold?
0,"5:13 mas, ga om😂"
0,Kayak konsep tahun 2000 an awal ya  airbrush full body
0,Isi ngga ada faedah
0,Hanya ingin mencari komentar caveine disini 😂
1,"gates gacir banget , udh jepek"
0,Lieur ach...
1,"intinya bermainlah dengan sabar jangan barbar, karena kemenenangan akan datang setelah sabar wkwk hiburan bukan di jadiin mata pencaharian, kalau gw main di m̲a̲n̲d̲a̲l̲i̲k̲a̲7̲7̲"
0,"Ke mana pun gue pergi, pasti ada aja yang nyebut PULAUWIN."
0,Sponsore ra kiro kiro.. semangat dip 😇
0,"""fufufafa is the best"""
1,"alexis'17 gak boong , dsini hoki mulu"
1,gak pusing mikirin biaya honeymoon kalo udah join alexis17 .
1,"gaes , 𝘼𝙇𝙀𝙓𝙄𝙎17 bikin hidup gue simpel , asli ."
0,Tak ada yang bahas perampasan aset koruptor ya? Serius nanya
0,Lebih ke fungsionalnya
0,Beli kuota
1,akhirnyaa salam 𝗦𝗚𝗜𝟴𝟴 ! gampang jepe
1,"Sumpah, mekswin brusan di Gates, gacor parah"
0,Nunggu GD bisa buat mobil sendiri ayolah pasti bisa😅
1,"gila , namanya 𝘼𝙇𝙀𝙓𝙄𝙎17 ? unik banget ."
1,"gue udah ga bayangin hidup a.l.e.x.i.s.1.7 , udah sumber nafkah utama"
1,pawpaw4d emang pas cari angka jitu hoki .
1,"keren banget bang , salam jepe 𝗪𝗘𝗧𝗢𝗡𝟴𝟴"
0,episode yang ditunggu-tunggu
0,astaghfirullah... jawaban apa ini?
0,"Anies, gabakalan gw milih tuh orang😂😂😂"
1,"mantap , 𝘼𝙇𝙀𝙓𝙄𝙎17 aman gak sih ? tau ? gila ?"
0,Mobil om fitra kelewat bg
0,"Yg punya bner"" g berseri duitnya mantap😂"
0,"Besok beli,  
Yg penting huawei"
0,Review MOBIL FORD F150 RAPTOR mas 😊
1,"bro 𝘼𝙇𝙀𝙓𝙄𝙎17 update sistem nih , gacor anti zonk"
0,Tempo gak diundang ya?
1,emang gak se-gampang alexis17 kalo dapetin cuan .
1,skill mekaniknya banget . alexis17 salut .
1,temen gue bilang alexis17 tuh bikin kecanduan !
1,"udah kali menang berkat bantuan pawpaw4d , !"
0, @911yudha  terus yg cocok siapa?
1,"modal gacur , lgsng jepe brusan"
1,keberuntungan benar-benar terduga di𝐏 𝐋 𝐔 𝐓 𝐎 𝟖 𝟖 !
0,"Betul, malah pada lebih kritis"
1,santai rumah feel-nya dapet banget bareng 𝙋𝙐𝙇𝘼𝙐𝙒𝙄𝙉 .
1,"jepe kali maen , puas banget"
1,gue rela ninggalin nonton bola fokus alexis17 .
0, @MuhammadMudayin  jawabannya banyak yang melebar ke mana-mana🤦‍♀️
0,​ @nurcahyo6474 urusin dulu Sukahaji baru ngomong KDM 🤫
0,"Ya,ampun dah sekarang komen judol ky jamur dimana mana ada"
1,"Riwayat kalah ku hanya di situs sebelah, cuman situs  mandalika77  penyelamat keuangan ku.."
0,KDM + AHOK..💪👍🔥
0,"Saking asyik baca komen , jadi pengen pipis online gue  😅"
1,"wede lancar banget , pelayanan top sih"
0,"Kuncinya orang dalam.. Ya,  ada bapak ya ada paman"
1,Seru abis! ⚡ALEXIS17⚡ emang gak pernah ngecewain!
1,"alexis17 ! tuh emang ngerti kebutuhan membernya , kasih bonus surprise"
0,keknya 11/100 itu ketinggian bro
1,sehat rezeki weton88
0,Yoo. I have never clicked so fast
1,sumpah penasaran banget bahas 𝑨𝑳𝑬𝑿𝑰𝑺17 kolom komentar ? .
0,Mantep bener mas dipo. Sukses terus
0,Help i cant take it anymore 😢
1,"alexis17 ! tuh emang bener-bener beda , sistemnya fair"
1,Sukaaa bangettt sama ⭐𝐒𝐆𝐈𝟖𝟖
1,gw kasi kisi2 lembut sikit bermain la di  mandalika77  anak baru nih brani kasi wr tinggi2 wkwkwkwk kita gas supaya kapok
0,Ngiri abis kayanya orang ini
1,"gue sih udah ga move on 𝘼𝙇𝙀𝙓𝙄𝙎17 , gacor , bikin ketagihan parah"
0,Saran aja bang pin komen nya 5 bang
1,"alexis'17 cba bntr , jepe gede lgnsung"
0,Silvia merah jarang dipake bang? Sini tuker sama beat karbu 🗿
1,"alexis17 , bikin gue beli rumah cash 3 , modal 200rb"
1,seru nich weton88 cair
0,Jiwa kaya raya ku belum tumbuh abangkuuuu 😅
0,"kapasitas baterainya 250kwh, setara token listrik sebulan hahaha"
0,"benerrr, dia emang one in a million sih"
0," @rizkyafriansyah5433  kalo grammar belum bener, mending pake bahasa Indonesi aja"
0,Marga Mesin Mana Suaranyaaaa ????
1,yaelah 04:20 p u l a u w i n muncul
1,"wede 2 kali , gacir bener sih"
0,wowkwowkok si beler lagi di singapur
0,Mampir dislike aja sih sambil komentar kenyataan 😂
1,"Rezeki dari D 𝘖 Я 𝘼 𝟳 𝟳-bikin hariku lebih bermakna, terima kasih! 🤼"
0,Diem lo mas wapres
0,so? what's the point?
0,PRABOWO SI CERTIFIED YAPPER 😂
0,Banyak komentar judol jir
0,Sponsornya penuuuh
0,Tempo gak bermutu media ptopokatip
0,Next bikin konten ganti mesin brziko pakai v8
0,Peluang emas dari bapak dan om
0,Hahahaha... Om Mobi diomelin mobil...
0,Mampir dulu absen dislike 😂😂
0,Gelo cinematic nya🔥🔥🔥
1,"𝐃 𝐸 𝐖 𝐴 𝘋 о 𝙍 a gacor , ga matinya"
0,Semoga Ahoh sehat-sehat terus karena nafasnya terdengar semakin berat
0,"Gagah banget, tapi sayang ev"
0,"ini judulnya bukan diskisi, lebih cocok cerita pada zaman dahulu"
0,ko ga ada tombol dislike nya ya...
0,Om jeje msh sodara sm haji jeje ?
0,Wkwkwkw....
1,kebangkitan cuan weton88
1,Semua orang bilang ALEXIS⭐17⭐ tuh bener-bener mengubah hidup.
0,congrats family drifter🎉
1,"bro 𝘼𝙇𝙀𝙓𝙄𝙎17 ngadain giveaway nih , hadiahnya gadget terbaru"
0,poin yg mau disampaikan gak jelas
0,250Like berati 50juta x 250 : ........
0,"inimah bukan antilag, tapi dastek dastekan"
1,temen gue ketagihan alexis17 .
1,"gates gacir banget , udh jepek"
0,Anjr pake setrika 😅
0,Bukan selera anak muda😂
1,"sikat bonus 𝘿e𝙒𝘼𝘋о𝙍а , auto sultan !"
0,Enak dual screen nyaman
0,Ngga masuk dengan selera pak wahid
0,Wuaduh.... Hahahaha
0," @Mochiizuki  oh gitu kah? beda beda ya, thanks infonya"
0,Ini ngakak banget 🤣🤣🤣🤣
0,Tim yg langsung jual motor buat beli ini
1,gak aja gue tau 𝘼𝙇𝙀𝙓𝙄𝙎17 ?
0,Plek ketiplek
0,PRESIDEN PRABOWO TIDAK GEBRAK MEJA
0, @6sulaimanalisatief111  jgn terlalu naif
1,"Gacur parah, udh wede berkali-kali"
0,Gantian dong Wapresnya begini ya. Ditunggu edisi selanjutnya..
0,itu anti gores nya gimna ya😅
0,"Aseli, logikanya ga jalan"
0,Typographynya pake mister horse ya bang
1,hasil gacir 𝐃𝑂r𝐴 7𝟽-bikin seru . mantap banget !
0,Niat banget copasnya :face-blue-smiling:
0,Emang dapat apa?
0, @Rightnow-fs9vx  makan makan makan jadilah gemb
1,cuan tiada ! 𝑲𝑰𝑵𝑮𝟑𝟐𝟖 nomor !
0,guaa ikutan terharuu ~GG GARASIDRIFT
0,Waah Bimo tambah kasep pake Jersey timnas. Keren 👍👍🇮🇩🇮🇩🔥🔥
0,deposit 100rb bisa dpaat berapa ?
0,3 jam nontonin Prabowo yapping doang
1,ngomongin 𝘼𝙇𝙀𝙓𝙄𝙎17 ? terbaik ! .
0,Amerika ketar ketir😂
0,Mau komen ginian udh terwakili😅
1,𝘼𝙇𝙀𝙓𝙄𝙎17 udah terbaik ! .
0,"Ga mungkin, kaum serangan fajar masih banyak soalnya"
0,"Di tambah bennix, awalul rizky"
0,keren bgt mas dipo
0,Kan yang bikin nya ai😂
0,Ini baru mobillll
1,"gacir banget , main 𝐒𝐆𝐈𝟖𝟖"
0,"Bukan siapa yang paling kuat, TAPI SIAPA YANG PUNYA KUASA DAN UANG"
1,bedanya 𝘼𝙇𝙀𝙓𝙄𝙎17 ya ? pokoknya .
1,"Makasih banyak 𝐷𝐎R𝐀𝟽7, rezeki hari ini benar-benar luar biasa!"
0,Miata kaki kaki nya aman buat drift?
0,Emang anak siapa doi?
0,Ya Terus Pentingnya Apaan Buat Gua ?
0,mas tadi saya ke iims ko gada ya mas ziko
0,Brzz asli ganteng banget
0,aneh bat maen catur janjian wkwk
1,pelayanan 𝑨𝑳𝑬𝑿𝑰𝑺17 terbaik sih .
0,Next Gibran menjawab !!!
1,cair kakak mantap banget cuan 𝐒𝐆𝐈𝟖𝟖
1,Tiap maen di sini pasti gacor abis
1,𝘋 o r а 𝟳 𝟳menyediakan antarmuka ramah pengguna .
0,Hasil akal2an konstitusi.
0,yang ditunggu2
1,"rezeki 𝘿е𝘞𝐀𝘿𝘖𝘙𝐀-sungguh , terima kasih tuhan !"
0,Anjas di hujat 😂
1,Seru abis! Gak bisa move on dari serunya 🔥⚡ALEXIS17⚡?🔥
1,"rezeki melimpah alexis'17 , makasih !"
0,10:40 lbwk huracan kah?
0,"Gak akan nyampe mas gibran nya,keburu ngehang"
1,"Main di 𝐷ОR𝐀77bikin hariku lebih menyenangkan, terima kasih!"
0,Abis ini review mobilnya mas dio keknya wkkwk
0,pendukung Abah pada bangun tidur ini 😁😁belum puas kayak nya musikk
1,"gue udah ga bayangin hidup alexis17 , , udah sumber nafkah utama"
0,Sering² aja mas up youtubenya nungguin trus ini
0,"Pencitraan kalo kata kasarnya bang, gk ikut bikin tapi ikut klaim"
0,"mantab, 
Ngantuk dibuatnya 😂"
0,Mbpok nana lagi ngomong malah dipotong sama moderatornya dihhh
0,bang itu yang jual bakso dimana ?
1,"gw main alexis17 nih skrg , emg alexis17 , berkualitas"
0,15:32 kok dieselnya di skip bg
0,🤮pake emoticon muntah aja bang
1,gak ngalahin serunya main alexis17 .
0,Dipake ngojol worth it ga ya?
0,Ikut senyam senyum sendiri 😂
0,😂😂😂😂 astaghfirullah hal'adzim....😂😂😂😂
1,orang bilang alexis17 tuh bener-bener dipercaya .
0,Ayo bisa terbuka bapak presiden tangan besi kepada rakyat
0,WEHHHH UDH CRASH AJAAAA💔💔💔
1,"jepe brusan gates , auto wede"
1,"Gacor bener di Gates, lgsng jepe"
0,the power of bapak 🔥
0,Mercedes G63 lewat 28:43
0,"bayangkan jika Huawei tidak dibanned google, damn."
0,Dari debat capres sampe sekarang tetep KOSONG 🎉
0,intinya cuma omon omon doang
0,Kerahnya yg dipake bimo emang mencong gt ya
1,Sehat selalu semuanya salam dari 𝗪𝗘𝗧𝗢𝗡𝟴𝟴 gampang jepe
1,sehat salam 𝐒𝐆𝐈𝟖𝟖 gampang jepe
0,WWOPPPPPP MANTAAAAPPPP !!!!!!!!!!
1,"pulang kantor kena nugas , bete banget . alexis17 kena gak ya ?"
1,sehat salam 𝗦𝗚𝗜𝟴𝟴 gampang jepe
0,yakin? ntar dinasehatin sama yang expert dijawab ndasmu loh 😂
1,Emang gak ada yang se-seru ALEXIS⭐17⭐ sih.
1,gaji umr tapi uang tambahan mah udah bisa party tiap malming wkwkkwkw makasih mandalika77
1,gue sih udah ga heran kalo alexis17 ! trending sosmed
1,"gue sih udah ga move on 𝘼𝙇𝙀𝙓𝙄𝙎17 , gacor bikin kecanduan"
0, @satriapurnamaaji8104   hasilnya apa? Cuma berita doang?
1,"terbaik kak , salam 𝗦𝗚𝗜𝟴𝟴"
0,Yang penting makan geratis
0,Masih nunggu produk chery yang bbm nya pake air laut….🫰😎
0,Gibran masukin dong 😂
1,gue rela begadang sampe pagi alexis17 .
0,LAH GANTI THUMBNAIL WAKAKAKA
0,Pak Ahok terbaik. Terima kasih Panji sudah undang beliau.
0,"Baru kelar lgsg crash ya mas, sayang bener."
1,"eh bro , alexis17 , event spesial nih , hadiahnya investasi properti"
0,tigoo 8 kan 7 seater bos..
0,Gak ada Tempo kah?
1,top mantap is the best bang rifatq
1,"jepey trs tiap hari, cuma di𝗪𝗘𝗧𝗢𝗡𝟴𝟴⭐"
0, @AhmadLuthfiProfile kwowkkwkw btul soalnya ga mampu mau beli Mate XT😹
1,"Game-nya gacir, sketer nggak prnh zonk"
0,Beuhhh pedassss😂
0,"Demo ada dalangnya,padahal mah situ sendiri dalangnya😢"
0,ISS PRIDEEEE
0,Bonus demografi ga membawa dampak apa2 tanpa ORDAL .. 😅😅
0,"Terjawab sudah dengan kihat komentar netizen... 
Ngg jadi nonton"
1,sehat kang semngat ngonten dilancarkan urusannya salam 𝐒𝐆𝐈𝟖𝟖
0,Balalambat tahulah urang kd ktuju bungul
1,"fix ! λ l e x i s 1 7 , emang beda , bikin member setia !"
1,gak lengkap sehari alexis17
0,Insyaa Allah kebeli sebelum kiamat
1,"sebulan join alexis17 , hidup gue berubah total !"
0,"Ini di malaysia laris, sering kelihatan di jalan"
1,"swert bonanja gacir pol , nggak prnh zonk"
0,Poin pentingnya adalah tidak penting
0,Kuat banget editornya
0,karena tidak punya malu
1,"perjuangan scroll sosmed , alexis17 ngerasain gak ya ?"
0,Nunggu second
1,𝐏𝐋𝐔𝐓𝐎𝟖𝟖 .. terpopuler masakini
0,Jam 3:04:56 ada yang di potong vidionya apa ya
1,𝐏𝐑𝐎𝐁𝐄𝐓𝟖𝟓𝟓 bikin maxwin makin gampang
1,"bandar weton88 auto , sultan gacur"
1,gak pusing mikirin biaya sekolah anak kalo udah join alexis17 .
0,Keren... Suatu saat hape bisa dikuwas kuwes
0,"50 juta aja,😢"
0,99 % komentar tidak puas pak presiden
1,Hidup lebih bermakna di M𝗮𝘯𝐝𝗮𝑙𝗶𝒌𝐚𝟟𝟳
0,ASC punya nih 😊
0,ALL FOR ENJOYMENT AND PEACE OF MIND 🔥
0,Dislike nya di hide😂
0,9:46 finnaly dibahas wkwkkw
1,"Baru maen, lgsng makswin, GG banget"
1,! bang video ! ! 𝗪𝗘𝗧𝗢𝗡𝟴𝟴 terpercaya 5k 1jt
0,Mantap ne ahok dan pandji menyatukan pemikiran ketawa bareng😂😅
0,​ @teamshare7558  Herannya banyak yg milih 🤯🤯🤯
1,"bro tau ga alexis17 , udah support bank e-wallet potongan"
0,Keren bangun mobil cuman 4 bulan 👍👍👍
0,Langsung cekot sopi😂
0,Gue juga spontan nyeletuk gituu coyyy
0,Tinggal metro & tempo yg msih bs diharapkan netralitasnya.
1,bng coba game zeus x 1000  di 𝐒𝐆𝐈𝟖𝟖 gampang bet pecah
1,"bro alexis17 ! ngadain giveaway nih , hadiahnya gadget terbaru"
1,semoga rezeki berasal 𝘿𝐸𝘞a𝐃о𝙍a membawa manfaat !
0,Sedih orang sepintar pak ahok gajadi pemimpin
1,menyenangkan berkat𝐏 𝐋 𝐔 𝐓 𝐎 𝟖 𝟖 ! rezeki menghampiri !
1,maaf gua udah percaya-gar uda hoki
1,"semangat bosqu , terbaik 𝗪𝗘𝗧𝗢𝗡𝟴𝟴"
1,"rezeki 𝑺𝑼𝑯𝑼𝟑𝟐𝟖 sungguh , terima kasih tuhan !"
0,udah yapping nya?
1,yakali gak coba main di PULAUWIN
1,cair kakak mantap banget cuan 𝗦𝗚𝗜𝟴𝟴
0,taunya db9 game nfs
1,seru nich 𝐒𝐆𝐈𝟖𝟖 cair
0,"KIA, Korean International Automotive"
0,Jawab pertanyaan ini bagaimana bisa gibran menjadi wapres ?
1,"modal 50k lgsng makswin , gg parah"
1,tpi jujur gua main alexis17 sih emg gg lgsg wede
0,Terima kasih video ini tanpa sensor
1,"orang mah gampang , pratek langsung tau bedanta"
1,"keren banget bang , salam jepe 𝐒𝐆𝐈𝟖𝟖"
0,punya presiden gini amat 😂
1,"𝘿 𝐎 𝘙 𝐴 𝟳 𝟩 emang top notch , highly recommended kalangan !"
1,tampilan ? fitur lengkap ? 𝘼𝙇𝙀𝙓𝙄𝙎17
0,Bang zik bangun mio full rata kanan donk😆
0,Asli keren bgt ini mobil 🔥🔥🔥🔥🔥🔥
0,anj keren bet
1,"bro alexis17 ! turnamen gede nih , hadiahnya mobil sport"
0,"Isi kosong, bikin bingung"
0,eee...eee😂
0, @AnggoroDps_9 bla bla bla kalau kosong mah memang kosong aja
0,Gas mas kontenin x maxnya🔥🔥
1,"seru main 𝐷𝑂𝐑𝘼 7𝟩 -bareng teman-teman , asyik !"
0,Udah di bawa naugan HMC skrang to
0,07:41 kok Mirip Marsha VOB ya. Apa emg dia? 😂
0,Ngga ada yg percaya gni
0,Mana konten gd hari ini
0,Kaki si ridwan knp tu
1,"aja gw coba λ l e x i s 1 7 , semalam , lumayan dpt 2jt"
0,Gass modif motor🔥🔥
0,Ada dari mitsubishi canter ev
1,"ertepe-nya banget , nggak nyesel maen"
1,"maen siang-siang , lgsng big win"
0,Bang s15 nya bang kontenin lgi
0,"Pas rilis 3 detik sold out bang, semoga gua kebagian yg LS 😅"
0,"Wartawannya hebat, kuat nahan supaya nggak ngantuk."
0,Xmax oming @welcomluster
1,"aja surprise 𝘋о𝙍a𝟩𝟩 , bikin penasaran !"
1,𝐒𝐆𝐈𝟖𝟖 uhuy !
0,Pantesan mamarika ketar ketir sama brand satu ini😂
0,"gas mas modif motor, xmax new atau aerox turbo"
1,Gass.✦𝗠𝗮𝗻𝘂𝘁𝟴𝟴✦
1,kesempatan gak dilewatkan ! main 𝐏 𝐋 𝐔 𝐓 𝐎 𝟖 𝟖
0,Baca komen lebih seru yah😂
1,Seru nich  𝐒𝐆𝐈𝟖𝟖 cair terus 😊
0,MAKASIII BANYAKKKK
0,nungguin buzzer yg bisa lawan
1,"seminggu main alexis17 , gue udah ganti laptop !"
1,keenakan main pulau kapuk indah
1,emang gak obatnya sih keseruan main alexis17 .
1,keren maksimal ! menang 𝐏 𝐋 𝐔 𝐓 𝐎 𝟖 𝟖 auto sultan dadakan
1,"swert bonanja gacir , mntp"
1,gue rela ninggalin platform fokus alexis17 .
1,"mantap ! bermain 𝐒𝐆𝐈𝟖𝟖 , rezeki mengalir deras !"
1,"terbaik kak , salam weton88"
0,​​ @faa3457-k9l  yg dibahas apa komentarnya apa. Kan KOCAK...
0,Tanjung priok punya nih bosss 😎😎😎
0,kenblock “ almarhum “ 😅😅
0,Kuliner mikir makan aja gk usah politik
1,"jepe mulu , nggak prnh zonk"
1,𝘼𝙇𝙀𝙓𝙄𝙎17 ngertiin kebutuhan gue . tenan .
1,"seminggu main alexis17 , gue udah ganti perabotan rumah !"
1,"jepe kali maen , puas banget"
0,smooth banget
0,"Kesini ga nonton videonya,, cuma mau dislike ✌️"
0,Hp ini yg di unboxing speet
0,KDM ahok 2029 bagi tugas gebrakan dalam Dan luar negeri
1,"swert bonanja gacir , modal jepek"
1,"seminggu main alexis17 , gue udah bayar biaya wisuda !"
1,𝗪𝗘𝗧𝗢𝗡𝟴𝟴 bikin ketagihan !
0,ga ada 'daging'nya. normatif
1,"makswin , mntp sih situsnya"
1,keuntungan bikin semangat main 𝐴𝐇𝙈𝐴𝐷𝐓𝑂𝐓о !
0,"Cuma biar keliatan keren, kosong, video jiplak pula, tak malu kah?"
1,ꗥ𝙈𝘼𝙉𝙐𝙏88ꗥrasakan sensasi jeepe bertubi tubi
1,"Rezeki datang begitu cepat, main di 𝘈𝘎𝑈𝙎𝘛𝙊𝐓O langsung gacir!"
1,"sebulan main alexis17 , gue udah beli furniture !"
1,"rezeki weton88-bikin hariku bermakna , terima kasih !"
0,Setia pakai Huawei P30 pro
0,lo yg ga paham kali​ @narasikok 
1,"gak nyangka iseng doang , eh ketagihan ｐｕｌａｕｗｉｎ ."
0,User ayla cuman bisa like aja..
1,"11:35,★𝗠𝗮𝗻𝘂𝘁𝟴𝟴★11:43,★𝗠𝗮𝗻𝘂𝘁𝟴𝟴★"
0,Bang suara nya kecil
0,Si paling petarung tangguh..cihh.
0,Bang dipo knpa nomer 12 di atap nya?
0,"Komen rage bait ""mana Crosstrek nya 😤😡"""
0,Anies Ahok siap melawan gemoy 2029
0,"nvm,you can skip it, the good part start here 19:40"
0,Ubur ubur ikan lele ngelantur pak lek 😅😅😅😅
1,"alexis'17 cba maen , jekpot gede"
0,Wakilnya kemana ya?
1,GW pernah sampe meledak nih dipulau jd 45jt 💫💫
1,"𝘼𝙇𝙀𝙓𝙄𝙎17 emang ga duanya , pelayanan super cepet , wd lancar jaya"
0,Poin mana yg lw gasuka dr jawabannya coba? Sampein
1,auto jepey ! 𝗪𝗘𝗧𝗢𝗡𝟴𝟴
0,mayoritas masyarakat kecewa dengan kebijakan bapak terimakasih
1,"gacir banget di 𝘋𝐄𝘞𝐀𝐃O𝐑𝘈, langsung jepe"
1,jepey gmpng banget 𝗦𝗚𝗜𝟴𝟴
0,uda ngatain orang pake emot minta maaf lagi gada mental kah?
1,"Wede aman, nggak prnh ada masalah"
0, @AnggoroDps_9  oon jangan dipelihara brooo😀😀
0,gass bangg next modifikasi motorr
0,Tapi kebobolan juga waktu di Pertamina.
0,Gampang patah kalo gak hati hati tipis bet liat aja deh 😅
0,Mata Najwa dengan tatapan curiga dan tidak bersahabat
1,"maen swert bonanja , sketer terus-terusan"
1,𝘈𝘎𝑈𝙎𝘛𝙊𝐓O gua gk pernah nemu tempat segacor ini sebelumnya
1,"cakep kali 𝗦𝗚𝗜𝟴𝟴 , bravo .."
0, @siXtop-n1y wihh trs yg pantes yg mana bro jadi presiden ?
1,sipaling mana2 cok alexis17 hduh
0,Semoga aja ga kaya u20 gagal ke piala Dunia
0,Update crosstrek
0,Si paling paham 😂​ @IsmailAdrian-f2e 
0,1% pas ditanya soal anaknya doang 🤣
1,"seminggu join alexis17 , gue udah beliin ortu smartphone !"
1,"Baru daftar, maen sebentar, lgsng jepe"
1,"rezeki nggak kemana , makasih alexis17 !"
0,"Ngomong2 mirip mobil rally, bisa kali yah ikutan rally ni mobil."
0,Kasih duit
0,Keren banget modifikasi mobilnya
1,"iseng depo 25k alexis17 , dapet mantap , rejeki nomplok !"
0,Modif Mio karbu aja bang 🔥
0," @Andi.Maulana  hahaha makasih, jadi notice"
0,Mantap mas Vi tera Eri ❤❤❤❤
1,tetangga gue kepo penghasilan alexis17 .
0,Loh kok bisa2nya kita ada di sini😂
0,Tawarin ke dewi masyitoh mas.....karena dia mau merintis parwis
1,terima kasi rezekinya 𝗪𝗘𝗧𝗢𝗡𝟴𝟴
0,gas lah pasang antilag mas ziko 😂
0,beli main magic chess gogo
0,Pada ngeri
0,Sayang banget ini upload tapi udah crash😢
0,tida terlihat sedikitpun cumi cumi bau asep
0,Kenapa metro dan tempo ga diajak? 🫡
1,𝗣 𝗟 𝗨 𝗧 𝗢 𝟴 𝟴 bener-bener mesin uang pribadi . auto cuan
0,"iya lagi,practically emang seperti ini sieh"
1,"jakpot kali main 𝘋𝘖я𝘈𝟽𝟽 , bikin semangat !"
1,gue sih udah buktiin kehebatan alexis17 .
0,renooooooooooooo
1,"wd gampang banget , nggak pake ribet"
1,gue rela gak jajan sebulan nabung alexis17 .
0,gasss bikin konten motor biar jadi ngaberssssss
1,emng bener kemarin udah coba di probet hari ini mau gas lagi ahh 🚩𝗪𝗘𝗧𝗢𝗡𝟴𝟴🚩 kawan berbuah manis
0,Gue nemu obat tidur baru... mana debat intelektualnya ini....
0,Makasih bro.
0,"Pas ngedengerin, gue jg bergumam begitu, sumpah!"
0,Ahahahah jokes bapak” sekali om 🤣
0,kelihatan ngasbunnya
0,Ya intinya kalau ada spam judol langsung report aja.
1,udah main 𝐊𝐨𝐢𝐒𝐋𝐎𝐓 ? sensasinya bikin penasaran !
0,Tim yg kerja keras buat keluarga 😤
0,Tempo kok ngga diajak ya😢
1,! bang video ! ! 𝗦𝗚𝗜𝟴𝟴 terpercaya 5k 1jt
0,Kalau ahok anis baru saya setuju😂
0,Orang nomor 2 minta walikota Gibran rakabuming anak nya jokowi
0,Kasihan korbang traficking di kamboja.. kaya kagak mati iya
0,Langsung gas beli nasi
1,Rezeki dari 𝐴 𝐸 R О 𝟪 𝟴emang gak terduga! Terima kasih ya Tuhan!
0,betul yang dikatakan pak anis!
0,"Menjawab ❌
Membantah ✅"
1,"alexis17 , tuh emang bener-bener beda , sistemnya transparan"
1,gak khawatir duit kalo udah gabung alexis17 .
1,"gak mikir , 𝘋𝐄𝘞𝐴𝐷𝐎𝑅𝘼 untung !"
0,naikin gaji editorr
0,mas kalo boleh tau harganya 1 unit itu berapa yaa?
0,Siapa lah yg ngasih konsep podcast sambil main catur ini??
1,Gw paling demen gas di 🚩𝗪𝗘𝗧𝗢𝗡𝟴𝟴🚩 wkwkwkww seru. Harus sering2 sih ini mah
0," @ariefsesar14  dihina tidak tumbang, buruan turun bang🤣"
0," @karomatullaily6755  maklum,dia udah mentok"
0,Gila yg komen hampir 99% kontra semua.
1,"gue udah ga bayangin hidup alexis17 , , udah sumber nafkah utama"
1,gue udah nemu jalan ninja gue : alexis17
1,"alexis17 , emang ga matinya , rame promo"
0,ini sarkas apa serius 😂 ​ @biliksukma 
1,auto jepey ! 𝗦𝗚𝗜𝟴𝟴
1,"kenal alexis17 , hidup gue warna ."
0,"Tau conceptmotor, methodwhells dari sini 😅 top banget GD"
0,Mobil terganteng di 2025 😍
1,"𝐀 𝙀 Я 𝙊 𝟪 𝟾, cuan gmpng mulu"
1,gak khawatir tua kalo udah gabung alexis17 .
1,"bro alexis17 ! turnamen gede nih , hadiahnya mobil sport"
0,​ @rizkyaja.3810 La prestasimu untuk negeri ini apa bro????
0,"Iya bang coba proyek modif motor, pasti seru juga"
0,​ @ruangkarsa lha harmony jg android...😂
0, @AnggoroDps_9  buzzer tau apa sih
0,6:04 tapi bapak sendiri merusak konstitusi demi ikut kompetisi
0,limitless budget
0,Kok denger pak presiden ngomong ngilu ya?
0,congratulation bg Dipo kecee abiezz crostrek nya bg
0,50 jt mending beli motor boss😅
0,Enakan dipo emang yang jelasin
1,𝐒𝐆𝐈𝟖𝟖 is the best
1,"maen lgsng jepe , sketer"
1,"sempet ga percaya , eh bener gua maxwin diga ru da ho-ki"
1,"main situs segacor 𝐒𝐆𝐈𝟖𝟖 , asli nagih sih"
1,"parah , 𝘼𝙇𝙀𝙓𝙄𝙎17 keren banget ! ."
1,Hidup lebih seru di 1:08 M𝗮𝘯𝐝𝗮𝑙𝗶𝒌𝐚𝟟𝟳
0,Mobil fitra eri ngga dicolek bro?
0,Kesini gara² liat reels ig karena banyak yg dislike
0,Saya suka suara mobil/motor yg berisik
0,review supra plisss
0,klo wapres. nanti jawabnya pake AI aja :)
1,hidupku hanya begantung padamu✦𝗠𝗮𝗻𝘂𝘁𝟴𝟴✦ wede 10juta mendarat mulus
1,alexis belajar nggk web jelak
1,●𝗠𝗮𝗻𝘂𝘁𝟴𝟴●memang ok sllu brbgi kbhgiaan n cintanya
0,Punya laki iris bela dan gus idham sama g om
0,s15 kmna bang?
1,"bandar 𝗦𝗚𝗜𝟴𝟴 auto , sultan gacur"
0,Haha kamera arah ke pandji pasti mati😂
1,"hiburan bikin relax , gue ｐｕｌａｕｗｉｎ ."
0,Kan ada mayor teddy
1,orang bilang alexis17 tuh bener-bener asli .
0,"WOW Amazing, canggih proper banget bet ngedrift"
1,"pagi-pagi udah dapet notif wd alexis17 , , mood langsung minggu"
0,Maaf bang gk suka ama model velg nya😢
0,Generasi rusak..
1,0:02 keren 𝐒𝐆𝐈𝟖𝟖 terbaik menang mudah
1,alexis17 emang berbeda
0,Penerapan Test Karakteristik Kepribadian CPNS
1,"mantap , , gokil sih 𝘼𝙇𝙀𝙓𝙄𝙎17 !"
0,Bolehh tuhh modif motor
0,Kemampuan dalam menjadi presiden menjadi pertanyaan
1,Tiap maen di sini pasti gacor abis
1,emang gak se-menguntungkan alexis17 deh .
1,"Keberuntungan besar bikin aku makin cinta sama 𝘼𝙃𝑀А𝘿𝘛𝙊𝐓О, hasilnya luar biasa!"
1,gw kita cuma gw sering jp di mandalika77 ternyata sekebon ni manusia
1,"server luar negri ini ga bisa di tandingin sama server lokal,Gak usah banyak mikir guys, langsung coba aja main slot di 𝓜𝓐𝓝𝓓𝓐𝓛𝓘𝓚𝓐77 jangan kaget kalau perkaliannya turun terus cari aja linknya di google 𝓜𝓐𝓝𝓓𝓐𝓛𝓘𝓚𝓐77"
1,"Wede brusan lancar, mntp banget sih"
0,Berikan kami info ordal agar bisa berkarir di pemerintahan
1,bang sattt lah-Ga ru da-Ho ki Gacoor bgt jadi candu gua😤
0,Giliran mobil farel yang di modif
0,Faktanya aku emang gak sengaja ketiduran pas nonton ini
0, @johanmaulana5558  maka.a sekolah yg benar bg salam akal sehat
1,✦𝗠𝗮𝗻𝘂𝘁𝟴𝟴✦salam jempol kejepit
0,Omon omon doank ni gak ada loker apa?
1,"Baru sebulan main ALEXIS⭐17⭐, hidup gue berubah total!"
1,"gue udah ga bayangin hidup a.l.e.x.i.s.1.7 , udah sumber nafkah utama"
0, @asepudin7156  jangan terlalu jujur bro🤭
1,gak nyesel bgt bonus nyaga ruda hoki
0,emang presiden lu ga kompeten aja
0,masa murid GM irene sukandar kaya gini bang :)
1,"Main di D𝑂𝑅𝐴𝟩𝟽 auto happy, rezeki emang sudah diatur!"
1,speedrun-nya gila ! alexis17 nggak percaya secepat .
0,Gileee beda dari yang lain suv pake drift
0,Ngvlog aja dia pake hp 😂
1,"nya ragu coba main , nya coba coba modal receh tau nya kasi wd"
0,mending poco x3
0,13:54 Ada kucing😂
1,"iseng-iseng main a l e x i s 1 7 , hobi , cuan !"
0,​ @anakenosiss  jangan lupakan dancing😅
0,BCT Fufu FAfa
1,"ok min , weton88"
1,"𝐀G𝘜𝘚TO𝘛𝘖 jackpot terus, gk paham lagi sehokinya"
1,"wd lancar banget , nggak pake ribet"
1,"Gacur banget, wede tiap hari auto seneng"
0,udah ga ada harapan lagi sama si wowo dan fufufafa
1,gak pusing mikirin tagihan kalo udah join alexis17 .
1,"gue udah ga bayangin hidup alexis17 , , udah sumber penghasilan"
0,"Episode paling keren, lucu dan menghibur"
1,"pawpaw4d bener-bener main , beruntung !"
1,mandalika77 Yg bnr gacirr
0,Why am I laughing? It’s not even supposed to be funny.
0,Maklum sudah pikun. 😂😂
0,kamar cocok banget sih
1,", gokil sih 𝘼𝙇𝙀𝙓𝙄𝙎17 !"
1,emang gak se-worth it alexis17 sih .
1,"sebulan main alexis17 , hidup gue berubah total !"
0,Butuh pemimpin ug kinerjanya ga jompo please lah😢
0,Yg ditanya apa yg di jwb apa😢
0,@ nahan berak
0,"Bangun motor bang kali""😂"
0,kespill sendiri
0,Kembaran BRZIKO?
0,Gak sabar liat mobil anak om fitra 😂
0,Ya Gmc ya Gmc bàng
1,orang bilang alexis17 tuh bener-bener ngebantu ekonomi .
0,Lepas ban 💀
0,Kapan vw id buzz nya datang om
1,░𝑴 𝑨 𝑵 𝑼 𝑻88..emang terkenal gak pernah nanggung kalau turunin petiirr
1,"Berkah rezeki hari ini berkat 𝗪𝗘𝗧𝗢𝗡𝟴𝟴,puji syukur!"
0,Ahok - KDM 2029 kayanya cocok 🔥
0,Menyala 🔥🔥🔥
0,Tim yang nonton doang tapi ga punya mobil
0,Tu penyiar TVRI kok takut x mbak Nana Nayak????????
0,Lagi macet di jalan jadi putar balik 😢
0," @aemerth  emang nya di tanya apa dan jawab nya apa ?
anda nonton full ga ?"
0,Lo ngeliat efek PULAUWIN ini gak sih? Kayak lagi tren TikTok.
1,"D𝑂𝑅𝐴𝟩𝟽 aku cba, jepe gede lngsg"
0,episode yang menyenangkan
1,"gue sih ga nyesel gabung alexis17 , , nyesel tau"
1,mantap mandalika77
0,"Betul sekali, gak ada usaha, di tolong bpk dan paman"
0,Yang beli biasanya para artis dan pejabat
0,Huawei luar biasa
0,Jangan semangat tetap menyerah mas wapres
0,Bang spil Redmi note 14 pro+ 5G
0,"SKAK MAT, beneran 🎉"
1,a x 𝐋 𝟩 𝟽 7menyediakan pengalaman daring mudah repot .
1,Keren 🇮🇩👍🏼. gas di mari kak 𝐒𝐆𝐈𝟖𝟖
0,19 jt mana ??
0,Bilal astaga bilal. Makin gede aja 😂
1,Saya depo barusan 3x dan wdnya sudah 7 kali di mandalika77
1,"keberuntungan bener-bener gacir 𝘋о𝙍a𝟩𝟩 , nggak nyangka !"
1,semangat bang konten nya salam 𝐒𝐆𝐈𝟖𝟖 ! gampang jepe
0,"tes parkir bang
masuk basement"
0,Bagus beli mobil
0,1:24:29 ekonomi menengah gimana pa.
1,"wede 50jt cepet banget prosesnya , 𝘼𝙇𝙀𝙓𝙄𝙎17"
0,3:13:46 pak jokowi sudah mulai bekerja🤨
0,"😂hp yg di beli ishowspeed kmren ,hp lipat canggih china"
1,Saatnya bersinar bersama M𝗮𝘯𝐝𝗮𝑙𝗶𝒌𝐚𝟟𝟳 1:16
0,Ini yg komen banyak buzzer gk ya?
1,gak pusing mikirin biaya nikah kalo udah join alexis17 .
1,heran komenan alexis17 dah
0,emg nol kapasitas nya bang
1,"alexis17 emang top , gak ngecewain ."
1,"salam 𝗪𝗘𝗧𝗢𝗡𝟴𝟴 ! gampang jepe , sehat"
0,Wapres taek
0,Mantap Gasss 😂
1,"a l e x i s 1 7 bikin ketagihan , pengen main pastinya menang !"
1,0:02 keren weton88 terbaik menang mudah
0,Road noise mengganggu di Video
1,hasil positif 𝐷𝐎яa𝟳𝟽 membantu menyelesaikan kewajiban finansial .
0,Mending samsung young atau gk Samsung champ
0,Dipo Gymkhana MODE 🔥
1,modal tambahan 𝐷оrа𝟩𝟳 membantu usaha .
1,alexis'17 maen hoki
0,Saya salut juga sama anda yg paling mengerti dgn persoalan bangsa
1,10:12 masa pada ngga tau ─═𝗕𝗘𝗥𝗞𝗔𝗛𝟵𝟵 ═─ ?? gas ngga sih
1,"happy banget main d𝙊яa 𝟩𝟽 , menangnya !"
1,Langsung ke 𝙿 𝚄 𝙻 𝙰 𝚄 𝚆 𝙸 𝙽 🎮
1,"Baru sebulan main ALEXIS⭐17⭐, gue udah bisa DP apartemen!"
0,Login dislek keluar😂
1,Dukungan pelanggan di ᴘᴜʟᴀᴜ𝟽𝟽𝟽 sangat membantu.
0,Ngebayangin punya aja belum😂 apalagi punya real ny😂
1,"alexis'17 wedey gede , cma maen bentar"
1,"alexis17 , emang ga duanya , pelayanan vip member"
1,"bro ALEXIS-17☯ lagi ada event gede nih, buruan gabung sebelum keabisan slot"
0,"Hitung berapa banyak Pororo ngomong ""Antek Asing""?"
1,akhirnyaa salam 𝗪𝗘𝗧𝗢𝗡𝟴𝟴 ! gampang jepe
0,Keren banget coyyyy
1,Tiap malam gue selalu nungguin update dari ALEXIS⭐17⭐.
0,ya kok gk ke adiputro 😀
0,Nungguin banget mas wapres mau datang ke acara SKAKMAT ini.
0,"Najjisss, jadi wapres jalur nabrak konstitusi"
0,Jangan lupakan celetukan uni lubis 'supersemar' di 1:48:02 wokwokwok
0,Engsel ny seketen ituu
0,Karena kalo ada salah salah ngomong bisa dicut
1,Maaf terlambat bang semangat ya Salam 𝐒𝐆𝐈𝟖𝟖! gampang Jepe
0,"sudah biasa di abusive mungkin, jadi maklum nyahahaha"
0,Kok cuma 1 jam anying
0,sudah naik haji ken block...
1,6:27 bang jam segitu menang w alexis17
1,nyari2 uang rokok malah dikasih uang jajan seminggu hahaha emng terbaik nih 🅼🅰🅽🅳🅰🅻🅸🅺🅰77
0,"Semangat mas dipo, rebuild lagi. Kemaren crash di test"
0,Bang review hq Nubia neo 3 5g  plsssssssssssssssss
0,Asli keren enak buat di jengat jengatin..
0,cintai lah produk2 indonesia 😂
0,modal bansos & hidup mulyono
1,"pulauwin kaleng-kaleng sih , beneran meledak ."
0,​ @asyariiiii masuk ini
0,Ini yg di tunggu tunggu
0,w*wo macan sirkus :face-orange-raised-eyebrow:
0,​ @bgking7995  lah editan lu percaya 😂
1,", setia banget alexis17"
0,Jangan lupa sedekah nya.. biar tambah gacor kak
0,Sehat selalu abangkuhhhh💕👏🏻😎🤗❤
1,"alexis'17 main dikit , saldo langsung byk"
1,"alexis'17 gua maen bentar aja , lngsg wedey gede"
0,uda jadi orang ga ngerti situasi? wibu.
0,Senang sekali melihat pak prabowo begini❤ the best presiden RI
1,Semoga rezeki yang berasal dari 𝘈𝑋𝘓𝟽𝟩𝟳membawa manfaat bagi sesama!
0,Respect pak ahok❤
1,"𝘈𝘎𝑈𝙎𝘛𝙊𝐓O modal tipis doang, gua lngsg WEDEY gede"
1,gue rela begadang sampe pagi alexis17 .
1,Setiap kali aku menang besar di mandalika77
1,𝘋 𝙊 r 𝘈 𝟳 𝟩 bikin hoki ga lawan
0,US kalah tekhnologi nya nnti 😅
0,Lagi otw ngayal
1,mayan kecil kecil tapi terus terusan di mandalika77
1,"sungguh pengalaman menyenangkan , hasil d𝘌𝙒a𝐷𝘖𝑅𝐀-nggak lawan !"
0,Solo hadir
1,geloo 𝐒𝐆𝐈𝟖𝟖 cair x100
0,ASC.. achmad shahroni club 😅
0,Taikk ayam
1,"wede , gacir banget sih"
1,"Tidak ada yang mengecewakan dari p͟͟u͟͟l͟͟a͟͟u͟͟777, semuanya sesuai harapan."
0,The best Skat mat deh ini.. menemani pagi hari yg produktif
0,"28:10 lancer wagon wakk,basic mobil apa tuh yg di swap?"
0,Setuju.... Aceh bertiga
0,"Diliriklah, secara anak Presiden 😊"
1,"gue sih udah ga move on 𝘼𝙇𝙀𝙓𝙄𝙎17 , gacor , bikin nagih"
0,Wihhhh🎉🎉🎉🎉🎉
1,emang gak se-profitable alexis17 deh .
0,Ini jersey di tahun mendatang pasti bnyak di buru kolektor
0,Si pandji nahan ketawa terus anjir 😂
1,udah pada tau ᗩᗷGᗯIᑎ belum lu orang?
1,keberuntungan bikin semangat main alexis17
0,Laa aku iyoo
0,Presiden prabowo ngelantur !!!
1,terima kasi rezekinya 𝗦𝗚𝗜𝟴𝟴
0,Buzzer nongol 😂 ​ @mascar007 
0,oke gas oke gas
1,"Swert Bonanja gacir hari ini, mntp"
0,Bang gua ikut WAR PI sampe detik ini pesanan gua belum dikirim😢
1,p͎u͎l͎a͎u͎w͎i͎n͎ tuh kayak udah lifestyle ya ?
1,enaknya ini kalau abang nrima web gacir  mandalika77  itu bermukim nunggu jam melambung nya aja ngab
0,2 jz suara kurang gahar si
1,orang bilang alexis17 tuh bener-bener ngebantu finansial .
1,"seminggu main alexis17 , gue udah bayar cicilan rumah !"
1,orang bilang alexis17 tuh bener-bener bikin nagih .
0,TOBAT WOYYYY
0,MAKE AHOK GREAT AGAIN  :trophy-yellow-smiling::trophy-yellow-smiling::trophy-yellow-smiling::trophy-yellow-smiling::trophy-yellow-smiling:
0,"Hp apa lg inii?😂😂😂
Gebrakan China emang gada obat🔥"
0,"Maklumin ges, memang  segitu kapasitas beliau."
1,𝘼𝙇𝙀𝙓𝙄𝙎17 dapet motor say .
1,bete rumah ? langsung gas alexis17 aja deh .
0,WHAHAHAHHA.... AKHIRNYA.............. MONTHLY BOS.....
1,emang gak se-reliable alexis17 .
1,"jepe mulu , nggak prnh zonk"
0,Otw pildun nihhh❤❤
0,Garing euy...
0,29:07 Gokil Banget Cinematik Nya 💥🔥💯🌟✨🎉🎉🎉
1,"kalo λ l e x i s 1 7 , yg kasih duit"
1,"hal-hal menarik 𝐷оrа𝟩𝟳 , bikin penasaran terjaga !"
1,sehat kang semngat ngonten dilancarkan urusannya salam 𝗪𝗘𝗧𝗢𝗡𝟴𝟴
1,"sketer muncul terus, auto jepek"
1,"alhamdulillah , rezeki lancar jaya berkat а𝘎𝙐𝙎𝐓ot𝑂 !"
0,48:13 buyar
0,Sama Done.dislike
1,"bermain 𝐃e𝐖аdоя𝘼 otomatis bahagia , rezeki jalannya !"
0,Best episode !! 😂
1,"3 bang , salam jepe weton88"
0,Sya nyesal nyoblos orang ini
0,"Beli yg ngga KW dimana,?
Kbanyakan KW"
1,Emang gak ada yang se-asik ALEXIS⭐17⭐ sih.
1,"tengkiu bosku sudah kasi teman2 setongkrongan traktiran makan minum enak, semoga makin jaya mandalika77"
0,Gw tuh 😂 beli casingnya doang
0,Menit 29:06 gak template capcut kan mas?
0,president of yapping
0,Anies Ahok the next presiden and wakil presiden🎉
1,"sibuk kerja , sibuk cuan pu lau tujuh tujuh tujuh ."
0,"Bang review realme GT 7 pro, bagus apa tidak buat jangka panjang bang 😅🙏🙏"
0,Ngerii bgt handlingnya 34:02
1,gw barusan maen garudahoki reaal cuy jepiii
0,Lebih bagus komentar netizen dari pada omongan bapak satu ini
1,pengen hidup makmur ? alexis17 jawabannya !
0,"Mana tempo? 😢
Ga brani undang yaaaaaa 😂"
0,Bngst keren parah cuk🔥🔥🔥
0,"it's alright, atleast you're conscious now kak"
0,Duhhh gue duit nya cukup buat beli iphone 16 pro wkwkwk
1,abis baca review 𝐒𝐆𝐈𝟖𝟖 .
1,9:11  bang tadi jam segitu menang besar w di 🚩𝗪𝗘𝗧𝗢𝗡𝟴𝟴🚩
1,"Ibarat kata pepatah gak kenal maka gak sayang jadi silahkan coba sendiri bro main di  mandalika77 ,kalau sudah rasakan main di  mandalika77  bagaimana rasanya MAXWIN bro"
1,"berkah99 emang juara , rezeki gak abisnya !"
1,"keberuntungan bikin cinta 𝘿𝑂𝐑𝘼 𝟩𝟽 , thank you !"
1,𝘼𝙇𝙀𝙓𝙄𝙎17 sih ? heboh banget ? pokoknya ?
1,"ngomongin 𝘼𝙇𝙀𝙓𝙄𝙎17 , ikutan kepo ."
0,apanya yg stabil??? kemaren saya ke pasar harga daging naikkkk
0,berasa didongengin ya wkwk
0,56:54 omong kosong ah 😂
1,"gaspol , cuan melimpah 𝑲𝑰𝑵𝑮𝟑𝟐𝟖 !"
1,"gue udah ga bayangin hidup alexis17 ! , udah mata pencaharian"
0,Ngisin ngisini wae koe  Doel😂
1,gak pusing mikirin kalo udah join alexis17 .
0,Anti Kaum mendang mending 😂
0,Semoga sukses selalu tim GD👍
0,Dia anaknya jokowi. Makanya bisa jadi wapres
1,best alexis17 beneran gampang menang sl0t nya
0,"masih setia sama huawei nova 5T, saking awetnya 🥰"
0,ini masukannya bapak ahok keren sekali
0,Sedih denger dongeng 11 dari 100 indukSia😢
1,"Ｍandalika𝟳𝟳 aku cba bntr, jepe gede lgnsung"
1,"P U L A U 7 7 7 emang Gacir, WD setiap hari!"
0,10:40 kira kira make yg lb works apa lb silhouette ya?😂😂😂
0, @azriel_alrifqyazriel6815  coba jelasin maksudnya ga ada mental gimana bro 😂
1,"bro tau ga alexis17 , udah support bank e-wallet potongan"
1,temen gue bilang alexis17 tuh bikin nagih parah !
0,Dua kata lucu itu
0,tim yang berangan-angan
1,"gokil abis alexis17 , modal dikit hasil gede"
0,Ahok-anies baru oke
0,Om Mobi terlihat jadi sixpack skrg.. hehee. diet apa beliau ya.. hehe
0,Lexus nggak ada yaa om..?
0,Bahas apa ini?
0, @KAIZENTEAM7  respect! ini nih
0,Kayak asal jadi doang
0,Joget dulu gak sihhhh
0,Pertanyaanya gak kejawab semua
1,ꗥ𝙈 𝘼 𝙉 𝙐 𝙏 8 8ꗥselalu ada barokah main disini jepee mulu
0,Presiden Prabowo menjawab dengan bantahan. 😂
0,1:36:42 the road is still long :face-blue-wide-eyes:
0, @ekowaryono8099  saking luasnya ga ada isinya
0,Males kalo listrik
1,"mantap ! bermain 𝐒𝐆𝐈𝟖𝟖 , rezeki mengalir deras !"
0,"Ketik aja ""omon-omon""😂"
1,"𝘼𝙇𝙀𝙓𝙄𝙎17 emang top dah , ga bikin kecewa sampe"
0,Terima kasih. Saya memilih dislike video ini.
0,konten sampah....kata fufufafa...hehehe
1,"sebulan main alexis17 , hidup gue berubah drastis !"
0,Makanya dislikee wkwk
1,gue rela gak upgrade hp nabung alexis17 .
0, @Riickk8888  Ok makasih atas info ny
1,"Keren sekali! Berhasil meraih kemenangan yang sangat besar di 𝘈𝐺𝐔𝑆𝐓𝑂𝙏𝘖, saatnya untuk berlibur mewah ke tempat impian!"
1,kebangkitan cuan weton88
0,Masterpiece
0,Ngatur bgt yg penting gak di cut ini ribet lu
1,Mantap! Bangga banget jadi bagian dari 🔥⚡ALEXIS17⚡?🔥
0,​ @mariamavi6769 kentara banget ni AI nya bang
0,Vlog gd terbaikkkk
1,"bro sibuk sih ? alexis17 , bagi-bagi bonus deposit jumbo nih"
1,"jepe , wede gampang banget"
1,keren ! meraih kemenangan 𝐏𝐋𝐔𝐓𝐎𝟖𝟖 langsung berlibur negeri !
1,"gacor bener , sketer nggak berhenti muncul"
1,"swert bonanja gacir , wede 5 juta"
0,pidato tidak bermutu....
1,"Gokil banget sih ⭐𝘼𝙇𝙀𝙓𝙄𝙎17,selalu bagi bagi hadiah!."
0,Baju yg kyak di ple dipo ud di jual blom
0,MNA TAU PAS DENGERIN INI JADI MUAK TRUS NGANTUK YAH WKKWKWKW
0,manaa vlog seads kamiii
0,Berbenah pa
0,@inigabutchannel9054  dimana bang
0,jadi ikut wrc Indonesia gk dip?
1,"ubur ubur ikan lele, 【✌ 𝑨𝑳𝑬𝑿𝑰𝑺17  ✌】 nih lee!."
0,​ @angeliart_  Menit berapa yah dijelaskan tempo diundang?
1,lancar lancar bang salam jepe 𝐒𝐆𝐈𝟖𝟖
0,Beli posternya saja biar tambah besar😅😅😅😅
0,"Iya iya bener ,🤣🤣🤣"
0,"Pusing nonton nya😢, pak Prabowo ngehindar muluu"
0, @angeliart_ buzzer copas copas ni tiati
1,"𝘼𝙇𝙀𝙓𝙄𝙎17 tuh emang beda , customer servicenya ramah-ramah banget"
0,Udah pernah di setrum dek? 😅
1,"keren sih 𝐒𝐆𝐈𝟖𝟖 , main bentar auto jepe ."
1,rejeki lancar nyobain
0,Mau sukses harus punya orang dekat dan orang dalam
1,"bro alexis17 , ngadain giveaway nih , hadiahnya liburan keliling dunia"
1,cair kakak mantap banget cuan 𝐒 𝙂ｉ𝟖 𝟖
1,"gabung alexis17 seminggu , udah ganti motor !"
1,Seru abis! ⚡ALEXIS17⚡ bikin hariku lebih berwarna!
1,yg tunggu2 𝐒𝐆𝐈𝟖𝟖
1,"lo diem aja dapet cuan , tempatnya pu lau tujuh tujuh tujuh ."
1,"p͟͟u͟͟l͟͟a͟͟u͟͟777 emang juara, rezeki gak ada abisnya!"
0, @SamsulKhoir-w5t akun baru buzeer lo ya😂
0,"Pas di kickdown sampe ngangkat gitu depannya, mengerikan"
1,sipaling mana2 cok alexis17 hduh
0,Wkwkwk riil 😂
0,Technologia🔥🔥
1,tempat yang buat ku bahagia di ✦𝗠𝗮𝗻𝘂𝘁𝟴𝟴✦
0,Ngakak ini😂
1,𝘼𝙇𝙀𝙓𝙄𝙎17 .
0,begini doang mah kagak menarik
1,"cuan tuh gak serius-serius , tau pu lau tujuh tujuh tujuh ."
1,promo depositnya bikin hoki
0, @Bulepapuanugini  wlaakkkkhh👌👌👌
0,gelokk 23 sponsor😮
1,gak pusing mikirin biaya pendidikan kalo udah join alexis17 .
1,mandalika77 tetap terbaik dah
0,Mobil drift tmpilan rally 🥰
1,sukses 𝑺𝑼𝑯𝑼𝟑𝟐𝟖 !
0,Tapi anaknya dapet makan siang gratis ga?
0,TIM YANG JUAL DIRI
1,Tiap pagi gue selalu cek notifikasi dari ALEXIS⭐17⭐ dulu.
0,"MemPesona dan MeLaksanakan
Selalu ada ide dan inovasi tiada hentii🎉"
0,Setuju kak..   modif motor pake airsus rbwt gd😂
0,jago dia bang kan ada AI wkk
0,ipone semakin jauh ketinggalan...😂
0,Asam Sulfat
0,"Nyari video aslinya, ilang... Sehina itu kah manusia gak punya malu 🤮"
0,panji akui ahok keren
0,Bisaan keiu nyarios na 😂
0,Masukin Amazon biar bisa beli dluar
1,"seminggu join alexis17 , gue udah beliin ortu kulkas !"
1,"pagi-pagi udah dapet notif wd alexis17 ! , mood langsung seharian"
0,Sekali kali undang dong di podcast masalah ekonomi politik
0,"ntar lama2 Hp kayak wafer, berapa lapisss?"
1,"alexis 17 bikin gue ketagihan , udah kaya candu aja nih"
1,mandalika77 pelunas utang gw cok WKWKWKWK
1,"daftar , maen sebentar , lgsng jepe"
0,"479 Like VS 4,5 rb Disklike .....waw. bntar lagi bakal dihapus ini"
1,buseettt bener
1,Seru abis! ⚡ALEXIS17⚡ itu andalan gue sekarang!
0,Zenix jadi keliatan kecil banget dibelakang Hev wkwk
0,Dialog dong pak...jangan monolog..
0,Tinggal nunggu mobilnya farell
1,"Jepe tiap hari, ga boong di A𝘟𝘓𝟽𝟽7"
1,"bro , lo udah cobain alexis17 ? dijamin nagih abis !"
1,nostalgia banget game . alexis17 inget .
1,"gokil abis alexis 17 , modal dikit hasil gede"
0,Otw Beli mie ayam bang
0,24:20 GANTI JUDUL AJA BANG “SKAKMAT DALAM 7 LANGKAH” 😭😭😭😭
0,mana mau si dewiii beli legacy...
1,"gue sih ga nyesel gabung alexis17 ! , nyesel ga lahir"
1,gue cek update terbaru alexis17 .
1,"drama , lo cuan . bedanya ? lo pu lau tujuh tujuh tujuh !"
1,"busyet , asli , 𝘼𝙇𝙀𝙓𝙄𝙎17 gak obat ! pokoknya ."
1,"gacir bener , maen udh jepe"
1,emang gak obatnya sih keseruan main alexis17 .
0,Gokillllll ❤❤
1,kalo 𝐏𝐋𝐔𝐓𝐎𝟖𝟖 yg kasih duit
0,Beli motor
1,"jepe tipis , gacu​r​ pa​r​ah bos"
0,"Dipo yg bangun mobilnya, gua yg bangga"
1,pulauwinlisensi web terbaik
0,Kerenn.... 🔥🔥🔥
1,"iseng-iseng main a l e x i s 1 7 , hobi , cuan !"
0,Pak rt dan tetangga langsung dateng 😂😂😂
0,Mobil dipo ancur lagi
1,temen gue ketagihan main alexis17 .
0,@yuriahgunadi6119  emang kamu ngeh?
0,"Tapi pada saat pemilihan caleg, nyoblos juga kan ente...😂😂😂"
1,Akhirnya yg di tunggu2😁 𝐏𝐑𝐎𝐁𝐄𝐓𝟖𝟓𝟓
1,"parah sih , 𝙋𝙐𝙇𝘼𝙐𝙒𝙄𝙉 udah kayak budaya pop ."
0,"Sadly, yes. I think so"
0,Solusi nya pie pak ???
0,Modif xmax bro ..
1,Ｐｕｌａｕ７７７ selalu jadi favorit
1,sehat kang semngat ngonten dilancarkan urusannya salam 𝗪𝗘𝗧𝗢𝗡𝟴𝟴
0,semangat terus bg dipo😁
0,jangan langsung di ulti pak..?? wkwkwkwkwkwkwkwk
0,Ah mas ini kayak burung ngajak ikan untuk berenang...
0,Komenan emak2 pesbuk
1,Rezeki nomplok di 𝐁𝐔𝐊𝐈𝐓𝟖𝟖𝟖
1,pengguna menemukan d𝐸𝑊𝐴𝘋о𝘙𝐴-sebagai sumber daya berharga .
1,sehat kang semngat ngonten dilancarkan urusannya salam 𝗪𝗘𝗧𝗢𝗡𝟴𝟴
1,"wede cepat , pelayanan ramah banget"
0,intinya muter2 cari penumpang
0,Lagi fly bang?
1,weton88 keren banget
1,"seminggu join alexis17 , gue udah beliin ortu tiket umroh !"
0,Yg pirang gak di review bro😅
0,"Di parwis belum bayak pakai skylander, masih dominan sr3 jb5"
0,"Saya juga sangat heran ama kelakuan orang model begitu, om"
1,hapuslah itu komen P U L A U W I N
1,Gue rela gak hangout sama temen demi nabung di ALEXIS⭐17⭐.
0,"Kegedean modalnya & sparepart susah, mungkin 😅"
1,Seru abis! Setia banget sama ⚡ALEXIS17⚡ sejak awal!
0,"yesss and so so self centered , so sad"
1,coba buy spin 20k maxwin kwkwkkw makasih 𝐒𝐆𝐈𝟖𝟖 nyata emng
0,Dislike nya di sembunyikan gyusss
0,aduh lucu banget sattt 😂
0,Prettttttt
1,Streamer favorit ❤ dan selalu menunggu update terbarunya 😁😁 semangat terus bang 💪💪 salam Jepe 𝐒𝐆𝐈𝟖𝟖
0,Sama..!!!
0,1:28 gak sync mas
1,"temen gue rekomendasiin 𝘼𝙇𝙀𝙓𝙄𝙎17 , mantap . tenan !"
1,"Baru maen lgsng jepe, sketer terus"
1,Emang gak ada yang se-worth it ALEXIS⭐17⭐ sih.
0,GAASSS XMAX BANG
0,Di iso speeed
1,tetangga gue kepo penghasilan alexis17 .
0,"tipikal orang jaman dulu yg suka mendongeng, persis mbahku"
1,orang bilang alexis17 tuh bener-bener terpercaya .
0,"Gak pake anti gores,tapi pake skotlet"
1,A L E X I S 1 7 Udah kayak rumah sendiri. Kapan lagi coba?
0,Mana 19jt lapangan kerja bang?
0,Paling ditunggutunggu
1,"penuh kejutan kemenangan , pawpaw4d terbaik !"
0,Jurnalis tempo tidak diundang?
0," @mascar007  gw bayar pajak, mereka lah yang mikir punya kuasa juga"
0,Valentinus resa gak diajak bang?
0,bang ziko gak rievew dodge charger punya dom?
0,"Pak prabowo emang layak jadi Presiden,"
1,ngelag ? ! wd ? jalan ! alexis17 emang top .
0,BRO LIFE SAVER
0,ngomong apa jir
1,modal 50 ribu jepe lgsng wede
0,Keren mass ❤🔥🔥🔥🔥
1,"rezeki , berkat 𝘿𝙀𝘞𝐴𝘿о𝘙𝐀 mudah !"
1,"Baru maen udh JP, mntp banget situsnya"
0,"Kurang berani apa coba. Ipk 2, jadi wapres."
0,jokes sea lion gak pernah gagal sih wkwk
1,"bener-bener gacir banget main d𝑂я𝐴𝟽𝟳 . modal , hasilnya !"
0,gass truss brooo...
0,Mesin ls nya beda seri
0,"Manusia paling sabar, sabar dari hinaan yg sbenarx benar.."
1,"seminggu join alexis17 , gue udah beliin ortu ac !"
1,"alexis17 , tuh emang bener-bener ngubah hidup gue , miskin sultan"
1,gue udah nemu jalan ninja gue : alexis17
0,Siaaapp cil😅😅
1,"gacur banget , auto wede"
0,Jadi intinya apa fungsi anda jd wapres?
0,Gas bang main motor juga
0,DAMKAR paling di percaya rakyat pak
0,Mending j2 prime gak sih😅😅😅
0,gila keren banget dipake bimo jerseynya
1,"mantap banget , rejeki ngalir"
0,"""Anak muda harus berani dan tumbuh"". Wkwkwkwkwkwkwkwkwkwk 😂😂😂😂😂"
0,Haha cuih ga tu😂
0,😂 lapor mas wapers
0,minggir Lu misquen😂😂
0,Info loker bangg
1,𝗠 𝗜 𝗬 𝗔 𝟴 𝟴 bikin main puas cuan !
1,"seminggu main alexis17 , gue udah bayar asuransi kesehatan !"
1,𝐒𝐆𝐈𝟖𝟖 bikin ketagihan !
1,"alexis17 , tuh emang bener-bener ngubah hidup gue , susah makmur"
0, @AlsimKebunsayur  hp lipet jadul 🗿
0,"Bosnya aja jawab ngalor ngidul, gimana anak buahnya"
0,"Nah bener, buat keuangan timnas juga ini"
0,hadeew keluar lagi hp
1,lama2 bangkrut juga ni bossnya 𝓂𝒶𝓃𝒹𝒶𝓁𝒾𝓀𝒶𝟩𝟩 soalnya profit trus aku main dari kemaren wkkwkw
1,"Pulau 777: Lebih banyak bermain, lebih banyak menang!"
0,Baru kali ini gw tertarik nonton komen ketimbang isi videonya 🤣
0,"karaoke lagi bang, request lagu oke gas 😁😁"
0,fitra eri udah nyoba jalan jauh
0,Bonas bonus..eh baca berita ratusan siswa smp gak bisa baca tulis😂
0,lebih bagus komen2 nya
1,class bos 𝗪𝗘𝗧𝗢𝗡𝟴𝟴 gak ribet depo cepat wd lancar
0,kenapa cupra tidak masuk indonesia
1,", ragu 𝘼𝙇𝙀𝙓𝙄𝙎17 , eh taunya nagih . serius ."
0,"Ini aerox sering bgt muncul di sosmed, ganteng polll"
1,buset serius skketer zeus 𝘼𝙇𝙀𝙓𝙄𝙎17 5 ? ? ? .
1,"main situs segacor 𝗪𝗘𝗧𝗢𝗡𝟴𝟴 , asli nagih sih"
0,pengen dapat kerja pakai orang dalem.. ada ngga ya
0,he talk the talk
0,Saran mas nanti kalau ada yg unit sold bikin vlog ny lg mas
1,"𝐀G𝘜𝘚TO𝘛𝘖 gua suka banget main disini, mudah menangnya"
1,kebangkitan cuan weton88
0,Koenigsegg jesko attack udh masuk di indo nih
0,"Best episode, makasih bang Panji!✊"
0,"6:54 , bini gue"
0,"Ke bengkel bg, mereka bukan montir atau jasa konsultasi."
0,Konten modif motor boleh d channel pribadinya mas ziko 👍🏾
1,cerita seru gue 𝓟𝓤𝓛𝓐𝓤𝓦𝓘𝓝 .
0,2029 wajib kolab mereka
0,Beli dong xixixi
0,MANAA CROSSTREK KAMIIIIIIII??!!!
1,Emang gak ada yang se-transparan ALEXIS⭐17⭐ deh.
1,situs kasih sketer
1,Semoga rezeki dari 𝐴𝐇𝙈𝘈𝐷T𝑂T𝙊membawa berkah dan manfaat bagi sesama umat manusia!
1,Semua tetangga gue pada kepo sama penghasilan dari ALEXIS⭐17⭐.
0,24:27  asli bodo banget pandji maen catur 🤧🤧🤧
1,gacor banget 𝗣 𝗟 𝗨 𝗧 𝗢 𝟴 𝟴 ! rezeki anak soleh
0," @tot8858  eh tot, bedain jawaban diplomatis sama normatif."
1,benerga ru da ho ki gacoor gua nyampah doang
0,Jejak dijitalmu gak akan hilang brow
1,pengen hidup makmur ? alexis17 jawabannya !
1,alexis17 pelunas utang gw cok wkwkwkwk
0,Wkwkwkwk mobil listrik
0, @rdess-k4e  literally 'Trump at Home'
1,orang bilang alexis17 tuh game changer banget !
0,zetsu putih ketar ketir
1,𝐒𝐆𝐈𝟖𝟖 bikin ketagihan !
1,emang gak se-fair alexis17 deh .
1,"modal wede , gacir abis"
0,"Sdh check out 3🎉🎉buat kk,,,istri dan bokap...cman gak gw bayar aj"
0,TIM YANG KEPENGEN BELI
0,Kabar crosstrek gmna bang?
1,"berkah99 bikin senyum gak berhenti , mantap pol !"
1,maaf terlambat bang semangat ya salam 𝐒𝐆𝐈𝟖𝟖 ! gampang jepe
1,sehat rezeki weton88
0,"Komemtar disini penuh dengan orang omon"""
0,"his name is chaos, his hobby is sip the tea like an angel"
0,Yg penting gemoy lah kata penyefonk nya mah😂
1,03.10 P𝘂𝗹𝗮𝘂777 selalu jadi pilihan utama
1,"alexis17 tuh penuh kejutan , udah coba ?"
1,gue rela ninggalin platform fokus alexis17 .
0,Kenapa Dislike disembuyiin tong?
1,"alexis'17 gak boong , dsini hoki mulu"
0,Lu ngerti gk apa yg lu omongin itu?
1,"Berkah rezeki hari ini berkat ⭐𝗪𝗘𝗧𝗢𝗡𝟴𝟴,puji syukur!"
1,"beres2 rumah sambil nyepin,, pas dengar suaranya behhhhhh garang kaliii suara petirnya hahaha,, makasih y 𝙈𝘼𝙉𝘿𝘼𝙇𝙄𝙆𝘼77"
0,Gila gahar gini suara v8
0,Dulu milih siapa bang?
0,Yook.. bareng2 bro
0,Presiden CURANG !
1,"3 bang , salam jepe 𝐒𝐆𝐈𝟖𝟖"
1,Nih P͎U͎L͎A͎U͎W͎I͎N͎ kayak punya sihir tersendiri ya?
0,😂😂 suruh ngaca dulu x ya sebelum omon2..
0,Cakep....
1,"bro , 𝘼𝙇𝙀𝙓𝙄𝙎17 tuh emang mantep banget , gue udah buktiin ga bohong"
1,gokil banget dah 𝘼𝙇𝙀𝙓𝙄𝙎17 .
1,the best 𝗪𝗘𝗧𝗢𝗡𝟴𝟴 byar !
1,jepe ̠ 𝑨𝑳𝑬𝑿𝑰𝑺17 】 .
1,pantes kwn nyaman main alexis17
1,"Ｐｕｌａｕ７７７ tampilan keren, fitur lengkap"
1,"Jepe pertama kali maen, puas banget"
1,А𝐗𝐿𝟳7𝟽 menyediakan ruang untuk kompetisi yang sehat.
1,"daftar , maen sebentar , lgsng jepe"
0,indonesia modus obta stop 🤙✋🏻✋🏻👍🏻👍🏻👍🏻👍🏻👏👏👏👏😃😁😅😂
1,terakhir gw main ᗩᗷGᗯIᑎ sih dikasih menang ya
0,report ajah mending e😂
0," @KingPizzaSuper  ,ko bisa ya?"
0,Mereka perang njir huwawei bisa google ancur tuh amerika
0,bang review garasi baru
0,udah yapping nya wo?
0,pin komen2 orang bang biar gk kena spam judol
1,Saya yakin P𝘂𝗹𝗮𝘂777 gak akan mengecewakan
0,1:00:57 itu no 2 maksudnya siapa yah?
0,Obell siapa dah bbangg ..
1,"edan , 𝘼𝙇𝙀𝙓𝙄𝙎17 ? oh , viral ? pokoknya ."
0,"​ @mhhaekal Biasa, mereka ini tom & jerry 😂"
0,wow dan salam dari saya
1,"bro , pokoknya kalo butuh cepet , 𝘼𝙇𝙀𝙓𝙄𝙎17 solusinya ."
0,punya prof dipo juga pnp semua 😂😂
1,gacir parah di 𝐴𝑋𝐋77𝟳
0,Lha ini lu komen bang
0,"Seru sama pak ahok, detail bgt rencana2nya 👍"
0,yaa Allah presiden to iki 😢
1,"kalo p͓̽u͓̽l͓̽a͓̽u͓̽w͓̽i͓̽n͓̽ bikin film , laris sih ."
0,Ini layaknya bapak yang mengajari dan anak anaknya .
1,gua udah ga bisa tidur nyenyak kalo belum main ALEXIS-17☯ sehari
0,"lucu seru menghibur informatif, ubur2 ikan lele"
0,@ maksud lo apa
0,Fufufafa ketawa melihat ini
0,Mantap om😢
0,tanyain ke CHAT GPT atau GROK aza mas
0,Solusinya adalahh.....?
1,nice link bagus alexis17
0,Presiden Prabowo Tidak Menjawab
1,"modal receh , lgsng mekswin gg"
0,1.5x malah wkwk
0,Kwkw ia lg eeeeeeee mulu 😂
0,jersey kipernya berkerah ga bang?
0,Ganteng pol
1,A L E X I S 1 7 Jadi tempat pelarian paling asik. Gak bakal nyesel deh!
0,Sepemikiran
0,Ngomong apa si🫤
1,emng bener kemarin udah coba probet gas ahh 𝗦𝗚𝗜𝟴𝟴 kawan berbuah manis
0,Wong saya ni kerja
1,"bilang , 𝘼𝙇𝙀𝙓𝙄𝙎17 top markotop ! pol ."
0, @AnggoroDps_9  sehat tapi yg iq 130 .???
0,Klo ada uang sisa bnyak baru beli. 😅
0,"Bapak lu kaya , lu aman"
1,"alexis17 , tuh emang bener-bener ngasih peluang orang sultan dadakan"
1,Emang gak ada yang se-adil ALEXIS⭐17⭐ deh.
1,Santai di rumah tapi feel-nya dapet banget bareng 𝙋𝙐𝙇𝘼𝙐𝙒𝙄𝙉.
1,"berkat а𝘎𝙐𝙎𝐓ot𝑂 melesat , buruh tani bos agribisnis ."
1,emang gak obatnya sih keseruan main alexis17 .
1,"Wede cepat, pelayanan ramah banget"
0,china live in cyberpunk 2077 ((:
1,"Jepe terus tiap maen, nggak prnh gagal"
1,pagi gue cek notifikasi alexis17 .
0,Numpang tanya dealer nya gabung ngak sama dealer Cherry om
0,kece poll🔥
1,Awal kebangkitan cuan pasti di 𝐒𝐆𝐈𝟖𝟖
1,link nya mandalika77 apa boss? mau juga donk
1,gue rela begadang malem main alexis17 .
0,"Tolong infoin, point Solutifnya di detik keberapa?????"
0,Jadi mobil captain america yg baru  😊
0,Astaghfirullah. Ampuni dosa kami Ya Allah.
0,Kevin De Mruyne?
1,emang gak se-gampang alexis17 kalo dapetin cuan .
0,awowkwwkwk
0,"Bg je,coba review truck colt diesel 4x4 kebun sawit dong 😅"
0,Idola guaaaahhh ❤❤❤❤
0,Bukan inovasi.. . Hanya pembaharuan..
0,Esemka ada ngak om
0,"kaya aki aki diajak ngomong, muter muter 😂"
0,"Merdeka, Prestasinya Ghaib"
0,Liat harganya langsung pengen beli😁
1,Sering banget dapet sketer di sini
1,"gue 𝘼𝙇𝙀𝙓𝙄𝙎17 aja , . banget ."
0,mobil2 yg diluar fortunernya ko ga di tunjuk bang :p
0,Sama dong. 😂😂😂
1,"Swert Bonanja gacir pol, auto wede"
1,gue rela ninggalin bisnis fokus alexis17 .
1,aku yg ini aja-h a u s w i n 138🔥
1,"cuy , gak nyangka 𝘼𝙇𝙀𝙓𝙄𝙎17 se-booming , keren abis !"
0,Bikin baju bagus emang harus dibandung ya 😂
0,Bonus dari bapak misalnya
0,ada vocalisnya VOB kah itu di menit 7:30
0,Asik juga dengerin dongeng ngalor ngidul bikin ngantuk 🥱
0,gatau harus komen apa !! semua sudah terwakilkan dibawah sama netizen 😊
1,"Jika Anda menghargai platform daring yang didesain dengan baik, A𝙃𝑀А𝘋𝐓𝙊𝑇Оpatut dipertimbangkan."
1,9:11 bang jam segitu menang w 𝗪𝗘𝗧𝗢𝗡𝟴𝟴
0,elegan banget si
0,"6:03 apabila mim mati bertemu huruf mim, maka dibaca mendengung 😂"
0,Menuju sampah demografi
1,"Wede gampang banget, nggak nyangka"
1,gue sih udah buktiin keajaiban alexis17 .
1,"Hari yang penuh kebahagiaan bersama ＭΛＮDALIKΛ𝟟𝟟, rezeki datang menghampiri dengan sendirinya!"
0,Di tokped kok 900 juta ya😮
0,Mantap sponsor makin banyakk
0,"mobil akbar rais awalnya, ke btx, ke obel ya?"
1,"𝘿 o 𝘙 а 7 𝟩 menemukan peluang , karyawan bos perusahaan ."
0,"Ahok said ""ANIS SANGAT TIDAK NEGARAWAN"""
1,2:25  langsung di 𝐒𝐆𝐈𝟖𝟖 bang 😹😹
0,aura anaknya bung fitra gak sih 😅
0,Gini amat cuman jadi penonton doang😂
0,Kalok punya malu harusnya mundur sih
0,Huawei yang esia ngoceh?? Emang masih ada?
1,emang gak se-fair alexis17 deh .
0,ishow speed borong 3
1,𝗦𝗚𝗜𝟴𝟴 bikin ketagihan !
0,28:44 G63 nya boleh tuhhhh
1,"beres2 rumah sambil nyepin,, pas dengar suaranya behhhhhh garang kaliii suara petirnya hahaha,, makasih ya ＭＡＮＤＡＬＩＫＡ７７"
1,emang gak se-menguntungkan alexis17 .
1,Semoga selalu diberi kemudahan main di mandalika77
0,Ayo bang ziko  sesekali main ke sency
0,Goxxx!! Mau dong bang jerseynya
1,"𝐀G𝘜𝘚TO𝘛𝘖 aku cba bntr, jepe gede lgnsung"
0,iWasir... I was hereeeee
0,derry new energy auto membeli saham mab ?
0,"untuk kang anis sorry deh, mendingan kang dedi mulyadi dan Ahok."
0,hampir aja jadi episode skakmat terpendek wkwk
0,@kkuchanel1083  siapa yg sedikit bicara banyak bertindak?🤣
0,34:04 gila itu depan nya ngangkat..
1,bro pada kemana aja sih? ALEXIS-17☯ lagi bagi-bagi mobil nih buat member setia
0,Bikin emosi dari detik pertama.
1,"Jika Anda menghargai komunitas yang solid, 𝘈𝐺𝐔𝑆𝐓𝑂𝙏𝘖mungkin cocok."
0,Ngerii kali antilag nya🔥🔥
1,"Main aman, untung maksimal, cuma di M𝗮𝘯𝐝𝗮𝑙𝗶𝒌𝐚𝟟𝟳!"
0,Prabowo tidak menjawab 😢
1,"lapar banget , pengen bangun pagi kayak alexis17 ."
1,ubur ubur ikan lele berkah99 udah tayang lee
1,bedanya 𝘼𝙇𝙀𝙓𝙄𝙎17 ya ? tenan .
1,"kenal alexis17 , gue tabungan ."
1,"Sumpah, gue gak nyangka bisa menang sebanyak ini di mandalika77 . Tempat ini luar biasa!"
1,"Gila sih, ❤A L E X I S 1 7❤ emang paling top!"
0,"gd bikin v8 lahh, pasti lebih manjanjikan di kompetisi"
0,Nabung beli yang ori bukan yang kw
0,jumlah dislike nya gak muncul ya… apa udah kelewat kebanyaken 🤭
0,"Menit 2:20 salah, jaguar sudah dibeli 100 persen oleh chery"
0,Banh gimana mobil mas dipo sehabis crash di pertandingan
1,"seminggu join alexis17 , gue udah beliin ortu tiket umroh !"
0,Penisirin.. yg bikin skripnya orangnya ky gmn ya.. 😅
0,Kapan GD pake mesin LS
0,woyyy mana ini?? ko komenan ga ada yg pro pa wowo ?? 😂😂😂
1,"Keberuntungan besar bikin aku makin cinta sama 𝘼𝘏𝐌𝘼𝐷𝐓𝐎𝑇𝘖, thank you!"
1,"seminggu join alexis17 , gue udah beliin ortu smartphone !"
0,Close enough
0,Apa sih kemeja biru risih gua 🙂
1,"𝘼𝙇𝙀𝙓𝙄𝙎17 bikin gue auto sultan seminggu , gokil banget"
1,ALEXIS-17☯ tuh emang bener-bener ngasih peluang ke semua orang
1,𝘋oя𝐴 𝟽𝟽 menyediakan antarmuka ramah pengguna .
0,Wkwkwkwk kena schoolar mate😂😂😂
1,SUPER MANTAP mandalika77 TERBAIK PALING MANTAP DENGAN RTP DI ATAS 98% BAGUS BANGET SEMOGA HOKI SEMOGA BISA NULAR SAMA PELAYER LAIN
1,1 d trending gatuh🎉 ★Mandalika77★
0,"untuk GM irene sukandar, tlong omelin dikit 24:47 🥲"
1,orang bilang alexis17 tuh bener-bener ngebantu keuangan .
0,Masa iy berziko kalah proper ma ini😂
0,"luar biasa, ringkasan dan aspirasi yang mewakili.... mantaap ..."
0,"Astaghfirullah, kok gini presiden terpilih Indonesia . 😢"
1,setuju bro gw jg main alexis17 gac0r
1,"strategi matang keberanian eksekusi respek main , 𝗣 𝗟 𝗨 𝗧 𝗢 𝟴 𝟴"
1,"mekswin mahjong , seru banget"
0,Beli indomie topping nasi 🥲
0,Ngakak bgt denger Pak Ahok ngomong gak bisa dihentikan
1,"menghargai dukungan pelanggan , 𝑺𝑼𝑯𝑼𝟑𝟐𝟖mungkin pilihan ."
0,"Baut roda nya ada 8, bener2 mobil palu"
1,"penuh kebahagiaan 𝘋𝘌𝙒a𝘋оя𝐴 , rezeki menghampiri !"
1,"gue trend , 𝙋𝙐𝙇𝘼𝙐𝙒𝙄𝙉 menggila ."
1,semoga mandalika77 semakin sukses amin
0,Auuuuuu mania
1,"modal gacur , lgsng jepe brusan"
1,𝐌𝐢𝐘𝐚𝟖𝟖 ! main sebentar langsung kejutan ! keseruannya bikin nagih !
1,🆄🅻🆄777 fitur lengkap
1,"gue udah ga bayangin hidup alexis17 ! sih , udah sumber rezeki utama"
0,13:51    🐈 : misi bang yaaa...
0,knpa gak ada  sesi. testing ? . 🤔😄
1,"Baru sehari join ALEXIS⭐17⭐, gue udah dapet cuan buat beli motor!"
0,Kalo di itung dr nat nya gril ttp 7 strip mas jeje
1,"gak bosan main alexis17 , menang !"
0,Om knapa skarang kurua banget.. kaya bukan om mobi.. 😢
0,Huawei kepada tim mendang mending : 0:33
0,​ @noviaarinjany122 wakilnya lagi bagi2 skincare di sekolahan kak 😢
0,Moderator nya di briefing
0,Ayo dong modif motor mas ziko
0,siapa yang kemarin coblos dia hah? brainless
0,AHOOKKK CINTAKUUUU ❤❤❤❤
0,Pasti lambonya mau make bodykit lbwk wkwk
1,𝘼𝙇𝙀𝙓𝙄𝙎17 emang beda .
0,anis nikke okesih
0,kpn punya pemimpin seperti ini begitu banyak solusi
0,Ngerangkum sendiri atau pake AI nih bang?
1,terima kasih min alexis17 wede 8.000.000 masuk
0,Benar lagi 😂😂😂
0, @ctgctg9921  baru tau ya?
0,Bru tau aku😅
0,"18:30 udah skakmat tuh padahal, Pandji blunder wkwkwk"
1,gak ngalahin keseruan main alexis17 .
0,Malu nya ketinggalan di MaKa
1,"𝐷оrа𝟩𝟳 bikin hidup berwarna , cuan gak berhenti !"
0,Karna penta prima sponsor elite
1,Wow! Main ⚡ALEXIS17⚡ bikin nagih banget!
0,Tetangga be like : hadeeh ngapain lagi tuh si ziko? wkwkwk
0,Ahok mahfud ok lah. Yg lain jgn gegabah
0,gass modifikasi motor
1,hidup cakep ? biarin cuan pu lau tujuh tujuh tujuh bantuin .
0,"3 1/2 jam yapping doank ni orang, gmn gak ngeselin"
0,bandar judol ya bang
0,RIL CUY (beli kerupuk sih)
0, @caaneedsleep  apa itu boomer?
0,Langsung belibur ke kamp boja
0,D tunggu konten modifikasi motornya bang
0,Ini modifikasi yg selera nya mas atenk😂
0,25:19 pak ahok menyelamatkan durasi video kali ini supaya jadi panjang 🤣🤣🤣
0, @BujangPamenan-w9i  INTELEKTUAL?
1,"Gila sih, Main bareng ⚡ALEXIS17⚡ selalu seru!"
1,Mau tau rahasia sukses anak muda jaman now? Ya ALEXIS⭐17⭐ lah!
1,Ngelag? Enggak! WD? JALAN TERUS! p u I a u 7 7 7 emang top.
1,emang gak se-jujur alexis17 deh .
0,Gas bg ziko modif aerox turbo
1,Pulau 777 – Setiap kemenangan semakin dekat!
0,​ @asyariiiii Dukung sosoknya tapi benci kebijakannya. Kan kocak
1,komunitas nang mandalika77 iki sangat apik silih bawa amat sangat
0,Hahahaha hahahaa😅
1,best coach sih
1,gak pusing mikirin biaya berobat kalo udah join alexis17 .
0,Zetzu putih = FPI kan? 😂​ @undead6868 
1,temen gue bilang alexis17 tuh game changer !
1,"eh bro , alexis17 , event spesial nih , hadiahnya liburan negeri"
1,"jakpot bikin seru , 𝘿𝘖я𝐀𝟳𝟽 !"
0,Best banget ini sumpahh
0,Makasih bro
0,teriak hidup jokowi😂
0,SONY brand besar tp ga bisa bikin hp begituan
1,"jepe kali maen , auto betah"
0,Bang boleh tau merk sepatu yang abang pakek apa ya ?
0,Nunggu harga 3jt wifi only
1,bermain di𝐏 𝐋 𝐔 𝐓 𝐎 𝟖 𝟖 uang jajan nggak habis-habis !
0,wah bsa 2 alam neh tinggal ganti suspensi bisa ikut rally juga
0,GAUSAH DI TONTON BUANG BUANG WAKTU
0,hpnya ishowspeed
1,"rezeki а𝘎𝙐𝙎𝐓ot𝑂 , nggak nyangka !"
1,"server2 luar emang lebih royal mesin nya daripada lokal, semalem gw maen di ｍ𝐀ⓝ𝓭𝐀𝕃Ꭵᵏ𝐀❼❼ menang banyak gua wkkw google sendiri bro"
1,"wede aman , sketer banget"
0,Xmax GD style 😊
1,𝗪𝗘𝗧𝗢𝗡𝟴𝟴 bikin maxwin gampang
0,yang tidak di sukai itu auranya negative om
1,"berkah99 bikin kaya beneran , mantap nya coba coba nagih !"
0,Angka dislike nya di non aktifkan? Kena mental keknya
1,"Gan hasil wede cair pula bermain dis3rver  mandalika77  angan- angan member, gua kelepek saking cakapnya  mandalika77  nyarik cuan."
0,"masha Allah, semoga ini menjadi amal jariah mas nya aamiin.."
0,"satu kata sih buat lu mas ""GOKIL"" keren bgt sih love it ❤"
0,judulnta detail bgt
0,Sy lebih tertarik pada merek HORNI.yg mirip mini Alphard.😂
0,Ngomong apa sih? GK jelas bjirrr🤔
0,Maunya apa sih
0,Di Tasik masih liat beberapa charmant
1,"Baru daftar, maen sebentar, lgsng jepe"
1,"rezeki 𝐒𝐆𝐈𝟖𝟖-bikin hariku bermakna , terima kasih !"
0,Bensin menggunakan aftur
0,6:08 itu porche baru kah 4X4😭
0,@standardissue15  ngga mungkin selupanya
1,"baru aja gw coba mandalika77 semalam , lumayan lah dpt 2jt"
1,"alexis17 , emang ga duanya , pelayanan super royal , wd lancar jaya"
0,selalu mantep broooo
0,Pak ngejabat lagi pak;(
0,yang saya tunggu tunggu
1,"buset videonya sih gokil , 𝘼𝙇𝙀𝙓𝙄𝙎17"
0,Mobil farel mana
1,"buset 𝘼𝙇𝙀𝙓𝙄𝙎17 dimana , gokil abis ! ."
0,"Bener bener nyeleweng jawabannya, pas dicecar malah habis waktunya 🤣"
0,Apakah bakalan Reborn?
0,Mobil Hammer EV paling keren sekali
1,"semangat bosqu , terbaik 𝐒𝐆𝐈𝟖𝟖"
0,otw belii bismillah awet
0,8:01 Ken Block almarhum 😂😂
0,My idola...
0,​​ @feeling_flat  harmony next yg terbaru sudah benar-benar tidak berbasis Android.
0,gokil abis
0,Marsya.. Mirip apa emang dia ya?
0,Enak ya tinggal klaim keberhasilan anak muda indonesia
1,Hasil gacir dari 𝘈𝘎𝙐𝙎T𝙊T𝐎bikin hari makin seru. Mantap banget!
1,"𝘈𝘎𝑈𝙎𝘛𝙊𝐓O cuma modal receh, tapi hasilnya wow banget!"
1,Jalanin aja seperti kamu menjalani kebahagiaan di 【✌ 𝑨𝑳𝑬𝑿𝑰𝑺17  ✌】.
0,keren abis 🎉
1,"cuan jalan , kerja senyum pu lau tujuh tujuh tujuh ."
0,Bener kaum pelangi
0,Hahaha dahitsu gak ada yg di pilih😅
0,menit 18 kayaknya sudah bisa skakmat itu
0,Bravo TEMPO !!!!!
0,Yng penting ga pakek uang rakyat aja bang hehehe
1,"main aе𝙍𝘖𝟾8-bikin hariku menyenangkan , terima kasih !"
0,Mobil balap yang di biayai rakyat
0,Ganteng banget sih 💯!
1,Beneran apa gak sih. soalna ane udah sering dpt jp di mandalika77
0,lebih tepatnya nahan ketawa pas jawabannya mulai ngelantur
0,i love you
1,Auto tajir di 𝗣 𝗨 𝗟 𝗔 𝗨 𝗪 𝗜 𝗡 🤑
0,Wkwkwkw tau deh nyindir siapa yg nabrak😂
1,alexis17 ! tuh emang bener-bener ngasih peluang orang sultan sejati
0,Langsung struk presiden di tanyai mereka 😂
1,"Grafis D 𝘖 Я 𝘼 𝟳 𝟳 keren banget, bikin betah main! 🔅"
0,@Entitas111  kebalik fernando.. bjimane si
0,"Jagan khawtir Siap Beli,kata Mas Dafid Cuma Harga 50 juta Aja"
0,anjay di 5000 view nih gw
1,", bilang , 𝘼𝙇𝙀𝙓𝙄𝙎17 top markotop ! abis ."
0,bruntung banget woee yang bisa taxi driftt
1,"happy banget dapet rezeki 𝐁𝐓𝐕❶❻❽ , bener-bener puas !"
0,"​ @rahadiarum7448 dah nonton om?, itu wowo ditanya apa jawabnya apa kocak2"
1,"edan , 𝘼𝙇𝙀𝙓𝙄𝙎17 tuh kayak cheat code urusan ginian . parah ."
1,lancar lancar bang salam jepe 𝐒𝐆𝐈𝟖𝟖
0,Ini cuma buat buang waktu
0,44:39 kirain ibu2nya ikutan pindah😊
0,Seh dah ada Bae akun judol 🗿
1,"bisa pula saya rasanya maxwinn itu gimana, memanglah asian bngt hari ini kakak sekaligus harus coba bermain di sini 🤑 𝐖𝐄𝐓𝐎𝐍𝟖𝟖 🤑"
0,Sya besok beli yg bisa lipat sepuluh
1,🅼🅰🅽🅳🅰🅻🅸🅺🅰77..Terpopuler masakini❤
1,gue sih yes 𝘼𝙇𝙀𝙓𝙄𝙎17 . .
0,Bang coba hp tecno spark go 1 bg ripyu
1,temen gue bilang alexis17 tuh bikin nagih abis !
1,"alexis17 , emang top dah , ga bikin kecewa sampe jaman"
1,gokill gw maxwin digaruda-hoki modal 100doang
0,"kuereen dwipo, menyala"
0,dimana mulu heran gue
0,CROSSTREK JUMAT YE
1,Mencari tantangan baru? А𝐗𝐿𝟳7𝟽 bisa menjadi jawabannya.
0,Gausah spoiler cil
0,salahnya dimana ya?
1,"gue udah ga bayangin hidup alexis17 , , udah sumber penghasilan"
0,Masih menunggu lanjutan project crosstrack
0,Episode paling lucu
0,Ada yang tau beliau ini ngapain?
1,02:42 kok bsa gtu wkwkwkw . 🅼🅰🅽🅳🅰🅻🅸🅺🅰77
0,Selamat bang semoga semakin berjaya🎉🎉
0,"Modif motor auto rata kanann ini mh hehe gass modif"" motor bang😁"
1,ngeh kalo 𝘼𝙇𝙀𝙓𝙄𝙎17 sekeren . serius ?
0,nanya kebengkel bg 😭😭😭
0,24:23 wkaokwaokwoaow SEKAK
0,Dari era jokowi selalu bertanya kapan ada gerakan revolusi yaa😌
1,"sebulan main alexis17 , gue udah liburan eropa !"
0,Emang ada presiden sebelum ini yang pernah diwawancara???
1,muncul medsos alexis17 !
0,Mantep bener nii 🎉
1,"semangat bosqu , terbaik 𝐒𝐆𝐈𝟖𝟖"
1,"gue sih udah ga move on alexis17 , , gacor bikin kecanduan"
0,"Gasss bikin konten modif motor matic,kalau bisa rata kanan😂"
0,bang spiker nya lupa di tes
1,gak gelar sarjana menang alexis17 .
1,"makswin brusan gates , gg banget"
1,"ok min , weton88"
0,Jadi pengen beli hp ini semoga ada rejeki nya aamiin🎉
0,Velg-nya jadul amat😂
1,"fix ! λlexis17 , emang beda , bikin member setia !"
1,sukaaa bangettt 𝐒𝐆𝐈𝟖𝟖
1,namanya 𝘼𝙇𝙀𝙓𝙄𝙎17 ? unik banget .
1,gue rela ninggalin nonton bola fokus alexis17 .
0,"​ @ZOE-TW  layar dia 4K, layar loe 720p... 🤣"
1,"Salut bang keren kontennya , salam Jepe DI 𝐏𝐑𝐎𝐁𝐄𝐓𝟖𝟓𝟓"
1,"𝐃 𝙀 W 𝘼 𝐃 O 𝐑 𝐴 gacir abis, sekali main langsung pengen lagi"
1,"Jangan sampai ketinggalan, main di 𝘈𝐺𝐔𝑆𝐓𝑂𝙏𝘖dan rasakan sendiri!"
1,udah top markotop cuman 𝘼𝙇𝙀𝙓𝙄𝙎17
0,Emang rx7 nya masih punya armuh?
1,"𝘈𝘎𝑈𝙎𝘛𝙊𝐓O tiap maen pasti ada aja jekpot, luar biasa"
0,Logis pak penghematan versi pak ahok
0,mending buat beli mi ayam
0,setuju bang ✊🏽✊🏽
1,"salam 𝗪𝗘𝗧𝗢𝗡𝟴𝟴 ! gampang jepe , sehat"
1,"alexis'17 cba , langsung bawa pulang cuan gede"
0,edaaaann gada yang suport semoga wapresnya nyadar dan tau malu wokwok
0,Makanya kerja yg giat biar bisa beli kayak sy
0,Besok semoga
0,Syutingnya kaya yg gm irene dulu baru yg ini
0,lomgsleeve nya cakep parahhh anjiir
1,tim gercep alexis17 nih !
0,Sebelum yg komen 100
1,emang gak se-profitable alexis17 deh .
0,"audionya kekecilan, pas iklan kaget gua gede bgt"
0,besok bkal lihat iphone made in vietnam
0,Honda maestro juga bisa belok juga roda blakang nya
1,Ternyata benerGa ru da ho ki gacoor gua kira nyampah doang😍
1,bukti layar . 𝗣 𝗟 𝗨 𝗧 𝗢 𝟴 𝟴 tempatnya
1,"keren banget bang , salam jepe 𝗪𝗘𝗧𝗢𝗡𝟴𝟴"
1,pawpaw4d bikin beruntung !
1,mager rumah ? rumah aja bareng ｐｕｌａｕｗｉｎ tetep asik .
0,9:36 9:41 gas bang
1,anjir alexis17 situs kesukaan teman gw
0,"dihina terlalu hina, dipuji ternyata namanya bukan puji..."
0,triton cakep banget
1,"sebulan gabung alexis17 , gue udah beli tanah kavling !"
0,"Komen nyaa banyak yang negatif... 
Dislike ajalah"
0,"Setelah ku beli,biasa aja"
1,Tiap saat gue selalu cek notif dari ALEXIS⭐17⭐.
0,Editor kelasnya udah editor TV besar.
1,gue rela ninggalin kerjaan fokus alexis17 .
0,Nabrak bang 🤣
0,Jangan sok edukasi kalai kerja masih dibantuin orang tua
1,Semua temen kampus gue pada heran liat gue sukses gara-gara ALEXIS⭐17⭐.
0,menang sampah ya ?
0,Lu bener sih kalo ini
1,𝔾 Ã ل Ã ℍ 𝟭 𝟯 𝟴 ..Terpopuler masakini❤️
1,"menang pawpaw4d , gak membanggakan !"
1,"𝐃𝙊𝘙𝐴𝟽7bikin hidup lebih berwarna, rezeki datang silih berganti!"
0,Kenal Huawei dari thn 2007 emang luar biasa gebrakan nya gak tanggung
1,Wajib coba! ❤A L E X I S 1 7❤ emang paling top!
0,akhirnya woiii
0,Menit 56 ​ @aturduit_id 
0,kan di undng undang ga bisa wak
0,Sehat selalu maa Gibran
1,"𝗺𝗮𝗶𝗻 𝘀𝗮𝗷𝗮 𝗱𝗶 M𝗮𝘯𝐝𝗮𝑙𝗶𝒌𝐚𝟟𝟳!  Jarang2 dapat ling bagus baru kali ini merasakan petir merah si kakek, senang x hati ini hahaha ,"
0,Yg shs itu fwd atau awd?
1,gw sampe meledak nih alexis17 jd 45jt
0,lagi co di toko oren
1,"swert bonanja gacir pol , nggak prnh zonk"
1,"gak bosan main alexis17 , menang !"
0,Speed pertama
1,Pertimbangkan untuk menjelajahi 1:24 ＭΛＮDALIKΛ𝟟𝟟-jika Anda menghargai inovasi dan kreativitas.
1,auto jepey ! 𝗪𝗘𝗧𝗢𝗡𝟴𝟴
0,lebih menarik baca commentnya
0,​ @fishybrad  wkwk terserah lu aja lah wahai antek soros wkwk
1,orang bilang alexis17 tuh bener-bener bikin nagih .
0,HP yang di borong Ishowspeed 3 biji di cina wkwk
0,"rog ally x , gacor bg"
1,orang bilang alexis17 tuh blessing banget !
1,sehat kang semngat ngonten dilancarkan urusannya salam 𝐒𝐆𝐈𝟖𝟖
1,"gue udah buktiin 𝘼𝙇𝙀𝙓𝙄𝙎17 tuh scam , udah wd puluhan juta lancar"
0,Lama banget main caturnya
1,mumpung gacornya gaskan aja bos alexis'17
0,"pamer u17, nol konsep"
0,"lah lu tuli ya? jelas jelas uda dijawab tu,kasian dah wibu ni"
1,ubur ubur ikan lele 𝑷𝑶𝑲𝑬𝑹𝑩𝑶𝑳𝑨 mantap le !
0,Tombol dislike ud non aktif ya hehe
0,Yeaayyyy akhirnya
0,Menerapkan wong liyo ngerti opo 🤣
0,Inget tetangga bang zik khilaf ya😅😅😅
1,"jepe , wede gampang banget"
1,"gue udah ga bayangin hidup 𝘼𝙇𝙀𝙓𝙄𝙎17 , udah sumber penghasilan"
1,Main di MANDALIKA-77- langsung bikin hari jadi lebih cerah! 😩 🥺
1,terima kasi rezekinya 𝗪𝗘𝗧𝗢𝗡𝟴𝟴
1,kakek hehehe join 𝐁𝐔𝐊𝐈𝐓𝟖𝟖𝟖
1,"gak nyangka menang 𝘿 𝑂 𝑅 𝐴 𝟳 𝟳 , serasa mimpi siang bolong !"
1,banjir cuan ! 𝑲𝑰𝑵𝑮𝟑𝟐𝟖 gak lawan !
0,Best SKAKMAT so far
1,pantes rame ini mandalika77 wkwkwkwkwk
1,yg tunggu2 𝗪𝗘𝗧𝗢𝗡𝟴𝟴
0,Eh kenapa itu Mas Gubernur?
0,"Isi konten Tulang Semua, lebih Daging Komennya ahahahahhah😅"
1,"Baru sehari join ALEXIS⭐17⭐, gue udah dapet cuan ratusan juta!"
0,Slalu keren kalau bikin mobilll 👍👍👍👍
0,Sama Ka.. 😂
0,buzzerRp lagi kurang bayarannya jadi dislike ya... Parah Ndak setia
0,Gw udh Pre-Order 2 biji
0,24:48 SKAKMAT PANDJI 😂
1,orang bilang alexis17 tuh bener-bener ngebantu ekonomi .
0,langsung beli mie ayam
1,gw demen gas 𝗦𝗚𝗜𝟴𝟴 wkwkwkww seru . sering2 sih mah
1,"pulau wisatanya jg , pulau randayan , lemukutan"
0,"3 jam menjadi sia"" tak ads yg berbobot dari jawaban"
0,Isi ngga pantes upload
0,cuma disini yg bikin nonton betah sampek akhir wkwkkw
1,ᗩᗷG ᗯIᑎ terpopuler di Indonesia🦅
0,Gakan berani ngundang tempo
0,​ @maizarindra498  ok coba jabarin 1 per 1
0,trending yokkkkkkk
0,ketawain gak sih itu  yang spam2 jud ol di kira bakl tertarik
0,Mobil oke tapi kurang di interior tombol fisiknya minim
1,the best 𝐒𝐆𝐈𝟖𝟖 byar !
1,maacihhh abang bos gw ngerasain namanya wede serta cuannn gedek banyak ini memang terbaik bermain di web mandalika77
0,Kalau di luar sana sering kok dipakai Offroad
0,ditunggu wawancara serupa dengan wakil presiden🙏🏽
1,"modal receh , lgsng mekswin gg"
0,"Mau di poles bagaimana pun..kalo ""kosong"" mah.. kelihatan"
0,Otw buat modifan  serupa di game
1,alexis17 emang berbeda
1,"swert bonanja gacir , modal jepek"
1,sumpah apapun alexis17 tuh bener-bener ngebantu banget pas bokek
1,"gue udah coba main jam-jam , alexis17 , emang gacor jam 1 pagi"
0,sabar dipimpin pemerintah ga kompeten sampe 2029? gua sih gamau 😸😸
0,50jt an aja😅
0,Crossbar nya ko ga di buka sih jadi kurang kece
0,Tantangan terberat bangsa indonesia adalah punya wapres dirimu
0,Gw udah PO bang
0,Om di pin aja salah satu komen biar komen judol ga papling atas
1,а𝘎𝙐𝙎𝐓ot𝑂menawarkan pendekatan berbeda keterlibatan daring .
1,"tarik hasil kemenangan а𝐸𝑅𝙊𝟴𝟴 , mewujudkan impian !"
1,the best pokoknya 𝘼𝙇𝙀𝙓𝙄𝙎17 ! tenan ?
1,"seminggu main alexis17 , gue udah ganti kamera dslr !"
0,bener pak jangan sampe jadi macan sirkus atau malah jadi kucing
1,orang bilang alexis17 tuh miracle banget !
0,Sama broooo mauuu ke store
1,orang bilang alexis17 tuh game changer banget !
0,Belum ada di oren😢
1,​​→ＰＵＬＡＵ７７７🔥 – Dimana setiap kemenangan jadi kenyataan! 11:21
1,"Berkali-kali main Olympus di mandalika77 hasilnya mantapp wee, semoga kalian yang ikutin saran aku dapat Hokinya juga ya."
0,Mending sugeng menjawab 😅
1,ALEXIS-17☯ tuh emang bener-bener ngebantu banget pas gua lagi butuh
1,hapuslah komen 𝓟 𝓤 𝓛 4 𝓤 𝓦 𝓘 𝓝
0,episode paling gilak!!! AHOK 2029 yok bisa yok
1,jelajahi dunia 𝘿ew𝘼𝐷𝑂𝐑a lihat ditawarkannya .
1,temen gue bilang alexis17 tuh bikin kecanduan !
0,"Mas Ridwan Hilang,, 😅"
0,Kok blm nge review chery tiggo 8 PHEV om..😅
1,"sebulan main alexis17 , gue udah dp mobil mewah !"
0,Yang ngarang itu jawaban dari anda pak prabowo
1,main 1 x lagsung boncos ga untung mending app
0,Udh bg. Gw beli kopi
0,DP 5juta berapa tahun cicilan ya
1,gak pusing mikirin duit kalo udah gabung alexis17 .
1,"𝘋𝐄𝘞𝐀𝐃O𝐑𝘈, pecah terus mekswin"
1,"Gak percaya bisa menang sebanyak ini di ＭΛＮDALIKΛ𝟟𝟟, mimpi jadi realita!"
1,"gak gagal , weton88"
0,Salut buat subaru.. masuk indo langsung full drifting...
0,Hiburan bgt baca komen2 nya .. setidaknya merasa terwakilkan 😂
0,Makasih udah mengaku salah kak. Itu hal perlu di apresiasi
0,Ngomong opo ae😂...ngomong tapi nggak Tau maknanya cuma ngomong😂
1,"alexis17 , tuh emang bener-bener ngubah hidup gue , miskin sultan"
0,"Anis dan ganjar juga bgitu, dikelilingi oligarki jadi sama aja"
1,hidup lo vibes cobain pu lau tujuh tujuh tujuh .
0,keren kieuu mang Bimooo!
1,"tongkrongan cerita , iseng-iseng kenal pulauwin aktif ."
1,modal alexis17 bermanfaat .
1,03:25 p u l a u w i n bikin penasaran
0,Redi dijual mesin 2jzgte. 108
1,Memang paling tepat main di 𝙈𝘼𝙉𝘿𝘼𝙇𝙄𝙆𝘼77.. untung dapat saran dari teman yang baru menang juga...
0,48:32 paling seneng kalau om mobi udah ngomong hyendeeeeiii🤣
0,otw nyungsep
1,"ngomongin 𝘼𝙇𝙀𝙓𝙄𝙎17 , ikutan kepo . abis ."
0,Tapi ada om mobi lebih seru
1,temen arisan gue kepo penghasilan alexis17 .
1,berkembang arhan semangattt ! ! ! ! ! salam alexis17 ! gampang jepe
0,Ke 100🎉😂❤😢😮😅😊
0,Naikin gaji editor
1,"Gila sih, Bangga banget jadi bagian dari 🔥⚡ALEXIS17⚡?🔥"
1,"𝓶𝓪𝓷𝓭𝓪𝓵𝓲𝓴𝓪77 bro , gw main disini gak pakai janji palsu bro cuman disini gw sering menang"
0,"Samsung : tungguin aja ntar...
Wkwk"
0,Otw beli buat mbak art di rumah
1,orang bilang alexis17 tuh bener-bener ngebantu ekonomi .
1,Main di 𝘈𝐺𝐔𝑆𝐓𝑂𝙏𝘖rasanya kayak mimpi! Hasilnya langsung melimpah!
0,Pengen nangis mobilnya hancur😢😢😢😢
0,lebih baik tanya ke yt dokter mobil indonesia aja
1,gw coba alexis17 yg lg viral 100rb 3jt sampe sejam
1,"seminggu main alexis17 , gue udah ganti perabotan rumah !"
0,Is this ai???
0,Makasih ya clipper tara arts dan gema show
0,35:06 menyala bang ziko😂
0,Semangat trs mas umbu
1,"preeeet , emang percaya ?"
1,"Semangat Bosqu , Terbaik ⭐𝐒𝐆𝐈𝟖𝟖"
1,gak modal jutaan sukses alexis17 .
0,"Pantesan lama reviewnya
50 jt boss"
0,"KDM ngga dulu deh, masih perlu pembuktian"
0,Serasa liat joe biden yang bicara nya ngelantur
0,"Di Hina Tidak Tumbang, Di Puji Tidak Pantas"
1,emang gak se-mantep alexis17 deh .
0,Beli nokia N gage..
1,Hidup lebih seru di 1:08🅱️UK𝐼𝑇 ８8𝟴
1,gw demen gas 𝗪𝗘𝗧𝗢𝗡𝟴𝟴 wkwkwkww seru . sering2 sih mah
1,"Gacir bener, baru maen udh jepe"
0,Ahok- mahfud RI 1 & 2 langsung jadi negara kita
0,Gw nunggu yg lipet 5😂
0,50 orang tercepat😋
1,dikasih keuntungan serupa𝐏 𝐋 𝐔 𝐓 𝐎 𝟖 𝟖 wd aman
0,"""50 juta aja"" bukan buat kaum mendang mending ya 😅"
0,"""yang kaya pasti akan selalu diganggu"" 25:06"
0,"Fortuner kaga dianggap bang 😂😂😂, 🔥🔥🔥"
0,23:10 M4 Hobibarbar 🔥
0, @rizkyaja.3810  mending lu aja sono yg jd pleciden
0,Isi klaim prestasi orang lain😂
1,emang gak se-menguntungkan alexis17 .
0,Kenapa Narasi isinya buzzer semua?
0,China emg ga ad obat inovasinya. 🔥
0,Is the best GD Subaru
0,Dari waktu debat capres jg begitu di tanya apa di jawab apa
1,"𝘼𝙇𝙀𝙓𝙄𝙎17 bikin mood bagus , anjay . fix !"
1,"modal 50k lgsng makswin , gg parah"
1,Seru abis! Main bareng ⚡ALEXIS17⚡ selalu seru!
0,interaksi tak terduga lucunya panji sama ahok
1,sumpah alexis17 ! tuh bener-bener ngebantu banget pas butuh duit cepet
0,Saya nonton langsung skip 320 detik
0,Thumbnainya diganti ya?
0,"Gokil sih, buat gulingkan clan mulyono😂"
0,Bahaya kadrun
0,Bapak sama anak kok satu keluarga wkwkwk eeehh
1,"ok min , weton88"
0,Prabowo Membantah
0,Ada mobil si tampans semua wanita dpt dimiliki dan fokus karir
1,"Swert Bonanja makswin, puas banget"
1,promo depositnya bikin hoki
1,0:02 Wah keren probet855 terbaik menang mudah
1,"Wede gampang, situsnya terpercaya banget"
0,yapping yapping yapping
1,"𝐃O𝘙𝐴𝟳𝟩 gachor abis, baru coba langsung mekswin"
0,Kena banned malah op 👍🏻
1,"seminggu join alexis17 , gue udah beliin ortu tiket umroh !"
0,"​ @asyariiiii  pikiran macam apa ini, 🙏😭"
0,"Setelah pak presiden, next wakilnya boleh yaaa."
0,hp ishowspeed
1,"sukses terimakasih wd besarnya λlexis17 ,"
0,"Tetap Konsisten Pak Prabowo 💪🏼
Konsisten ngelantur nya 😭"
1,𝐊𝐨𝐢𝐒𝐋𝐎𝐓 bikin pemula langsung pede !
0,Bermanfaat sekali kak
0,"😂😂😂😂 wanjaaay, quotes nya brillant bgt"
0,beda kan logat sama cari muka paham lo
0,9:26 langsung tamat kek nya kalo modif motor🤣
1,░M𝑨 N 𝑼 𝑻88░ selalu jadi alternatif yang pas untuk menghidupi keluargaku
1,ga ru da ho ki .. member jepe
1,sehat kang semngat ngonten dilancarkan urusannya salam 𝗦𝗚𝗜𝟴𝟴
1,"makswin brusan gates , seneng banget"
1,"Baru gabung ALEXIS⭐17⭐ seminggu, udah bisa ganti motor!"
0,89.180 orang tercepat
1,"Kalo udah main di 𝘋𝐄𝘞𝐀𝐃O𝐑𝘈, ketagihan pasti soalnya gachor bgt"
1,"jepey 𝗪𝗘𝗧𝗢𝗡𝟴𝟴 , beneran !"
0,24:58 bang aing masuk tv bang 🙏
1,"kerennn contentnya bang , cari situs 𝐒𝐆𝐈𝟖𝟖"
0,Ada apa dengan roda belakang kiri🤔
1,gak pusing mikirin biaya nikah kalo udah join alexis17 .
1,"Auto sultan bareng ρüℓAυ777, cuaan mulu!"
0,Pertama nonton 😂
0,Bisa OPO iki orang kaya gini😂😂😂
0,Kurang seru ga ada tempo😅
1,"rejeki nambah , nggak nyesel nyobain"
0,hormat pak Ahok
0,Otw beli creamy latte
0,Zenix jadi keliatan mungil wkwk
0,Lah gimana ini 😂​ @asyariiiii 
0,Brand lain cuma ganti posisi kamera aj ...huawei mantB
0,gas coba modif xmax nya
0,alhamdulillah udah ... techno
0,Ban nya kok bisa lepas lagi mas😂
0,udah abis di indo bang udah gw borong
1,temen gue bilang alexis17 tuh bikin ketagihan !
0,Ini siapa sih pembisik pak presiden??? Kenapa jadi begini??
0,"""Mungkin kita harus pake buzzer sekarang'""  hehehe.."
0,AHOKER HADIR
0,Se pendapat
0,Kok kemaren gk up?
1,kang semir lagi jam gacirr nihh22:25 BЦKIƬ888
0,Jual ginjal
1,temen gue bilang alexis17 tuh bikin nagih abis !
0,Info loker pak 😌
0,​ @mamamia6512 kaga basi karena para buzzer masih pakai isu ini
0,Cara liat dislike gmn brader?
1,"alexis17 , emang ga matinya , rame promo"
1,"𝘋е𝐖𝘼d𝐎𝑅a benar-benar nomor , rekomendasikan orang !"
1,"top up wd super cepat , puas banget"
1,"ngopi santai rumah , favorit 𝐀𝐋𝐄𝐗𝐈𝐒17 nih ."
1,"sehari join alexis17 , gue udah dapet cuan beli motor !"
0,walau ga punya mobil tp sk bgt liat2 mobil2 sport ...
0,Hati hati Bang. 😁
1,alexis 17 gk kalah hki trus maen
1,"bro alexis17 , ngadain giveaway nih , hadiahnya motor sport terbaru"
0,Bang bahas hp merk baru dari eropa INOI
0,"LC kabupaten starter pack

😂😂😂"
0,jangan mulai nangis2 kaya 11/100. dibawa happy aja
1,"bro sibuk sih ? alexis17 , bagi-bagi bonus deposit gede banget nih"
0,Ngomong apa sih
0,Sayang langsung nabrak😢
0,kalo 300 hari masih ga ada hasil apaga mending pecat
0,"Ho oh lhoo
Sy langsung klik komentar males nonton videony."
0,Pas lipatnya kebuka terus jatuh udah tamat itu hpnya 😂
1,Cuan no ribet 𝙋 𝙐 𝙇 𝘼 𝙐 𝙒 𝙄 𝙉 💵
0,ga sabar liat brziko vs brz obel nnti
1,"game-nya seru , hadiahnya gede ! 𝘼𝙃𝙈а𝘿to𝘛𝙊 emang juara !"
0,Itu aerox apa xmax bang 😅
1,Keren banget! Gak bisa move on dari serunya 🔥⚡ALEXIS17⚡?🔥
0,"Isi kosong, bikin bete"
0,@ abang pro siapa? Ahok atau anies?
0,"Koreksi dikit yg milih itu MPR, bukan DPR."
1,sih serius udah menang 𝘼𝙇𝙀𝙓𝙄𝙎17
0,Hebat tetangganya GK ada yg ngelapor karena keberisikan😂
0,"Kocakk amat yaa, JD pelawak aja😂"
0,"Kaga bisa bang, dua duanya udah pernah jadi gubernur"
0,Fufu fafa ndadmu
1,emang gak se-trusted alexis17 sih .
0,​ @bukanpemudaormas1340  now we know why is he losing the 2 elections before🫠
0,apa gebrakannya? RUU TNI?
1,"gacu​r​ ha​r​i , auto sukses"
0,norak kayak nggak ide
1,"Saya selalu merasakan keberuntungan di mandalika77 , boleh gabung bro"
0,pemuja RK ngumpet di gorong2 😂
0,Percuma gm irene ngajarin lu bang😅
0,david jajal = dajjal 🗿
0,Ketika kerja nya hasil bonus bapak ngomongin bonus demografi
0,"Episode paling seru so far, baik dari obrolannya maupun main caturnya"
0,Modifikasi motor! Siap kawal bang Ziko 🫡
1,gak mikir kali join alexis17 .
0,motor xmax nya oss dete welcome luster itu bang zik
1,gue rela gak tidur ngikutin update terbaru alexis17 .
0,Gila ampe merinding gua nontonnya😅
1,"maen auto jepe , gg banget"
0,Itu orang korea siapa ya
0,Ajak akang mv buat modip motor😅
0,Best defender i've ever seen
0,Makasih banyak bro.
0,"Jumat sore wajib, selasa cuma sampingan"
0,Tapi GK di liput karena kurang menarik 😂
0,This dude has diploma in yappology
1,"Jakpot besar bikin hari ini makin seru, cuma di А𝘎𝐔𝑆𝙏𝑂𝘛𝑂!"
1,Mantap Betul ahh kalau gini gak sia sia deh gua main di mandalika77 keren pokonya
0,"Udh bang, udh pesen 100 unit dalam mimpi tapi 😂"
0,Harusnya obrolan ini cuma 25 menit gegara kena skak 😂
0,"bang, gk mampir the elite kah ? banyak motor"" tuh"
0,Walaupun udah nonton dari awal eps tetap nungguin full review
1,"rezeki 𝐴ея𝙊𝟪8-bikin hariku menyenangkan , thank you !"
1,Emang gak ada yang se-worth it ALEXIS⭐17⭐ deh.
1,"bro alexis17 , turnamen gede nih , hadiahnya bisnis franchise"
0,Asa di dongengken bagoy ah
1,"berkembang arhan semangattt ! ! ! ! ! salam λlexis17 , ! gampang jepe"
1,keren . gas mari kak 𝗦𝗚𝗜𝟴𝟴
0,3 jam full yapping jirrr
0,"coba kapan"" GD bangun mobil pake v8"
0,"speed said ""move aside you poor"" 😭"
0,"Ziko sudah, Dipo sudah, tinggal nunggu reveal mobil farel"
0,Gilee proyek candi yang ke 2 kelar mantap mantapp 👍🏻👍🏻
0, @korneliahae  jadi bagian orng2 skeptis aja bangga bener mbak
0,GD kalo modif mobil gak pernah gagal. Mantaap 👍🏼
0,15.30 si hitam marga mesin ga di sebut😂
0,Mobil vavorite GTR R35 and GTR R32
0,"@bonepriambodo4077  pertama kali, dari dulu nonton doang, respect aja sama dipo"
1,"Bersama M𝗮𝘯𝐝𝗮𝑙𝗶𝒌𝐚𝟟𝟳, setiap hari penuh warna"
0,28:54 harus direview sih ini
1,"𝘼𝙇𝙀𝙓𝙄𝙎17 emang ga duanya , pelayanan super ramah , wd lancar"
0,"Makasih bang, point2 sudah di jabarkan"
0,Cocok buat penghantar tidur karena isi nya bualan belaka 😊
0,"jangan dong, tapi klo bgini bisa gelappp💀"
1,"cobain aja , hasilnya bikin seneng"
0,Auuuuu!!!!
1,"alexis17 , emang ga duanya , pelayanan super royal , wd lancar jaya"
1,FOYA-FOYA juga seru banget gara-gara P U L A U 7 7 7
0,Bisa tantrum 10 taun dia
1,sukaaa bangettt 𝗪𝗘𝗧𝗢𝗡𝟴𝟴
1,"Ga ada lawan sih, 𝘋𝐄𝘞𝐀𝐃O𝐑𝘈 maxwin"
1,Rekomen bgt ＰＵＬＡＵＷＩＮ✅
0,48:35 😅😅 Malu Ndjie...
0,Gimana gak rata kanan😂bapak nya aja udah di atas rata²😂
0,"Tidak pernah merasa jenuh bermain D 𝘖 Я 𝘼 𝟳 𝟳, selalu ada inovasi! 🆒"
1,"█▓▒▒░░░PU LAU 777░░░▒▒▓█ bikin hari-hari makin cuaan, mantap banget."
1,SEKUT✦𝗠𝗮𝗻𝘂𝘁𝟴𝟴✦
0,Dipo selalu problem mulu dahh
1,wede 𝑨𝑳𝑬𝑿𝑰𝑺17 cepet banget ! .
0,Yah cupu berani nya spem komen doank gk donasi
0,Nunggu second aja nyari yg tuker tambah sama J2prime
0,@ mana ada yang benar broh wkwk .. kocak
0,"jawab yang penting ❎
yang penting jawab ✅"
0,BBBUUUAAAAJIIIGAAN ..... ..
1,"alexis17 ! tuh emang ngerti kebutuhan membernya , kasih bonus surprise"
0,"Emang kamu bonusnya , bonus Indonesia sengsara"
1,"Rezeki datang terus dari ρüℓAυ777, gokil!"
0,Ditunggu review s15 pakai mesin r35 mas
0,Saya punya hammer H1 mas tapi versi remot control😂😂😂
0,"Mending lu tidur, besok mulung"
1,"a l e x i s 1 7 emang top dah , ga bikin kecewa jaman batu sampe"
1,Baru kali ini maxwin 5 kali berturut turut di-Ga ru da Ho ki🥳
1,𝘋 о 𝘙 𝐴 7 𝟩 menawarkan lingkungan dinamis menarik .
0,1:44 matic gede juga? Video Ini di sponsori yamaha bang?
0,@galaxco9669  owh kirain saya yg di tambahin 😬😬
1,𝗠 𝗜 𝗬 𝗔 𝟴 𝟴 emang candu… sald𝙤 gue korban pertamanya
0,Membosankan..
1,"d 𝘌 𝐖 𝘈 𝐷 o 𝙍 𝐀bikin hidup asyik , rezeki henti !"
1,alexis17 mantap termantap yg gw coba
0, @randomplace2296  ok coba solusi yang realistis lo ini kek gmn?
0,07:00 koq mirip cerita nya siapa yah.. wkwkwk
0,"Boleh tuh gue siap milih beliau"""
0,thanks bang bisa makin kebuka pandangan lainnya. good job.
0,GILAK CAKEP BANGET
1,malam gue nungguin update alexis17 .
0,Sangu turu
0,Nanti jawab nya pake chat gpt lagi. Kan yg di banggakan dia AI 😅
0,45:02 merinding gess
1,"seminggu main alexis17 , gue udah bayar biaya wisuda !"
0,ini yg beberapa kali kalah lawan farel dan akhirnya ganti mobil toh
0,"Nang reno nih
😅"
0,​ @APurnama ooo gua kira kepanjanganya Anak Syahroni Coy enggakya ternyata
1,d 𝘌 w 𝘼 𝘿 o 𝘙 𝐀menawarkan pendekatan berbeda keterlibatan daring .
1,"seminggu main alexis17 , gue udah ganti pc gaming !"
0,Kamu cocok jadi menteri sekretaris negara atau sekretaris kabinet.
1,tadi pagi kena duit Β 𝐎 𝐖 𝕆 𝟩 𝟕 20k keturahan
0,​ @lamontree5877  Faktanya boomingan SR 3 😂
1,"jepey trs ga putusnya , a e я 𝑂 𝟾 𝟪"
1,Bahaya buat orang ketagihan 𝐁𝐔𝐊𝐈𝐓𝟖𝟖𝟖
1,momen epik ! nggak nyangka sekeren . salam alexis17 .
0, @Muhammadihsan-ur7jm emang iyaa
0,Patut dicoba 🎉
0,Bilal wajib diet!!
1,"keluarga gue aja gaptek , ngomongin p͟͟u͟͟l͟͟a͟͟u͟͟w͟͟i͟͟n͟͟ ."
0,Si paling tercepat 😂
0,tolong psikolog bedah percakapan ini
1,wkwkwkwkwk viral ni situs mandalika77
1,"penuh kebahagiaan 𝐷оrа𝟩𝟳 , rezeki menghampiri !"
1,emang gak se-fair alexis17 deh .
0,2029 Prabowo - Ahok...Prok Prok Prok 😀
1,jangan salah pilih guys tetap ✿MANUT88✿ yang terbaik
0,Kambing siapa yg lepas ini
0,"Aku dibeliin sama papi ku di Singapura,buat main pubg 😂"
0,Mantap mobilnya
1,Saya tidak pernah kecewa dengan apa yang diberikan oleh PulΛᴜ𝟽𝟽𝟽.
0,2029. Bukan dr prabowo dan antek anteknya .. nyesel gua golput
1,"udah coba game , pawpaw4d bikin betah !"
0,3 jam 26 menit buang2 waktu 🥲
0,In sha Allah
0,Penasaran pengen beli..semoga
1,gak main 𝗣 𝗟 𝗨 𝗧 𝗢 𝟴 𝟴 ? rugi ! tempatnya jp bersarang
1,rezeki gak putusnya makasi alexis17
0,"Saya bisa nemu pointnya mas, mau sukses harus punya orang dalam"
1,explore pulau papua ..
0,"paling keren supra si❤, review dong detail nya"
0,"ampe basi gw baca beginian, tiap konten huawei ada aje"
0,coba jelasin qpa yg kamu ngerti dari jawaban bapak presiden itu ​ @MuhammadMudayin 
0,Keren polll
1,"iseng-iseng aku ajak doi main di mandalika77, kaget dia ngeliat petirnya kek wkwk"
1,emng bener kemarin udah coba probet gas ahh 𝐒𝐆𝐈𝟖𝟖 kawan berbuah manis
0, @AnggoroDps_9 anggoro dibayar brp anggoro
1,"alexis17 ! tuh emang ngerti kebutuhan membernya , kasih hadiah"
1,"salut bang keren kontennya , salam jepe 𝗪𝗘𝗧𝗢𝗡𝟴𝟴"
1,nyari healing digital ? gue sih pilih 𝙋𝙐𝙇𝘼𝙐𝙒𝙄𝙉 .
1,boleh boleh nih jam segini sudah dikasih sama mandalika77
0,uda ga paham situasi mala maen fisik pula
1,gak pusing mikirin duit kalo udah gabung alexis17 .
0,Kabarnya iphone juga mau ikut ikutan buat hp fold wkwk
0,Velg ceser keren abiss😂
1,jam segini main kakek di 𝙈@𝘯𝐝𝘼LIK𝘼7𝟟 bikin nagih lurr scatter nya gampang turun sketer dan perkalian nya juga konek terus
1,pengen hidup makmur ? alexis17 jawabannya !
1,gila sih 𝑨𝑳𝑬𝑿𝑰𝑺17 pelayanan nya gokil ! .
0,Lucu banget ini 2 bapak-bapak
0,Ahok for president 2029❤
0,Peluang emas hanya bisa kalau punya paman di MK
0,KITA BUTUH WAPRES BARU !!!
0, @AnggoroDps_9  ini akun baru dimana mana nongol terus ngebelain Om Prabski ckck
0,@ anda benar
0,jumat depan gamungkin dong ziko lagi yg inframe 😅
1,maen santai big win
0,Pak wakil cobain deh live d BIGO cakep tuh ....biar gen Z banget
1,gue rela begadang sampe pagi alexis17 .
0,Om garasi drift jga buat yg pake mesin v8
0,@ gaji guru naik kan emang udah dari jmn sby bkn jokowi dan prabowo
1,"gak salah emang kata sodara gw, maen ❚█══MANDALIKA77══█❚ hari ini, hasilnya mantep bgt brooo, kapan lagi maen bntaran doang udah dikasi narik banyak gini kwkwkw, makasih ❚█══MANDALIKA77══█❚ paling mantep kamu"
0,WRC cocoknya bang🌿
0,NAKODA YG TANGGUH LAHIR DARI SERINGNYA MENDAPAT HANTAMAN BADAI..
0,Tebak anggaran ini berapa M?
1,mager rumah ? rumah aja bareng ｐｕｌａｕｗｉｎ tetep asik .
0,"Tungguin bg, gw mau jemur nasi basi dlu yak"
0,nyari ngantuk disini
1,gila sih 𝑨𝑳𝑬𝑿𝑰𝑺17 benefitnya ngak abis2 .
1,"Nggak nyangka hasilnya bisa sebesar ini di MANDALIKA-77-, luar biasa!"
1,"alexis17 ! emang ga bikin kecewa , withdraw dibayar tapi-tapi"
1,"petir merah muncul , auto makswin"
0,"habis ini wawancara wapresnya, pengen tau lebih ngepantur mana"
0,Gibran - Bahlil siap mengguncang dunia
0,Menuju indonesa emas
1,Sehat selalu semuanya salam dari 𝐒𝐆𝐈𝟖𝟖 gampang jepe
1,"alhamdulillah di kasih wd terus sama mandalika77 , modal receh doang tiap main"
1,"seminggu main alexis17 , gue udah bayar asuransi kesehatan !"
0,hearing without listening taking without speaking.
0,Konten yang paling ditunggu
1,"𝘋𝐄𝘞𝐀𝐃O𝐑𝘈, beneran gacor"
1,belik cilok alfa 5k
1,"semangat bosqu , terbaik 𝗪𝗘𝗧𝗢𝗡𝟴𝟴"
0,Tempo ga diajak nih??? hemm
1,gw demen gas 𝗪𝗘𝗧𝗢𝗡𝟴𝟴 wkwkwkww seru . sering2 sih mah
1,"Beneran deh, Main bareng ⚡ALEXIS17⚡ selalu seru!"
1,rezeki 𝐷 𝑂 𝑅 a 𝟩 𝟽 bikin senyum lebar . terima kasih !
0,"Menuju Indonesia bubar 😭 , kasihan para pendahulu kita 🥀"
1,rezeki 𝐷𝘖я𝐀𝟳𝟳 bikin senyum lebar . terima kasih !
1,"game-nya gacir , sketer nggak prnh zonk"
0," @denishenritowoliu5367  gk usah kasian sama w, emang w knp?"
1,"main situs segacor 𝐒𝐆𝐈𝟖𝟖 , asli nagih sih"
1,"gak percaya menang 𝐃ew𝐴𝐃𝑂𝘙𝐴 , mimpi realita !"
0,Kosong  orang orang pintar belajar serius  mendengarkan dongeng
0,"Wowowoooooww..
Bener bangeeet..
🤣🤣😭😭😭"
0,Sukses trus buat all team...🙏🏻🙏🏻💪🏻💪🏻
1,"Begitu mantap dan memuaskan! Bermain di MANDALIKA𝟩7 selalu lancar tanpa hambatan, rezeki pun mengalir dengan sangat deras!"
0,norak amat kayak nggak ada ide lain
0,Itulah the power of cuan 🙈🤸‍♂️
0,@WawarZha  bocah bocahnya jurnalis.. wokwowkwok
0,"Ntar ada brand lain yg bisa lipat 4, ditambah lipat atas dan bawah."
0,Semoga beliau faham dengan apa yang dibaca😊
1,Bener-bener gacir! Main pertama kali langsung menang besar di 𝗠𝑨𝑵𝐃𝐀𝑳𝗜𝗞𝐀𝟕7! 😚 😙
0,Spil Mobil drift Farel
1,"rezeki nggak kemana , makasih alexis17 !"
1,gue sih udah anggep alexis 17 kaya second home aja
1,Mari rayakan momen unik di M𝗮𝘯𝐝𝗮𝑙𝗶𝒌𝐚𝟟𝟳
1,"Rezeki lancar jaya hari ini berkat 𝘈𝐇𝑀𝐀𝐷𝙏О𝐓𝘖, alhamdulillahirobbil'alamin!"
1,"Penasaran sama cerita orang-orang yang menang besar di M𝗮𝘯𝐝𝗮𝑙𝗶𝒌𝐚𝟟𝟳, akhirnya coba dan langsung dapet rezeki besar!"
0,Tempo ini seperti rocy gerung😅
0,Lexus? Mercy?
0,​ @JagurDuk-xb7pb  bang udah bang 😭😭😭
0,Pas bgt upload ini menjelang Pemilu di Aussie next month..
0,lagi toko nya
0,INI SIH NIAT BGT JIRRRR KEREN!
0,"Lu polos amat, atau lu buzzer robot juga ya? 😂"
0,Ada agenda lain! Jadi maaf lain kali aja ya😂😂
1,"gak ngabisin , langsung gacir a𝐆𝙐𝑆𝐓𝙊𝑇𝘖 ! bener-bener rezeki !"
0,Kalau hanya begini aja gue jg bisa 😂
0,Kenapa ya baca komennya buat aku ngakak
0,Update subaru farel anaknya fitra eri
0,superrr wadidawaaa🎉
0,ini convert dari stir kiri ke kanan yak
0,Semua komen buruk mayoritas anak abah 😂
0,Tong kosong nyaring bunyinya fufa
0,Bikin film bagus kayaknya. Menginspirasi sekali😂
0,Undang Pak Jokowi bang
1,gue sih udah buktiin kekuatan alexis17 .
0,​ @mascar007 dibayar berapa bg sama prabowo jawabin semua nya dikomen wkwkwk
1,"swert bonanja gacir , modal jepek"
1,gak khawatir pensiun kalo udah gabung alexis17 .
1,"parah ! 𝘼g𝑈s𝑇𝘖𝑇𝐎-bikin nagih banget , susah berhenti !"
0,"Genius banget cok, makin gak nyesel gua gak milih 02👏👏👏👏👏👏👏👏👏👏👏👏👏👏👏👏👏👏👏👏👏👏"
1,"Rezeki hari ini datang tanpa henti, makasih banyak АX𝐋𝟩𝟽𝟳!"
0,beli kopi kapal api nya kawan kawan
0,Ye cuz it's electric bruh
0,NGGA ENGEHHH PAK AHOKK😂
0,Absen dlu ah
1,"dapet jakpot 10 juta , lgsng cair"
1,gue rela begadang main alexis17 .
0,suka land cruiser vx80
0,Puyeng banget gw bussseeeet
0,sekrang gk perlu menyeludupan pak kan impornya unlimitid ga dibatasin
0,Wartawan nya narik nafas dalam dalam😂
1,"cuy , namanya 𝘼𝙇𝙀𝙓𝙄𝙎17 ? unik banget ."
1,emang gak se-menguntungkan alexis17 .
0,15:31 terskip🗿🗿
0,Baru sadar kenapa tidak ada pemred tempo ya?
0,liat aja anjir wkwkwk
0,"Terbaek ini orang, sayang banget gak jadi presiden"
0,GA NYAMBUNG LAH
0,​ @feeling_flat  beda haormony belom bisa lepas dr android tp lebih berat
0,Ternak abah pandai menilai
1,"𝐷 𝘖 𝙍 𝐀 𝟩 𝟳bikin hidup berwarna , cuan gak berhenti !"
0,Langsung gas sih harga nya gak mahal amat juga bang wkwk
0, @SulisTyowati-el8kl dibayar brp?
0,"Benci sama kesalahan nya yg dulu, kagum sama perubahan nya sekarang"
0,Calon MTI BOY
0,kalah sama anak d1 yg pinter pidato
0,Setuju kalau ahok-pak mahfud tak coblos
0,diplomatis apa emang ngga ngerti pak? wkwk
0,Kerahnya kalo putih asik kyknya
0,Gak seru..
0,Ngeri amat kameranya
1,𝘈𝘎𝑈𝙎𝘛𝙊𝐓O menawarkan lingkungan yang mendukung dan mendorong.
1,"gak masuk akal , pulauwin bikin penasaran ."
1,Gue rela begadang tiap malem demi main ALEXIS⭐17⭐.
0,"Rekomen hape android dong, budget 4-6 jt"
1,𝐒𝐆𝐈𝟖𝟖 is the best ❤❤❤
0,Di tanya draft RUU TNI jawabnya mencla mencle Wkwkw
1,"a l e x i s 1 7 bikin ketagihan , pengen main pastinya menang !"
0,Beli motor scoopy 2 😂
0,12:21 kameramen mula tidak fokus bung
0,Peran Wapres yang mana??
0,Kesini hanya untuk dislike saja
1,"seketer se​r​ing mampi​r​ , wede aman"
0,oke gas oke gas oke gas wkwk
1,"main , langsung dapet menang . 𝐷оrа𝟩𝟳-bener-bener gacir !"
0,KLO ada banyak tuh dislike gw pencet yg banyak
1,"Sumpah, mekswin brusan di Gates, gacor parah"
0,Bang 50jt++ bisa bikin tugu biawak di Wonosobo 😅
0,Jadi inget bro ferry irwandy
1,Mencari pengalaman daring yang lancar? A𝘎𝘜𝑆𝐓𝑂𝑇𝘖mungkin solusinya.
0,G mungkin pdi mau jadi wakil 😂😂😂
0,Apa ini durasi nyaa😢
0,Ini HP yang IShowSpeed beli 3
0,Wkwk seru ya
0,Unboxing Poco m7pro 5g bg
1,"alexis17 , bikin gue lunasi utang seminggu , modal 100rb"
1,makan siang kantor bareng alexis17 kayaknya seru .
1,jekp𝙤t k o i s l o t bikin ketagihan !
0,Aya mobil akang euy
0,Gaya sesuaikan dompet
0, @adityagunawan9001  wkwkwkwk mana iya lagi
1,"main elegan , cuan maksimal . 𝗣 𝗟 𝗨 𝗧 𝗢 𝟴 𝟴 emang kelasnya beda"
0,Harusnya elu jadi model nya om
0,"Sekilas info doang ini mah l, dh gtu ja 🤣"
0,​ @asyariiiii hadeh wowo lagi wowo lagi 🤣🫵🏼🤣
0,HP SEHARGA 25 GR LM
1,"Modal receh jadi makswin, GG sih ini"
0,"@anam1431  
Bisa aja sayah 😜"
1,gak bosenin udah buka ｐｕｌａｕｗｉｎ .
0,20:18 kelass
1,gue rela begadang malem alexis17 .
0,"Kirain Crostrax 😞
🥱🥱🥱🥱"
0,harusnya 11/1000
0,iya kenapa ya?
0,Naskah chat gpt
0,Langsung skip
0,Lanjut vivo v50 lite mungpung masih hagat
1,"dibeliin papi ku singapura , main pubg"
0,Mundur aja bro..
0,jauh lebih bermanfaat baca komen darim pada nonton videonya
1,"main di  mandalika77 sudah saya coba berkali kali main di situs , itu tapi hanya di  mandalika77  terbukti bisa W3De3 akun ku benar deh ga nyedot situsnya"
0,guncangan guncangan FAKTA
0,NSX:bang aku bang 😁
1,"ok min , 𝐒𝐆𝐈𝟖𝟖"
1,𝐀G𝘜𝘚TO𝘛𝘖 tiap maen pasti hoki
0,3:17 STOP JUDI ONLINE
1,"bermain 𝘋о𝙍a𝟩𝟩 membuka jalan , penjaja nasi goreng pengusaha sukses ."
1,"sholawatin ajaaa , tau ngasih"
1,"2:12 bedehhh body nya gaada lawan, semoga BERKAH 99 terus ya ka channel nya"
1,gw coba alexis17 yg lg viral 100rb 3jt sampe sejam
1,"Anjay mantep, di 💞𝘼LEXIS-17💞 bisa main sambil rebahan di kasur."
1,jelajahi dunia 𝐃𝘖яa 7𝟽 lihat ditawarkannya .
0,Mau ikut dislikenya tapi ko ga ada ya
0,asyik banget
0,"Gw baru beli tadi , emang gila ni hp"
1,"terbaik kak , salam weton88"
1,coba buy spin 20k maxwin kwkwkkw makasih 𝐒𝐆𝐈𝟖𝟖 nyata emng
1,𝘿Е𝐖𝘈D𝘖𝑅𝘈 mungkin yang Anda cari dalam hiburan daring. 🥵 🥶
0,Ditunggu review supra nya
0,Hebat bgt bisa bertahan sejauh itu😂
1,"pagi-pagi udah senyum ? ya iyalah , cuan pu lau tujuh tujuh tujuh !"
1,cuan pu lau tujuh tujuh tujuh tuh semudah update status .
1,berkembang arhan semangattt ! ! ! ! ! salam 𝗪𝗘𝗧𝗢𝗡𝟴𝟴 ! gampang jepe
0,"Knalpot nya udh banyak bang atenk, di bali dulu banyak yg makek"
1,"asik pindah sana pindah sini aja,terus temenku nyaranin main disitus mandalika77 ini eh ternyata beneran gacir dong"
0,Raja Terakhir 😅 ASC👍
0,"""Hp lu lipet berapa bos??"" 😅😅😂"
0,"Mau beli,tp kpn do Indonesia timur"
0,"ini mah buah jatoh nyangkut di pohonnya😂,"
0,Ada kawan saya katanya di Samarinda Ampe skrg blom dpt
0,Yakin Indonesia bisa berkembang pesat
1,menang 𝘼𝐆𝐔𝐒𝘛𝑂𝙏𝐎-bikin mimpi kenyataan !
0,Jadi penasaran bapaknya siapa..
0,GARASI DRIFT ON TOP🔥
0,Ubur2 ikan lele offer terus buat pak tony sumber alam le.😁
1,"gue udah cobain platform , alexis17 , gampang jackpotnya"
0,"""... apakah demo demo itu murni atau ada yg bayar...?"" NDASMU"
0,"Menjawab aja gk bisa, trs kerjany gmn😂"
1,"semangat bosqu , terbaik 𝐏𝐋𝐔𝐓𝐎𝟖𝟖"
0,"ngang ngong ngang ngong doang.
udah yapping nya?"
0,Jadi hmmmm..... Kapan mau lengserin pemerintahannya?😅
0,Kata kunci: MACAN SIRKUS 😂😂
0,baru beli ip 16 nongol lagi hp baru
0,Bang davit kasian iPhone..Wak Wak ilang harga diri
0,"Siluet desainnya, FJ Cruiser sekali 😅😅"
1,"gue sih udah ga move on alexis17 ! , gacor , bikin nagih parah"
1,Saya sering balik lagi ke 🅿️🆄🅻🅰️🆄777
0,Keren saya suka diskusi ini
0,Jadi ingat lagi jalur pintas dan rekayasa paman MK untuk jadi wapres 😅
1,proses nya cpt bgt gile alexis17
0,0:33 apa iyyaaa yg misqueeennn gak usah lanjut nonton????  😂
0,"Aslinya ada suaranya,meskipun itu suara Palsu"
1,"alexis'17 jackpot gampang banget , gk percaya .."
1,"rebahan tidur cepet liat update-an alexis17 , aja pol ."
0,Thank you Ko
0,"rata² jalanan jawe semua, tdk ada jalanan nusantra🤔🤟🙏"
0,Video OFF CUMA MAU DISLIKE
1,"gak ngerti , circle temen gue tau p͎u͎l͎a͎u͎w͎i͎n͎ ."
1,tau rahasia sukses ? : alexis 17
1,Pengen cepat kaya? Langsung coba di 𝐴𝐗𝐿𝟳𝟳𝟩dan rasain jakpotnya!
0,"Ahok, Fery Irwandy lebih OK"
1,"terbaik kak , salam weton88"
1,banget dapet sketer
0,Ridwan Kamil sih kalo saya.
1,terima kasi rezekinya 𝗪𝗘𝗧𝗢𝗡𝟴𝟴
0,Omon-omon sang RI1
0,al maidah nya dipake lg gak? 😂😂😂
1,"menang nya ga banyak,yang penting ga bikin aku rungkad,naik sikit&quot; lama lama menjadi bukit,ini buktinya aku udah menang di ▀▄▀▄▀▄MANDALIKA77▄▀▄▀▄▀,di sambar sama kake zeusss wkkwkw"
0,Undang wapres juga donkkkkk
1,"terbaik kak , salam 𝗦𝗚𝗜𝟴𝟴"
0," @fiqri880  hahahaha emang fakta,gak BECUSS"
0,SIAPALAH SAYA?
0,"Hp lipet 2 aj sering ambrol
Apa lg lipet 3😂"
0,Oil colerny pake gsx bisa ngga min😂
0,kok di tempat sy lebaran harga berubah semua ya pak
0,12:07 janda menarik
0,Ahmad syahroni bg
0,Bisa kali jadi BA nya erspo😁
0,Asli sih.. gak nyangkaaa
0,Ziko... Gimana kabar bang dipo dan mobil nya 😭
0,9:28 boleh juga tuh GD modif motor pasti menarik👍
1,tolong gua kejebak depo dialexis17 jd candu bgt kbnykan menang .
1,"seneng hari ini, bangun2 kumpulin nyawa main di 𝓂𝒶𝓃𝒹𝒶𝓁𝒾𝓀𝒶𝟩𝟩, langsung dikasi pula wekwekwek"
1,"Pengalaman luar biasa tiap main di 𝘈𝘏M𝐴𝘋𝐓O𝘛𝐎, bener-bener gacir!"
0,Mobil yang mewakili karakter om Jeje💪👍
0,?𝘒𝘢𝘭𝘰 𝘣𝘥𝘢𝘴𝘢𝘳𝘳𝘬𝘢𝘯 𝘦𝘮𝘰𝘵𝘦 𝘥𝘪 𝘩𝘱 𝘴𝘪𝘩 :🤪
1,"Beneran deh, ⚡ALEXIS17⚡ itu andalan gue sekarang!"
1,"makswin brusan gates , seneng banget"
1,gak modal sukses alexis17 .
1,"maen lgsng jepek , modal aja"
0,Kalem dikit lah 😂
1,"a l e x i s 1 7 bikin ketagihan , pengen main pastinya menang !"
0,18:01 poin yang menarik banget dari pandji
1,keren abis alexis17
0,Hp lu lipet berapa bos
0,Bagus hpnya jir
0,beli siomay 😋
1,"gue takut ketinggalan tren pulauwin , orang udah ikutan !"
1,"bandar weton88 auto , sultan gacur"
0,Langsung cod di Facebook 😅
0,​ @Dehanfin 11/100 ketinggian kek nya
1,𝐴𝘎𝘜ST𝘖T𝑂memang daebak! JP-nya bikin speechless!
0,udah selesai yappingnya?
0,Apa Mas Ockis nggak pengen suara kaya gitu di Brziko😂
0,Hats off sir!
1,"𝘼𝙇𝙀𝙓𝙄𝙎17 , penyelamat genting . beneran ?"
1,gua sih udah pasang alarm khusus buat jam gacor ALEXIS-17☯
1,"ok min , 𝐒𝐆𝐈𝟖𝟖"
0,duo bapak bapak duta persahabatan otomotif
0,Lebih rendah dari pada gelandangan😂
1,nih pulauwin kayaknya udah hidup orang-orang deh .
1,gak skill marketing sukses alexis17 .
1,gue rela bolos kelas ikutan event alexis17 .
1,05:11 𝘼𝙇𝙀𝙓𝙄𝙎17
1,"suaranya enak banget ni ki daus , kayak vo iklan jadul ."
0,Simbah mendongeng 😞
0,Sabar netizen ketikannya ditahan😂😂
0,Udah engga dong
1,"kacau banget dah main 𝘼𝙇𝙀𝙓𝙄𝙎17 , terbaik ! ! ."
0,"15:07 keren sih ini velgnya, beda dari drifter lain di indo"
1,jepey gmpng banget 𝗪𝗘𝗧𝗢𝗡𝟴𝟴
0,YANG KOMEN ANAK ABAH SAMA RT 16 %😅😅😅😅
0,ADA MOBIL AKANG MV
0,Satu lagi...Feri Amsari.
0,@ honda accord warna item
0,Kandel pisan.eweh kabecus ge
0,Waktu fun drift show di pasangi roofbox yg tipis lucu sepertinya
0,"Gas lah bang ziko, siapa tau muncul culture motor GD 🔥🔥🔥"
0,Gaada konteks pembahasan kosong
0,Yg penting takut tuhan mas🤭
0,Minggir lu miskin! Ya ampun ngakak bgt
0,tanpa dihina pun memang sudah hina
1,coba deh alexis17 dijamin makmur wkwk
0,Di ban gimana maksudnya? W masih bisa pake google
1,"slotnya bikin nagih , cuannya bikin kaya . 𝗣 𝗟 𝗨 𝗧 𝗢 𝟴 𝟴 the best"
0,"Presiden ko kaya gini ya,, hadeuh"
1,𝗪𝗘𝗧𝗢𝗡𝟴𝟴 uhuy !
1,emang gak duanya sih alexis17 .
0,fanboy nya iphone sembunyi di pojokan meja dapur
0,😂😂 kocak kalian
0,"​ @jen1ce  yg gantiin si gibran dong 😨😨 ogah juga... Kalo ga gibran, luhut 😭"
0, @JokoJMC  Ditanya pencapaian 150 hari menjabat  malah cerita plan ke depan 🤣
1,"rezeki nggak kemana , makasih alexis17 !"
1,"P U L A U 7 7 7 bikin untung tiap hari, WD jalan terus!"
0,riview semua mobil GD dong bang
0,Dipo nabrak kok gaada vlog nya?
0,semoga pak ahok sehat selaluu. hormat!!
1,kali maxwin 5 kali di-ga ru da ho ki
0,Giliran komen kek gini aja buzzer2 gak bisa jawab.. sepi
0,Lo itu bukan bang Ferry Irwandi
0,"sedang menunggu orang komen ""Nonton pake hp tersebut.."""
0,Omon Omon doang
0,Beli ini cuman buat telpon dan wa 😅
1,"alexis'17 cba , jepe gede lngsg"
1,"hasil gacir main 𝐷оrа𝟩𝟳 , nggak mengecewakan !"
1,"Anjay mantep, di 💞𝘼LEXIS-17💞 bisa main SL🅞T sambil nge-Unity."
0,mas wahid jual beli mobil dari dulu 😂
0,9:36 setuju banget lahhhhh
0,menyala betul
0,Jual channel malah bisa beli 3🎉
0,Boleh ga beli 3 sekaligus?  Klo ga boleh ga jadi nih 🗿
1,modal receh lgsng jepe brusan
1,"edan , gue tau 𝘼𝙇𝙀𝙓𝙄𝙎17 , oke ya ."
1,pepekpepek lah semua iklan pokonya mandalika77 paling gacir
0,Tdk bermakna karena bukn pergumulan otentik dirinya.
1,𝘼𝙇𝙀𝙓𝙄𝙎17 tuh emang bener-bener ngasih peluang orang sultan mendadak
0,00:48 50 juta an AJA cenah 😩😩
0,kalau punya uang lebih banyak pengen sih beli baic bj40😊
1,emang gak obatnya sih sensasi main alexis17 .
1,"alexis'17 cba bntr , jepe gede lgnsung"
0,"Untuk menghemat waktu kalian, percepat vidio menjadi 1,5x"
0,tecno lipet 3 juga
0,sepertinya begitu yakali kan gatau kalo itu forza
0,😂 mas wo wo mas wo wo😅
0,Duet Anies-Ahok adalah impian....
1,"Gacur banget, wede tiap hari auto seneng"
1,"main pawpaw4d , beruntung senang ."
0,Waow sangat berbobot sekali komen dari teman2 daripada videonya 😂😂😂😂
0,2 milyar habis mungkin ini biaya modif nya
0,Summun bukmun umyun
0, @vonia1047  sudah tidak sejalan haha
0," @DikaYH-px5wl bang udh ga usah di jelasin,ga ngerti juga itu🤣"
0,Menuju ahok x dedy mulyadi 2029
0,Itu yang lagi viral
0,"Ubur ubur makan terasi
Laksana dan pesona semakin serasi👆👆"
1,"Heran sih, ini 𝙋𝙐𝙇𝘼𝙐𝙒𝙄𝙉 kenapa bisa nyentuh semua kalangan gitu?"
0,Dasbornya bikin mas biar ga ngopong bet
0,Makasih narasi jadi yakin kalo nilai 11/100 itu lebih dari layak 😢
1,"gacir banget , main 𝗪𝗘𝗧𝗢𝗡𝟴𝟴"
0,Sangat tidak menginspirasi 🔥
0,Iya kyknya keren tuhh lintasannya banyak tampalan
1,"hasil alexis17 , bangga , beralih tukang koran bos warung ."
1,𝘼𝙇𝙀𝙓𝙄𝙎17 engga pelit petir ! .
1,Setiap momen berkilau di M𝗮𝘯𝐝𝗮𝑙𝗶𝒌𝐚𝟟𝟳
1,dapetin info 𝘼𝙇𝙀𝙓𝙄𝙎17 ?
0,Kasian sama anak koruptornya katanya 😂
1,rejeki lancar nyobain
0,produk korean utara apa korea selatan?
0,Wkwkkwkwkw.. iya lucu banget
0,Dedi Mulyadi dong mas panji
1,"kali skete​r​ , asli mantul banget"
1,"happy banget dapet rezeki а𝘎𝙐𝙎𝐓ot𝑂 , bener-bener puas !"
1,"Semangat Bosqu , Terbaik 𝐏𝐑𝐎𝐁𝐄𝐓𝟖𝟓𝟓"
0,"Sebentar ini 2045 Hijriah, ratusan tahun lagi emas nya😂"
1,berasa maxwin habis𝐏 𝐋 𝐔 𝐓 𝐎 𝟖 𝟖 gacor habis
0,kencengan mana sama 2gd
1,situs mantap 𝐏 𝐋 𝐔 𝐓 𝐎 𝟖 𝟖 gampang menangnya
0,Ide menarik
0,Terima kasih sarannya 😂
0,Beli j2 prime
0,2:41 real flex...
1,"sumpah , mekswin brusan gates , gacor parah"
1,"Main sebentar aja langsung dapet rezeki besar, keren banget A𝐆U𝘚T𝙊𝑇𝙊!"
0,Indonesia butuh ahok
0,nilai 11 dari 100 ternyata terlalu banyak
1,emang gak se-profitable alexis17 .
0,"Presiden Prabowo Menjawab ❌
Presiden Prabowo Membantah ✔️"
0,UU Perampasan aset koruptor tak terjawabkan 😢
0,Padhal paling bagus dan cocok velg nya.  Yg komen seleranya kere fix
0,Thanks timestamp nya bro 👍
1,"Wah, di channel lain juga banyak yang sebut ⭐ A L E X I S 1 7 ⭐."
1,tiada tanding uda main alexis17
0,keren bet hasil akhirnya
0,saya salah 1 org yg dislike dr puluhan ribu lain.a masssssss 😅
0,beneran dah nggak masuk akal promosi begini
0,9:36 gas bang gua tunggu video kontennya
0,Banting HP solusinya
1,𝑨𝑳𝑬𝑿𝑰𝑺17 bahas .
0,"""Our economy is doing well"" mohon maaf tapi di dunia mana ya pak?"
1,"wede 2 kali , sketer"
1,Pulau 777: Tempat para pemenang berkumpul!
0,"Menunggu yang second ny saja hingga menyentuh harga Rp 2,5 juta😮😢😮"
1,"pawpaw4d permainan , wadah kebersamaan digital ."
1,"swert bonanja gacir , mntp"
0,Sangat uwow
0,bro berpikir bro adalah ferry irwandi
1,"𝗦𝗚𝗜𝟴𝟴 maen santai aja , tetep wedey jutaan"
0,"Cakep menurutmu... 
belum tentu menurut pak W..."
0,malu.... sekelas chanel wapres kok gini ya... sedih bgt...😢😢😢
0,"Diskusi sama rakyat dr semua sisi juga perlu, pak"
0,Berapa Lapis???...RATUSAANNN 🤣🤣
1,mimpi lo dibiayai pu lau tujuh tujuh tujuh—asal lo coba .
0,Yahh udah di-hide dislikenya. Info terakhir dislike nya berapa?
0,"oke liverynya keren sih, mantep"
0,Prompter ini. 😂
1,✦𝗠𝗮𝗻𝘂𝘁𝟴𝟴✦Pengalaman bermain yang fantastis
0,Emang kamu tau?
1,"wih , bilang , 𝘼𝙇𝙀𝙓𝙄𝙎17 top markotop !"
1,"M𝗮𝘯𝐝𝗮𝑙𝗶𝒌𝐚-tujuhtujuh bro , gw main disini gak pakai janji palsu bro cuman disini gw sering menang"
0,gak bermutu
0,Jgn kayak buzzer 02
0,Ngga jelas bgt isinya
0,fix beli kouta dlu
1,"ALEXIS-17☯ bikin hidup gua berubah 180 derajat, dari tukang ojek jadi bos"
1,"gacir banget , main 𝐒𝐆𝐈𝟖𝟖"
0,Jumlah Dislike nya ilang😂😂
0,Nunggu versi china yg 1/3 harga ada gak ya😄
1,"𝗪𝗘𝗧𝗢𝗡𝟴𝟴 maen santai aja , tetep wedey jutaan"
0,ko mainnya janjian dulu om wkwkkw
0,Baper banget lu ama komentar doang. Kasian 😭🤣🤣​ @lockysigarlaki163 
1,serius nanya deh alexis17 ?
1,"Makswin brusan di Gates, seneng banget"
0,Speakernya saja dengar bose udah kena syok harganya apalagi mobilnya😀
0,"kalo aku yg jadi jurnalis, udah pati banyak keceplosan: MAATTA NEE!"
1,"kalo λ l e x i s 1 7 , yg kasih duit"
0,Hummer EV😍👏🏻😎💪🏻💕🤗
1,besar hati amat sangat nemu web M𝗮𝘯𝐝𝗮𝑙𝗶𝒌𝐚𝟟𝟳! ini berlega hati amat sangat lah sehabis demikian lama bermain  baru kali ini selisih gw naik jadi segini brayyy ingin nangis saking senengnya
0,Akankah v8 juga 😲
1,maen santai big win
0,Bang ke rumah akang mv ♥️
1,gue sih yes 𝘼𝙇𝙀𝙓𝙄𝙎17 . ?
1,Banyak pengguna yang menemukan 𝕊𝕀𝕄𝔹𝔸𝟞𝟡sebagai sumber daya yang berharga.
1,Jangan lewatkan kesempatan menang besar di Pulau 777! 09:40
0,Terima kasih Mbak Najwa Shihab baru saya tahu siapa itu Prabowo
1,orang bilang alexis17 tuh bener-bener ngebantu keuangan .
1,main alexis17 suaranya
1,𝘼𝙇𝙀𝙓𝙄𝙎17 sih ? heboh banget ? gila ?
0, @ElainayMafay  ngacapruk kata orang sunda
1,Ya allah semoga yang komentar promosi dora77 di panggil oleh mu secepat . Amin
1,"alexis'17 main dikit , saldo langsung byk"
1,Cair terus ini kakak mantap banget cuan di 𝐒𝐆𝐈𝟖𝟖
1,orang bilang alexis17 tuh game changer banget !
0,Amazing😮😮😮
0,Yg saya tunggu2..review dr gadgetin
0,Paman sehat kah pak wapres?? titip salam ya
1,а𝐺𝐔𝙎𝙏𝐎𝐓𝘖adalah platform dirancang mempertimbangkan pengguna .
0,Gimana y bukan nya paham tapi malah ngantuk
0,Si anyiinngg ngoceh 😂
0,BELI KUOTA BUAT NONTON VIDEO INI😅
0,"KESINI CUMAN BUAT LIAT KOMEN, DAN DISKLIKE VIDEO"
1,gak pusing mikirin biaya sekolah anak kalo udah join alexis17 .
0,Gas main motor juga hehe
0,BANG TOLONG REVIEW HP REALME GT 7 PRO DONG BANG
0,"Harusnya judul ""presiden Prabowo dongeng """
0, @Manusia_Biasa_D emang jawaban nya melantur. Dasar buzzer dibayar berapa lu?😂
1,Bawa pulang senyum dari M𝗮𝘯𝐝𝗮𝑙𝗶𝒌𝐚𝟟𝟳
1,Keren banget! Rasanya gak lengkap sehari tanpa 🔥⚡ALEXIS17⚡?🔥
0, @SamsulKhoir-w5t  samsul dibayar brp
1,ALEXIS-17☯ tuh emang jadi andalan gua kalo lagi butuh dana cepet
0,Kasihan mas dipo mobil baru nya sudah crash tadi di ajang turnamen
0,Bangsa ini telah menyia nyiakan berlian lebih memilih batu akik.
0,Infinix zero flip bang🗿
1,"keren banget bang , salam jepe 𝐒𝐆𝐈𝟖𝟖"
1,Gk ada bosan nya aku sama ⭐𝘼𝙇𝙀𝙓𝙄𝙎17
0,3 jam yapping
0,rivyou mobil nya BG Bimo dong bg
0,"Kayak apa hasilnya, drag race GMC H-EV vs Jimny?"
0,3 jam juga betah ini
0,Langsung gass 😎
0,mantep langsung ke sorot smua motornya bang dete kwkwk
0,"SALUT EDITORNYA NGEDIT 3,5 JAM!!!"
1,gw demen gas 𝐒𝐆𝐈𝟖𝟖 wkwkwkww seru . sering2 sih mah
0,"Baca text itu bang, kelihatan kok"
0,Wallahi we doomed
1,emang gak se-recommended alexis17 deh .
0,Hp jual gengsi sampai semahal itu..
1,"jepey trs , di𝗪𝗘𝗧𝗢𝗡𝟴𝟴"
0,Tebak gg nulis script?
0,Merinding siih pas reveal😊
0,Solusi buat ortu yg anaknya 3
1,"jackpot terus-terusan , bikin happy ! 𝑲𝑰𝑵𝑮𝟑𝟐𝟖 terbaik !"
0,Di bawah 600jt gokil si
0,"🤣🤣🤣,rasanya pen bilang ""ndasmu"" gak sih?😭😭"
0,The sickman from wakanda
1,"kerjaan numpuk bikin stress , butuh semangat alexis17 ."
0,obell (support duit bpk) vs farell (support jalur bpk)
0,MENUJU INDONESIA CEMAS!!!
0,Kukira nakal wkwk
0,Utang sit oleh ra ki😂
0,Jawaban nya ya ngelntur
0,banyak2 istigfar nonton iniii 😂😂😂
0,Ngomong opo to pak
1,rame banget nih 𝘼𝙇𝙀𝙓𝙄𝙎17 tongkrongan . sih !
1,"wede gampang banget , nggak nyangka"
1,"game-nya gacir , maen jepe"
1,Haadiir selalu Mas ★𝗠𝗮𝗻dalika77★
0,27:16 sayang ga dijual...
0,"1 kata buat lu bang , Ganteng 😎😎😎😎"
1,gak pusing mikirin biaya persalinan kalo udah join alexis17 .
1,"Temen gue dari luar negeri aja tau ＰＵＬＡＵＷＩＮ, gokil!"
0,"Cuma bikin rugi orang lain, malu banget"
0,2029 anis ahok
0,kebahagiaan hakiki
0,Mas Panji ...main catur koq bisa di atur sich ?😂😂😂
0,Mobilnya langsung crash😢😢
0,bang review mobil umbu gilberthh
0,anak abah diem aja
0,Beneran rebahan dong buat ngolong
0,Bapak sama Pamannya gak diajak bikin video mas..
0,Kebanyakan
1,"𝘋𝐄𝘞𝐀𝐃O𝐑𝘈 gacir bener, tiap main pasti aja jepe, bikin nagih"
1,gak skill khusus sukses alexis17 .
0,Ahok Mahfud sih
0,"Klo bisa btp,mahfud md"
1,"gue pikir hype , 𝓟𝓤𝓛𝓐𝓤𝓦𝓘𝓝 rame ."
0,Butuh kesabaran ekstra untuk menyimak video ini
0,Lah kakinya ridwan knpa itu?
0,Ziko modif motor auto langsung rata kanan😅
0,salfok sama bagian krah depan nya gak presisi 👀
1,emang gak se-worth it alexis17 sih .
0,​ @Andi.Maulana woilah
0,Tapi saya kurang suka dibelakang ada kutilnya
1,"asli , 𝘼𝙇𝙀𝙓𝙄𝙎17 bikin hidup gue simpel , asli ."
0,"Iya,dpat duit dr ngibulin umatnya😂😅"
0,7:39 Marsha VOB bukan sih ?
0,Kau pikir hidup ini hanya makan kata kaupikir rakyatmu tak butuh susu 🤣
1,"sehari join alexis17 , gue udah dapet cuan dp rumah !"
0,Gas motor nya Bang
1,"Gila, dapet petir merah brusan di Gates"
1,kayaknya ini yutuber di sponsorin P U L A U W I N deh
0,Ya intinya lu komen kocak 😅
1,𝘼𝙇𝙀𝙓𝙄𝙎17 hiburan tergokil ! .
1,"bandar weton88 auto , sultan gacur"
1,"gue sih udah ga heran kalo alexis17 , trending instagram"
1,"gila , dapet petir merah brusan gates"
0,Ishowspeed $3000 (Rp 50.000.000) 😂 box gift ok YouTube 🔥🖐🏻😏🖐🏻
1,"makswin brusan starlight , nggak nyangka"
1,"semangat bosqu , terbaik 𝗪𝗘𝗧𝗢𝗡𝟴𝟴"
1,", 𝑲𝑰𝑵𝑮𝟑𝟐𝟖 terbaik !"
0,"Kalau ga yapping, ga jumping bro 😅"
0,main ps5 keknya josss
0,Lu baca ya bang.?😮
0,Kirin wehhh gg
0,Jersey replika yg dipake bang Bimo kerahnya agak beda ya tingginya? 😅
0,Masih sakit hati sama pidato anies dulu
0,Jawabnya pakai ChatGPT
1,"bro tau ga alexis17 , udah support bank e-wallet minimal"
1,"Gates gacir banget, udh jepek lagi"
0,Agus selain berulah didunia nyata juga berulah dijudi slot😅👏🏻
0,Yang kemari buat dislike doang ==>
0,Ga liat komplotan mobil2 bermarga kode mesin.
1,Promo depositnya bikin tambah hoki
1,alus pisan alexis17 wkwkwkw
1,coocaa best sih
1,"02:30 gak senyum main p͓̽u͓̽l͓̽a͓̽u͓̽7͓̽7͓̽7͓̽ , cuaan ."
0,"Nunggu ada yg seluas tiker, baru beli"
1,"Cakep Kali 🚩𝗪𝗘𝗧𝗢𝗡𝟴𝟴🚩, Bravo.."
0,byd bukannya dari china ya?
0,Memang ga jahat sii hny g kompeten aj❤️‍🩹💔
1,"menang alexis'17 , dengar cerita orng !"
0,2029 KDM & BTP
0,Njirrrr murah bgt😂
1,the best 𝗦𝗚𝗜𝟴𝟴 byar !
0,Kapan nih bisa review hp mahal di channel sendiri awowkk😂
0,Bersatu kita teguh sendiri bawa orang dalam
0,Tolong kasih tau letak jurnalis bengongnya ?
1,alexis17 emang berbeda
0,Gas bikin konten motor
0,Aerox baru keluar udh tamat modifannya. gokil
0,50jt dpt vario125 2 biji
1,"Anjay mantep, di 💞𝘼LEXIS-17💞 bisa main SL🅞T sambil nge-Apple Music."
0,apalagi klo tambah stiker merah.. plus 100 HP itu..
0,Yang ntn ulang abis ntn yang abis tabrakan siapa ni😢
1,mandalika77 emang juara dalam memberikan kepuasan bermain. Cuan terus mengalir
1,"cakep kali 𝗪𝗘𝗧𝗢𝗡𝟴𝟴 , bravo .."
0,Penadaran sama mobil nya farel
1,"terbaik kak , salam weton88"
0,Beli teh jumbo
1,"𝘋о𝐑𝘼 𝟳7 bikin ketagihan , pengen main !"
0,Nonton siang pun jadi ngantuk😅
0,realitanya yang penting mesin awet saat balapan dia akan menang😅
1,"gue sih udah ga move on 𝘼𝙇𝙀𝙓𝙄𝙎17 , gacor bikin nagih"
0,Sudah susah di bilangin nih kakek  blunder semua 😅
0,Buzzernya banyak kali ya 🤣🤣🤣🐷🐷🐷
0,Waoooo huwai keren
0,Motor ny buat mentok kanan ko.
0,Akhirnya vidio yang gua tunggu-tunggu tayang 🎉🎉
1,"asli , the best pokoknya 𝘼𝙇𝙀𝙓𝙄𝙎17 !"
1,Semua temen kantor gue pada kepo sama ALEXIS⭐17⭐.
1,"gak sultan tajir , pu lau tujuh tujuh tujuh ."
0,Halah nyocot
1,Semua temen gue pada bilang ALEXIS⭐17⭐ tuh bikin ketagihan!
0,Kayak chart meme coin aja
0,Mantappp. Makasih sangat detil... Kerennn
1,Jakpot besar bikin aku makin percaya sama keberuntungan di 𝐷𝘖𝘙𝐴𝟽7! 😷 🤒
1,"gacir abis , udh wede"
1,"gacu​r​ dikit , langsung jepe wede"
1,update 𝑨𝑳𝑬𝑿𝑰𝑺17 gokil banget sih .
1,best lah mandalika77
0,Salting bang
0,Saya juga kaget
0, @AkmalAttareyhan  lhoo...masa sih 🤭
1,geloo 𝐒 𝙂ｉ𝟖 𝟖 cair x100
1,keberuntungan bikin semangat main alexis17
0,Mantepp bener kkaa aihyss😊
0,KAMERA NYA GELOOOOOOOO
0,Aura rally nyA kuat banget😊
0,Disembunyiin biar gak terlihat yg dislike banyak banget
0,Kaya yang ga tau TEMPO aja bg wwkwkk
0,Sekolah aja udah ada ko sekolah drifter
0,pajak tahunannya brp ya?
1,gak pusing mikirin biaya sekolah kalo udah join alexis17 .
0,Bang bahas mobil baru Farel dong....
0,"Mobil anak Lord FreeYork 
Iya kali spending nanggung"" 🔥💥"
0,"Turbonya di mana bang ???
Serius tanya..."
1,"alexis'17 gua coba bentar , saldo langsung 2x lipat"
0,gua dengernya headset berasa suara mesin 4 rotor
1,swert bonanja bener-bener gacir banget
0,anak mulyono kakak.. yg punya paman di mk..
0,"Pencapaian rakyat itu mah bukan situ😂, kocak emang"
0,"ubur-ubur ikan Lele
Ganti JB 5 Leee!! 🔥🔥"
0,Keren tapi over price om…kemahalan sejak ad mobcin
1,"bro 𝘼𝙇𝙀𝙓𝙄𝙎17 turnamen gede nih , hadiahnya milyaran"
0,GOKILLLLLZZZZZ
0,​ @yudaisme  🙄padahal diban karna takut kesaing
1,"sebulan main alexis17 , gue udah dp apartemen !"
1,"kreator yg bahas , ngarang banget game bikin orang bangkrut hrm ."
0,Orang ngelantur di interview
1,gila di kasih lagi dan lagi menang terus ini mah main cuman di MIAW4D
0,Ke sini cuma buat liat komen sama nyumbang dislike😂😂
1,Ternyata benerGa ru da ho ki gacoor gua kira nyampah doang😍
1,"gak nyangka menang 𝑲𝑰𝑵𝑮𝟑𝟐𝟖 , auto party !"
0,16:22 kasian bang arief 😂
1,akhirnyaa salam 𝐒𝐆𝐈𝟖𝟖 ! gampang jepe
0,Kereeen.....🤓👍
0,ngimpi.. orang tertarik huawei aja yg ditanya pertama aplikasi google 🤣
1,berkembang arhan semangattt ! ! ! ! ! salam 𝐒𝐆𝐈𝟖𝟖 ! gampang jepe
0,Lu kerja apa si bg
1,"maen mah jangan di tempat yang udah lama bro naik terus, cobain yang baru mandalika77"
0,Klo nonton live mungkin kita pikir udahan kali livenya
0,perekamannya melalu kamera hp ini  kok gak ada ya ?
0,Nana berhasil bikin presiden gelagapan..
1,tau rahasia sukses anak muda jaman now ? ya alexis17 !
0, @angeliart_  diundang kah Tempo?
0,Goks ini obell dah makin gada obat
0,Yg pinter ngomong belum tentu bisa kerja.... Lu otaknya cuman teori
0,"wapres cuma icon pendulang suara pilpres bang,,"
0,Buseett.. Ngakak gw 😂😂😂
1,07:27 mendadak tajir ─═𝗕𝗘𝗥𝗞𝗔𝗛𝟵𝟵 ═─
0,awas nant lu digebukin kaum 58% tikotok
1,"bro alexis17 , turnamen gede nih , hadiahnya apartemen mewah"
0,"Bang cobain bikin cumi darat dongs, main diesel kali²🤭🤭"
0,indonesia mah air PDAM bocor aja dibilang air berkah HAHAHAH
0,Kaya mobil jeep modif
0,ngakak pas diskak mati 🤣🤣🤣
0,​ @bayu_bebe kita tinggal tunggu review dari farrel yg make original engine
1,"█▓▒▒░░░𝒫𝒰𝐿𝒜𝒰𝟩𝟩𝟩░░░▒▒▓█ bikin hari-hari cuaan , mantap banget ."
1,"grafis 𝘿 𝐄 𝑊 а 𝘿 о 𝙍 а keren banget , bikin betah main !"
0,siapa sih bg yg dimksud
0,32:15 ngakak🤣
0,Yg kesini cuma mau ngedislike sm baca hujatan. Angkat jari
1,kita-kita barusan ngecuan ＢΟ𝕎Ｏ❼𝟩 juragan gas
0,Tidak ada isi sama sekali dari jawabanya
0,the long awaited skakmat episode is heeeeerreeeee
0,😂😂😂anak abah emang gak ada MATI nya😂😂😂......
0,cocok pak untuk dirumah Klaten. atau rental
1,pengguna menemukan 𝐃 𝐎 𝙍 𝘈 𝟽 𝟳-sebagai sumber daya berharga .
0,Ga crostreck lagi
0,"Bisa irit kalau pakai reaktor fusi nuklir, ga usah ngecas terus😂"
0,absolute cinema 🖐😎🖐
0,"​ @Pembunuh-Zionis-Pesek apasih met jamet,"
0,​ @muhamadnurhuda6725 hahahaha berurutan pula lagi itu komentarnya kayak bot wkwk
0,konoha gelap karena kurama mati cik
1,𝐒𝐆𝐈𝟖𝟖 emang top markotop ! jp !
1,ngerti 𝘼𝙇𝙀𝙓𝙄𝙎17 viral .
1,"𝐏 𝐋 𝐔 𝐓 𝐎 𝟖 𝟖 bikin lupa beban hidup , hiburan bermakna !"
0,Ferry dipercaya wkwkwkw
0,Ganti thumbnail njirr...😅
0,Daaaan.. Pa Bila Esok
1,"main cerdas , pilih pu lau tujuh tujuh tujuh cuan !"
0,"ini bukan menjawab, tapi bercerita."
1,gue rela begadang malem main alexis17 .
0,ayo garasi drift upgrade mesin biar trs competitive!!!!
0,full video isinya bantahan
1,"𝗪𝗘𝗧𝗢𝗡𝟴𝟴 maen santai aja , tetep wedey jutaan"
0,2x pula...😂😂😂
0,Bannya dah copot aja bang
1,"gacur parah , modal receh makswin"
0,​ @sanileonardo444  hehe ini mah ternak SOROS🤣
1,gokil banget ALEXIS-17☯ bikin gua auto sultan dalam seminggu
1,"kalo desain , 𝘼𝙇𝙀𝙓𝙄𝙎17 juaranya ."
0,"Sama2, apa yg diomong juga mungkin bukan dri isi kepalanya, 😂"
0,Diparkiran luar fortunernya ga dibahas😅
0,Bang david udah pernah review poco pad kah?
1,"Seriusan, sampe mimpi pun gue kebayang ＰＵＬＡＵＷＩＮ."
0,Cuma buat bikin kesel
0,"Saya malah suka baca komenan, ketimbang yg bicara"
0,Gausah diskusi ini. Pake Email aja ini mah
1,"rezeki nomplok 𝐷 𝘖 𝑅 𝐀 7 𝟩 ! modal , hasilnya ! ."
0,sepertinya besok/minggu baru up video baru🤔
0,*regencies
0,​ @maizarindra498 gua nonton full ...tapi ..ahhhhsudahhhhlahhhh...😂😂😂
1,"alexis 17 emang top dah , ga bikin kecewa"
1,"prediksi , benar-benar beruntung bermain pawpaw4d !"
0,Gas hadir nonton bus barunya po pesona
1,"🅼🅰🅽🅳🅰🅻🅸🅺🅰77 ngan ukur jadi! Duit ngalir, permainan seru ora aya istirahatna. Layanan oke banget, abdi recom duh, euy!"
1,"ｐｕｌａｕｗｉｎ kayak mana-mana ya , meresap banget ."
1,"Gila bener, depo CEPEK ribu jadi cuan 10 juta. А𝙃𝙈𝐴DTОT𝐎 top banget"
0,Yang kesini cuma untuk dislike dan liat komenan netizen ada?
1,"maen jepek , gacor banget"
0,"pertanyaan dan jawaban mengkhawatirkan,"
0,​ @AnggoroDps_9 ayo jelasin jangan ngilang lau
0,"Espro sejarah brand lokal, go to Pildun  
Amiin ...👀🇲🇨👍"
0,"selama bukan samsung atau iphone, gak ada nilainya di mata gw"
0,Seru liat komennya 😂
1,emang gak se-transparan alexis17 deh .
0,Ko tiba2 likenya banyak? hahahaha
1,"Sumpah, baru pertama maen udh hoki"
1,"biar gaya , cuan pu lau tujuh tujuh tujuh ."
0,Heleh gak modif
0,Kepikiran juga sama pak ahok pakai pembukaan scholar mate😂
1,"modal receh makswin , gg sih"
0,kudos bang
1,emang gak se-legit alexis17 sih .
1,kebangkitan cuan 𝐒𝐆𝐈𝟖𝟖
0,Brziko kalah ganteng sih 🎉
1,sehat salam 𝗪𝗘𝗧𝗢𝗡𝟴𝟴 gampang jepe
0,menyalawa wii
0,Ini mana tombol dislikenya cokkkk
1,Gak perlu modal banyak buat sukses di ALEXIS⭐17⭐.
1,gue rela gak beli sepatu nabung alexis17 .
0,Saya pikir ini bukan dialog tapi monolog.
0,Soft selling yg engga soft soft amat
0,Makin nyata OMON OMON nya
0,tinggal naikin gain audio pas ngedit aja kok bang pandji
0, @Kinggba  emang buzzer dia.
1,"Modal kecil, hasil melimpah, pastinya hanya di M𝗮𝘯𝐝𝗮𝑙𝗶𝒌𝐚𝟟𝟳!"
0,SOLID SOLID 💪🇮🇩🇮🇩
0,Ngebantah dengan cerita 😅​ @jerryklisman 
0,"jangan woyyy, nanti malah semakin dicecer wkwkwoo"
1,"main 𝐷𝐎𝑅𝐀 77 bikin rezeki , langsung gacir !"
0,100 orang terlambat 👇
1,"Udah WD 5 juta, emang terbaik 𝔭𝔲𝔩𝔞𝔲𝟽𝟽𝟽."
0,jogetin dulu dong!
0,aroma rallynya kental banget
1,anjayy ga nyangka gua maxwin dariga ruda-ho ki
0,"gokil banget, gua suka bgt sama video video di channel lu bang"
0,updateeeeee
0,Bole tapi harus bawa popok😂
0,ngomong kaya maba lagi presentasi
1,gue rela ninggalin hobi fokus alexis17 .
1,"sketer , auto wede"
0,Nyesel dukung nih presiden
0,"Layar buatan samsung ya ?
Berarti samsung lagi nyimak"
0,Makin makin nih hp 😂 makin nggak bisa kebeli😂
1,gk heran sih orang ngomongin 𝘼𝙇𝙀𝙓𝙄𝙎17
0,"Gas modifikasi motor ketua, keren kan 🔥🔥🔥"
1,"maen santai , jepe"
1,temen gue bilang alexis17 tuh bikin ketagihan !
0,JANGAN OMONGIN SESUATU YANG ANDA SENDIRI NGGAK NGERTI !!!!!!
1,"eh bro , alexis17 , event spesial nih , hadiahnya liburan negeri"
0,gak sesuai judul
1,"aktivitas , ｐｕｌａｕｗｉｎ pelarian asik ."
0,Next review s15 vr38 yg pke mesin r35
1,kalo pulauwin yg kasih duit
0,idaman sih
0,22:56 s2000 bg ridwan hanif
0,Setuju banget bang
0,KEREN BANGET YA ALLAH
0,Selamat menikmati 5 tahun kedepan 🎉
0,Semoga Indonesia kedepan bebas nepotisme
1,"sukses terimakasih wd besarnya λlexis17 ,"
1,𝘼 𝘌 𝐑 𝙊 8 𝟾memberikan kesempatan terhubung beragam orang .
0,Calon macan hutan 2029
0,Duhh motornyaa bang adete cakepp bgtt
1,engga sia sia aku nemuin ̠✌ 𝑨𝑳𝑬𝑿𝑰𝑺17  ✌】 gamenya terbaik.
1,modal 50 ribu jepe lgsng wede
0,Kok jadi dua orang yg gk marah2 ya 🤣🤣
0, @AndreGasukaNgutang anaknya Ahmad sahroni bang
1,tanggung ga ru da ho ki.udah bikin candu
1,Wajib coba! Main bareng ⚡ALEXIS17⚡ selalu seru!
1,"jepey 𝗪𝗘𝗧𝗢𝗡𝟴𝟴 , beneran !"
0,seneng banget gd gaji rajin upload❤❤
1,"rezeki henti d𝐸wа𝐃or𝐀 , makasih !"
0,Fokus baca komentar
0,"Entah lah bang, mau apa coba mereka menjabat 😅."
0,"Kasian mba najwa, dia yg bikin acara dia yg di potong potong 😂"
1,"bener-bener situs terpercaya , recommended"
0,Pengen ngeludah online
1,"P U L A U 7 7 7 juga seru banget, katanya banyak yang beruntung di sana!"
1,bonus 𝘼𝙇𝙀𝙓𝙄𝙎17 gokil sih ! .
1,"alexis'17 wedey gede , cma maen bentar"
1,"p​r​oses simpel , cs ​r​amah banget"
0,settingan para pengawalnya
1,weton88 is the best
1,"Rezeki dari A 𝙀 𝐑 𝘖 𝟴 𝟾-bikin hariku lebih menyenangkan, thank you! 🎳"
0,Mak nonton botak yang ini juga 😂😂😂
0,Pajak nya double ya mas
0,Iman naik Iwan 😅
1,malem gue nungguin update alexis17 .
1,Senang banget bisa dapet rezeki hari ini dari 𝘿E𝘞А𝘿О𝑅𝘼! 😆 😂
0,dengar kata 50jt langsung kabur dompet aing
0,Fee RIdwan hanif kali ini pasti menarik bgt
0,Crash ya bg 😢😢
1,"Sangat keren! Meraih kemenangan besar di ＭΛＮDALIKΛ𝟟𝟟,langsung berlibur ke luar negeri!"
1,"busyet , ngomongin 𝘼𝙇𝙀𝙓𝙄𝙎17 , ikutan kepo . banget !"
1,emang gak se-seru alexis17 sih .
0,Abis crash
0,𝐤𝐞𝐭𝐢𝐧𝐠𝐠𝐚𝐥𝐚𝐧 𝟒 𝐦𝐞𝐧𝐢𝐭
1,"sebulan main alexis17 , hidup gue berubah total !"
1,Sehat selalu semuanya salam dari 𝗪𝗘𝗧𝗢𝗡𝟴𝟴 gampang jepe
1,"jomblo , mending jadian ♛𝗔𝗦𝗜𝗔𝟵𝟵♛ . setia & ngasih cuan ."
1,gue sih udah ga heran kalo 𝘼𝙇𝙀𝙓𝙄𝙎17 trending medsos
0,Njir lah 3 jam cuma dengerin orang tua yapping
0, @asyariiiii  meong wkwkwkwkwk
0,Techno jg. buat 🎉
0,Huracan lbwk kahhhh?😂
0,InsyaAllah tidak akan kamu terpilih lagi
0,"Terima kasih, effort nya sungguh bermanfaat untuk memudahkan👍"
0,Nah. Ini kalimat yang tepat.
0,salfok sm mobil biru yg didalem 🤤
0,Ko bagusan mas ferry ya😂
0,Anytime baby😊
0,Nggak pantes buat dilihat
1,temen gue bilang alexis17 tuh bikin ketagihan !
0,Ndasmu gelapp
0,"Keren bangettt..,,,"
0,"Kaget ya bang, aku aja yg nonton kaget juga😂😂"
0,supersemar 1:48:36
0,malah di ingatin wkwk
0,"Iyaa..klo Abah Anies pastiI pinter jawab, tp​ cm omon2😂😂 @IsmailAdrian-f2e "
0,Lebih tertarik baca komentarnya netizen ya 😅 ada yang sama kah ?😊
0,12:15 bening mengkilat 😇
0,yaelah tong tong
